t,n,ji,jv,jw,f,fsp,perr,fr,busy,d,dmm,rpm,erpm,mi,ii,iv,rsp,lp,pmp,md,vok,flg,jir,jvr,dr,rt
1894530,17201,0.021,0.0001,0,1.92,-400,-390.01,-239585,0,1.7384,14.124,0,0,0,0,12,0,0,0,0,1,0,49461,2,34524,0
1894640,17202,0.004,0.0001,0,1.91,-400,-390.01,-239606,0,1.7382,14.119,0,0,0,0,12,0,0,0,0,1,0,49457,2,34520,0.11
1894750,17203,0.061,0.0001,0,1.9,-400,-390.01,-239615,0,1.7383,14.121,0,0,0,0,12,0,0,0,0,1,0,49471,2,34522,0.22
1894860,17204,-0.012,0.0001,0,1.83,-400,-390.01,-239680,0,1.7384,14.124,0,0,0,0,12,0,0,0,0,1,0,49453,2,34524,0.33
1894970,17205,-0.008,0.0001,0,1.87,-400,-390.01,-239616,0,1.7383,14.121,0,0,0,0,12,0,0,0,0,1,0,49454,2,34522,0.44
1895080,17206,0.004,0.0001,0,1.88,-400,-390.01,-239619,0,1.7383,14.12,0,0,0,0,12,0,0,0,0,1,0,49457,2,34521,0.55
1895190,17207,-0.016,0.0001,0,1.85,-400,-390.01,-239650,0,1.7385,14.127,0,0,0,0,12,0,0,0,0,1,0,49452,2,34526,0.66
1895300,17208,0,0.0001,0,1.82,-400,-390.01,-239671,0,1.7383,14.12,0,0,0,0,12,0,0,0,0,1,0,49456,2,34521,0.77
1895410,17209,0.004,0.0001,0,1.86,-400,-390.01,-239622,0,1.7386,14.128,0,0,0,0,12,0,0,0,0,1,0,49457,2,34527,0.88
1895520,17210,0.069,0.0001,0,1.81,-400,-390.01,-239681,0,1.7384,14.123,0,0,0,0,12,0,0,0,0,1,0,49473,2,34523,0.99
1895630,17211,-0.008,0.0001,0,1.77,-400,-390.01,-239707,0,1.7382,14.117,0,0,0,0,12,0,0,0,0,1,0,49454,2,34519,1.1
1895740,17212,-0.012,0.0001,0,1.81,-400,-390.01,-239659,0,1.7384,14.124,0,0,0,0,12,0,0,0,0,1,0,49453,2,34524,1.21
1895850,17213,-0.028,0.0001,0,1.8,-400,-390.01,-239678,0,1.7375,14.099,0,0,0,0,12,0,0,0,0,1,0,49449,2,34506,1.32
1895960,17214,-0.028,0.0001,0,1.75,-400,-390.01,-239720,0,1.7384,14.123,0,0,0,0,12,0,0,0,0,1,0,49449,2,34523,1.43
1896070,17215,-0.02,0.0001,0,1.82,-400,-390.01,-239640,0,1.7381,14.114,0,0,0,0,12,0,0,0,0,1,0,49451,2,34517,1.54
1896180,17216,0.017,0.0001,0,1.88,-400,-390.01,-239607,0,1.7384,14.124,0,0,0,0,12,0,0,0,0,1,0,49460,2,34524,1.65
1896290,17217,0.008,0.0001,0,1.86,-400,-390.01,-239640,0,1.7383,14.121,0,0,0,0,12,0,0,0,0,1,0,49458,2,34522,1.76
1896400,17218,-0.004,0.0001,0,1.82,-400,-390.01,-239675,0,1.7384,14.123,0,0,0,0,12,0,0,0,0,1,0,49455,2,34523,1.87
1896510,17219,-0.032,0.0001,0,1.84,-400,-390.01,-239649,0,1.7383,14.121,0,0,0,0,12,0,0,0,0,1,0,49448,2,34522,1.98
1896620,17220,0.004,0.0001,0,1.8,-400,-390.01,-239682,0,1.7383,14.12,0,0,0,0,12,0,0,0,0,1,0,49457,2,34521,2.09
1896730,17221,-0.004,0.0001,0,1.84,-400,-390.01,-239642,0,1.7385,14.126,0,0,0,0,12,0,0,0,0,1,0,49455,2,34525,2.2
1896840,17222,0.025,0.0001,0,1.83,-400,-390.01,-239655,0,1.7381,14.116,0,0,0,0,12,0,0,0,0,1,0,49462,2,34518,2.31
1896950,17223,0.081,0.0001,0,1.79,-400,-390.01,-239694,0,1.7386,14.128,0,0,0,0,12,0,0,0,0,1,0,49476,2,34527,2.42
1897060,17224,0.021,0.0001,0,1.76,-400,-390.01,-239712,0,1.7384,14.123,0,0,0,0,12,0,0,0,0,1,0,49461,2,34523,2.53
1897170,17225,-0.008,0.0001,0,1.8,-400,-390.01,-239662,0,1.7385,14.126,0,0,0,0,12,0,0,0,0,1,0,49454,2,34525,2.64
1897280,17226,0.069,0.0001,0,1.78,-400,-390.01,-239700,0,1.7383,14.121,0,0,0,0,12,0,0,0,0,1,0,49473,2,34522,2.75
1897390,17227,-0.016,0.0001,0,1.78,-400,-390.01,-239686,0,1.738,14.113,0,0,0,0,12,0,0,0,0,1,0,49452,2,34516,2.86
1897500,17228,0.021,0.0001,0,1.79,-400,-390.01,-239684,0,1.7383,14.121,0,0,0,0,12,0,0,0,0,1,0,49461,2,34522,2.97
1897610,17229,-0.056,0.0001,0,1.83,-400,-390.01,-239648,0,1.7384,14.123,0,0,0,0,12,0,0,0,0,1,0,49442,2,34523,3.08
1897720,17230,0,0.0001,0,1.78,-400,-390.01,-239701,0,1.7384,14.123,0,0,0,0,12,0,0,0,0,1,0,49456,2,34523,3.19
1897830,17231,0.053,0.0001,0,1.83,-400,-390.01,-239643,0,1.7384,14.124,0,0,0,0,12,0,0,0,0,1,0,49469,2,34524,3.3
1897940,17232,0,0.0001,0,1.83,-400,-390.01,-239652,0,1.7386,14.128,0,0,0,0,12,0,0,0,0,1,0,49456,2,34527,3.41
1898050,17233,-0.032,0.0001,0,1.81,-400,-390.01,-239678,0,1.7384,14.124,0,0,0,0,12,0,0,0,0,1,0,49448,2,34524,3.52
1898160,17234,0.004,0.0001,0,1.83,-400,-390.01,-239655,0,1.7378,14.106,0,0,0,0,12,0,0,0,0,1,0,49457,2,34511,3.63
1898270,17235,0.012,0.0001,0,1.83,-400,-390.01,-239654,0,1.7384,14.124,0,0,0,0,12,0,0,0,0,1,0,49459,2,34524,3.74
1898380,17236,0.008,0.0001,0,1.83,-400,-390.01,-239660,0,1.7384,14.123,0,0,0,0,12,0,0,0,0,1,0,49458,2,34523,3.85
1898490,17237,0,0.0001,0,1.84,-400,-390.01,-239649,0,1.7384,14.123,0,0,0,0,12,0,0,0,0,1,0,49456,2,34523,3.96
1898600,17238,-0.02,0.0001,0,1.83,-400,-390.01,-239658,0,1.7384,14.123,0,0,0,0,12,0,0,0,0,1,0,49451,2,34523,4.07
1898710,17239,0.033,0.0001,0,1.78,-400,-390.01,-239702,0,1.7385,14.126,0,0,0,0,12,0,0,0,0,1,0,49464,2,34525,4.18
1898820,17240,0.008,0.0001,0,1.76,-400,-390.01,-239709,0,1.7385,14.127,0,0,0,0,12,0,0,0,0,1,0,49458,2,34526,4.29
1898930,17241,0.017,0.0001,0,1.78,-400,-390.01,-239688,0,1.7382,14.117,0,0,0,0,12,0,0,0,0,1,0,49460,2,34519,4.4
1899040,17242,0.021,0.0001,0,1.8,-400,-390.01,-239669,0,1.7384,14.123,0,0,0,0,12,0,0,0,0,1,0,49461,2,34523,4.51
1899150,17243,0.033,0.0001,0,1.8,-400,-390.01,-239672,0,1.7381,14.116,0,0,0,0,12,0,0,0,0,1,0,49464,2,34518,4.62
1899260,17244,-0.008,0.0001,0,1.85,-400,-390.01,-239628,0,1.7383,14.121,0,0,0,0,12,0,0,0,0,1,0,49454,2,34522,4.73
1899370,17245,0.029,0.0001,0,1.84,-400,-390.01,-239652,0,1.7383,14.12,0,0,0,0,12,0,0,0,0,1,0,49463,2,34521,4.84
1899480,17246,-0.032,0.0001,0,1.76,-400,-390.01,-239722,0,1.7382,14.117,0,0,0,0,12,0,0,0,0,1,0,49448,2,34519,4.95
1899590,17247,0.029,0.0001,0,1.74,-400,-390.01,-239722,0,1.7384,14.124,0,0,0,0,12,0,0,0,0,1,0,49463,2,34524,5.06
1899700,17248,0.004,0.0001,0,1.75,-400,-390.01,-239705,0,1.7385,14.126,0,0,0,0,12,0,0,0,0,1,0,49457,2,34525,5.17
1899810,17249,-0.056,0.0001,0,1.79,-400,-390.01,-239672,0,1.7383,14.121,0,0,0,0,12,0,0,0,0,1,0,49442,2,34522,5.28
1899920,17250,0,0.0001,0,1.8,-400,-390.01,-239672,0,1.7384,14.123,0,0,0,0,12,0,0,0,0,1,0,49456,2,34523,5.39
1900030,17251,0.012,0.0001,0,1.81,-400,-390.01,-239669,0,1.7381,14.114,0,0,0,0,12,0,0,0,0,1,0,49459,2,34517,5.5
1900140,17252,0.029,0.0001,0,1.83,-400,-390.01,-239647,0,1.7386,14.128,0,0,0,0,12,0,0,0,0,1,0,49463,2,34527,5.61
1900250,17253,-0.032,0.0001,0,1.85,-400,-390.01,-239642,0,1.7382,14.119,0,0,0,0,12,0,0,0,0,1,0,49448,2,34520,5.72
1900360,17254,-0.024,0.0001,0,1.8,-400,-390.01,-239691,0,1.7383,14.121,0,0,0,0,12,0,0,0,0,1,0,49450,2,34522,5.83
1900470,17255,0.053,0.0001,0,1.75,-400,-390.01,-239726,0,1.7383,14.12,0,0,0,0,12,0,0,0,0,1,0,49469,2,34521,5.94
1900580,17256,-0.004,0.0001,0,1.8,-400,-390.01,-239658,0,1.7381,14.116,0,0,0,0,12,0,0,0,0,1,0,49455,2,34518,6.05
1900690,17257,0.057,0.0001,0,1.8,-400,-390.01,-239678,0,1.7383,14.12,0,0,0,0,12,0,0,0,0,1,0,49470,2,34521,6.16
1900800,17258,0,0.0001,0,1.81,-400,-390.01,-239667,0,1.7383,14.121,0,0,0,0,12,0,0,0,0,1,0,49456,2,34522,6.27
1900910,17259,0.029,0.0001,0,1.82,-400,-390.01,-239658,0,1.7383,14.121,0,0,0,0,12,0,0,0,0,1,0,49463,2,34522,6.38
1901020,17260,-0.024,0.0001,0,1.76,-400,-390.01,-239716,0,1.7383,14.121,0,0,0,0,12,0,0,0,0,1,0,49450,2,34522,6.49
1901130,17261,0.004,0.0001,0,1.81,-400,-390.01,-239655,0,1.738,14.111,0,0,0,0,12,0,0,0,0,1,0,49457,2,34515,6.6
1901240,17262,0.025,0.0001,0,1.81,-400,-390.01,-239670,0,1.7385,14.126,0,0,0,0,12,0,0,0,0,1,0,49462,2,34525,6.71
1901350,17263,0.053,0.0002,0,1.84,-400,-390.01,-239638,0,1.7379,14.11,0,0,0,0,12,0,0,0,0,1,0,49469,3,34514,6.82
1901460,17264,-0.036,0.0001,0,1.9,-400,-390.01,-239598,0,1.7385,14.126,0,0,0,0,12,0,0,0,0,1,0,49447,2,34525,6.93
1901570,17265,-0.036,0.0001,0,1.88,-400,-390.01,-239632,0,1.7381,14.114,0,0,0,0,12,0,0,0,0,1,0,49447,2,34517,7.04
1901680,17266,0.012,0.0001,0,1.82,-400,-390.01,-239677,0,1.7382,14.117,0,0,0,0,12,0,0,0,0,1,0,49459,2,34519,7.15
1901790,17267,0.057,0.0001,0,1.81,-400,-390.01,-239671,0,1.7385,14.126,0,0,0,0,12,0,0,0,0,1,0,49470,2,34525,7.26
1901900,17268,-0.012,0.0001,0,1.81,-400,-390.01,-239673,0,1.7383,14.12,0,0,0,0,12.1,0,0,0,0,1,0,49453,2,34521,7.37
1902010,17269,-0.02,0.0001,0,1.85,-400,-390.01,-239634,0,1.7384,14.124,0,0,0,0,12,0,0,0,0,1,0,49451,2,34524,7.48
1902120,17270,0.069,0.0001,0,1.85,-400,-390.01,-239641,0,1.7384,14.124,0,0,0,0,12,0,0,0,0,1,0,49473,2,34524,7.59
1902230,17271,0.008,0.0001,0,1.86,-400,-390.01,-239634,0,1.7383,14.12,0,0,0,0,12,0,0,0,0,1,0,49458,2,34521,7.7
1902340,17272,0.008,0.0001,0,1.77,-400,-390.01,-239721,0,1.7383,14.12,0,0,0,0,12,0,0,0,0,1,0,49458,2,34521,7.81
1902450,17273,0.012,0.0001,0,1.8,-400,-390.01,-239667,0,1.7383,14.12,0,0,0,0,12,0,0,0,0,1,0,49459,2,34521,7.92
1902560,17274,0.037,0.0001,0,1.82,-400,-390.01,-239658,0,1.7385,14.126,0,0,0,0,12,0,0,0,0,1,0,49465,2,34525,8.03
1902670,17275,-0.048,0.0001,0,1.78,-400,-390.01,-239700,0,1.7381,14.116,0,0,0,0,12,0,0,0,0,1,0,49444,2,34518,8.14
1902780,17276,0.049,0.0001,0,1.76,-400,-390.01,-239711,0,1.7381,14.114,0,0,0,0,12,0,0,0,0,1,0,49468,2,34517,8.25
1902890,17277,0.017,0.0001,0,1.74,-400,-390.01,-239717,0,1.7386,14.128,0,0,0,0,12,0,0,0,0,1,0,49460,2,34527,8.36
1903000,17278,0.008,0.0001,0,1.84,-400,-390.01,-239626,0,1.7381,14.116,0,0,0,0,12,0,0,0,0,1,0,49458,2,34518,8.47
1903110,17279,-0.008,0.0001,0,1.75,-400,-390.01,-239730,0,1.7386,14.128,0,0,0,0,12,0,0,0,0,1,0,49454,2,34527,8.58
1903220,17280,0.004,0.0001,0,1.7,-400,-390.01,-239752,0,1.738,14.113,0,0,0,0,12.1,0,0,0,0,1,0,49457,2,34516,8.69
1903330,17281,0.008,0.0001,0,1.79,-400,-390.01,-239660,0,1.7383,14.12,0,0,0,0,12.1,0,0,0,0,1,0,49458,2,34521,8.8
1903440,17282,0.069,0.0001,0,1.79,-400,-390.01,-239681,0,1.7386,14.128,0,0,0,0,12,0,0,0,0,1,0,49473,2,34527,8.91
1903550,17283,0.041,0.0001,0,1.81,-400,-390.01,-239669,0,1.7381,14.116,0,0,0,0,12,0,0,0,0,1,0,49466,2,34518,9.02
1903660,17284,0.025,0.0001,0,1.79,-400,-390.01,-239690,0,1.7383,14.12,0,0,0,0,12,0,0,0,0,1,0,49462,2,34521,9.13
1903770,17285,0.012,0.0001,0,1.74,-400,-390.01,-239730,0,1.7383,14.12,0,0,0,0,12,0,0,0,0,1,0,49459,2,34521,9.24
1903880,17286,0.069,0.0001,0,1.75,-400,-390.01,-239702,0,1.7384,14.124,0,0,0,0,12,0,0,0,0,1,0,49473,2,34524,9.35
1903990,17287,-0.048,0.0001,0,1.8,-400,-390.01,-239667,0,1.7384,14.124,0,0,0,0,12,0,0,0,0,1,0,49444,2,34524,9.46
1904100,17288,0.041,0.0001,0,1.74,-400,-390.01,-239735,0,1.7384,14.123,0,0,0,0,12,0,0,0,0,1,0,49466,2,34523,9.57
1904210,17289,-0.036,0.0001,0,1.71,-400,-390.01,-239739,0,1.7384,14.123,0,0,0,0,12,0,0,0,0,1,0,49447,2,34523,9.68
1904320,17290,-0.008,0.0001,0,1.74,-400,-390.01,-239705,0,1.7384,14.123,0,0,0,0,12,0,0,0,0,1,0,49454,2,34523,9.79
1904430,17291,-0.032,0.0001,0,1.74,-400,-390.01,-239719,0,1.7383,14.12,0,0,0,0,12,0,0,0,0,1,0,49448,2,34521,9.9
1904540,17292,0.004,0.0001,0,1.75,-400,-390.01,-239702,0,1.7385,14.126,0,0,0,0,12,0,0,0,0,1,0,49457,2,34525,10.01
1904650,17293,0.008,0.0001,0,1.78,-400,-390.01,-239678,0,1.7384,14.124,0,0,0,0,12,0,0,0,0,1,0,49458,2,34524,10.12
1904760,17294,-0.008,0.0001,0,1.78,-400,-390.01,-239694,0,1.7385,14.126,0,0,0,0,12,0,0,0,0,1,0,49454,2,34525,10.23
1904870,17295,0.025,0.0001,0,1.76,-400,-390.01,-239710,0,1.7382,14.119,0,0,0,0,12,0,0,0,0,1,0,49462,2,34520,10.34
1904980,17296,-0.016,0.0001,0,1.78,-400,-390.01,-239687,0,1.7381,14.116,0,0,0,0,12,0,0,0,0,1,0,49452,2,34518,10.45
1905090,17297,-0.048,0.0001,0,1.76,-400,-390.01,-239708,0,1.7385,14.126,0,0,0,0,12,0,0,0,0,1,0,49444,2,34525,10.56
1905200,17298,-0.04,0.0001,0,1.73,-400,-390.01,-239728,0,1.7382,14.119,0,0,0,0,12,0,0,0,0,1,0,49446,2,34520,10.67
1905310,17299,-0.008,0.0001,0,1.67,-400,-390.01,-239778,0,1.7384,14.123,0,0,0,0,12,0,0,0,0,1,0,49454,2,34523,10.78
1905420,17300,-0.004,0.0001,0,1.69,-400,-390.01,-239746,0,1.7384,14.124,0,0,0,0,12,0,0,0,0,1,0,49455,2,34524,10.89
1905530,17301,0.008,0.0001,0,1.67,-400,-390.01,-239766,0,1.7381,14.114,0,0,0,0,12,0,0,0,0,1,0,49458,2,34517,11
1905640,17302,0.025,0.0001,0,1.64,-400,-390.01,-239788,0,1.7385,14.126,0,0,0,0,12,0,0,0,0,1,0,49462,2,34525,11.11
1905750,17303,-0.084,0.0001,0,1.61,-400,-390.01,-239807,0,1.7384,14.123,0,0,0,0,12,0,0,0,0,1,0,49435,2,34523,11.22
1905860,17304,-0.024,0.0001,0,1.57,-400,-390.01,-239838,0,1.7383,14.121,0,0,0,0,12,0,0,0,0,1,0,49450,2,34522,11.33
1905970,17305,0.033,0.0001,0,1.66,-400,-390.01,-239743,0,1.7383,14.12,0,0,0,0,12,0,0,0,0,1,0,49464,2,34521,11.44
1906080,17306,0.025,0.0001,0,1.64,-400,-390.01,-239786,0,1.7384,14.124,0,0,0,0,12,0,0,0,0,1,0,49462,2,34524,11.55
1906190,17307,-0.02,0.0001,0,1.63,-400,-390.01,-239792,0,1.7382,14.119,0,0,0,0,12,0,0,0,0,1,0,49451,2,34520,11.66
1906300,17308,0.021,0.0001,0,1.68,-400,-390.01,-239744,0,1.7383,14.121,0,0,0,0,12,0,0,0,0,1,0,49461,2,34522,11.77
1906410,17309,0.033,0.0001,0,1.73,-400,-390.01,-239702,0,1.7383,14.12,0,0,0,0,12,0,0,0,0,1,0,49464,2,34521,11.88
1906520,17310,0.004,0.0001,0,1.67,-400,-390.01,-239782,0,1.7384,14.124,0,0,0,0,12,0,0,0,0,1,0,49457,2,34524,11.99
1906630,17311,0,0.0001,0,1.63,-400,-390.01,-239793,0,1.738,14.113,0,0,0,0,12,0,0,0,0,1,0,49456,2,34516,12.1
1906740,17312,0.041,0.0001,0,1.57,-400,-390.01,-239843,0,1.7384,14.124,0,0,0,0,12,0,0,0,0,1,0,49466,2,34524,12.21
1906850,17313,0.004,0.0001,0,1.53,-400,-390.01,-239859,0,1.7384,14.123,0,0,0,0,12,0,0,0,0,1,0,49457,2,34523,12.32
1906960,17314,0.041,0.0001,0,1.56,-400,-390.01,-239829,0,1.7383,14.12,0,0,0,0,12,0,0,0,0,1,0,49466,2,34521,12.43
1907070,17315,0,0.0001,0,1.55,-400,-390.01,-239845,0,1.7382,14.119,0,0,0,0,12,0,0,0,0,1,0,49456,2,34520,12.54
1907180,17316,0.037,0.0001,0,1.53,-400,-390.01,-239858,0,1.7385,14.126,0,0,0,0,12,0,0,0,0,1,0,49465,2,34525,12.65
1907290,17317,0,0.0001,0,1.56,-400,-390.01,-239823,0,1.7383,14.121,0,0,0,0,12,0,0,0,0,1,0,49456,2,34522,12.76
1907400,17318,-0.028,0.0001,0,1.48,-400,-390.01,-239905,0,1.7383,14.12,0,0,0,0,12,0,0,0,0,1,0,49449,2,34521,12.87
1907510,17319,0.029,0.0001,0,1.41,-400,-390.01,-239952,0,1.7384,14.124,0,0,0,0,12,0,0,0,0,1,0,49463,2,34524,12.98
1907620,17320,-0.024,0.0001,0,1.41,-400,-390.01,-239928,0,1.738,14.113,0,0,0,0,12,0,0,0,0,1,0,49450,2,34516,13.09
1907730,17321,0.033,0.0001,0,1.46,-400,-390.01,-239885,0,1.7383,14.121,0,0,0,0,12,0,0,0,0,1,0,49464,2,34522,13.2
1907840,17322,-0.016,0.0001,0,1.55,-400,-390.01,-239816,0,1.7382,14.119,0,0,0,0,12.1,0,0,0,0,1,0,49452,2,34520,13.31
1907950,17323,-0.016,0.0001,0,1.5,-400,-390.01,-239889,0,1.7382,14.119,0,0,0,0,12,0,0,0,0,1,0,49452,2,34520,13.42
1908060,17324,-0.004,0.0001,0,1.45,-400,-390.01,-239915,0,1.7385,14.127,0,0,0,0,12,0,0,0,0,1,0,49455,2,34526,13.53
1908170,17325,-0.072,0.0001,0,1.52,-400,-390.01,-239842,0,1.738,14.113,0,0,0,0,12,0,0,0,0,1,0,49438,2,34516,13.64
1908280,17326,0.021,0.0001,0,1.54,-400,-390.01,-239838,0,1.7382,14.117,0,0,0,0,12,0,0,0,0,1,0,49461,2,34519,13.75
1908390,17327,-0.008,0.0001,0,1.4,-400,-390.01,-239975,0,1.7384,14.124,0,0,0,0,12,0,0,0,0,1,0,49454,2,34524,13.86
1908500,17328,0.021,0.0001,0,1.42,-400,-390.01,-239921,0,1.7383,14.121,0,0,0,0,12,0,0,0,0,1,0,49461,2,34522,13.97
1908610,17329,-0.012,0.0001,0,1.48,-400,-390.01,-239871,0,1.7385,14.127,0,0,0,0,12,0,0,0,0,1,0,49453,2,34526,14.08
1908720,17330,0.041,0.0001,0,1.51,-400,-390.01,-239858,0,1.738,14.111,0,0,0,0,12,0,0,0,0,1,0,49466,2,34515,14.19
1908830,17331,0.012,0.0001,0,1.47,-400,-390.01,-239898,0,1.7383,14.121,0,0,0,0,12,0,0,0,0,1,0,49459,2,34522,14.3
1908940,17332,-0.008,0.0001,0,1.41,-400,-390.01,-239950,0,1.7378,14.107,0,0,0,0,12,0,0,0,0,1,0,49454,2,34512,14.41
1909050,17333,0.045,0.0001,0,1.34,-400,-390.01,-239998,0,1.7385,14.126,0,0,0,0,12,0,0,0,0,1,0,49467,2,34525,14.52
1909160,17334,0.029,0.0001,0,1.38,-400,-390.01,-239938,0,1.738,14.111,0,0,0,0,12,0,0,0,0,1,0,49463,2,34515,14.63
1909270,17335,-0.068,0.0001,0,1.39,-400,-390.01,-239938,0,1.7383,14.121,0,0,0,0,12,0,0,0,0,1,0,49439,2,34522,14.74
1909380,17336,-0.02,0.0001,0,1.34,-400,-390.01,-239995,0,1.7384,14.123,0,0,0,0,12,0,0,0,0,1,0,49451,2,34523,14.85
1909490,17337,-0.024,0.0001,0,1.28,-400,-390.01,-240027,0,1.7383,14.121,0,0,0,0,12,0,0,0,0,1,0,49450,2,34522,14.96
1909600,17338,0.017,0.0001,0,1.25,-400,-390.01,-240048,0,1.7384,14.124,0,0,0,0,12,0,0,0,0,1,0,49460,2,34524,15.07
1909710,17339,0.025,0.0001,0,1.28,-400,-390.01,-240005,0,1.7385,14.126,0,0,0,0,12,0,0,0,0,1,0,49462,2,34525,15.18
1909820,17340,0.012,0.0001,0,1.19,-400,-390.01,-240095,0,1.7385,14.126,0,0,0,0,12,0,0,0,0,1,0,49459,2,34525,15.29
1909930,17341,-0.016,0.0001,0,1.18,-400,-390.01,-240083,0,1.7384,14.124,0,0,0,0,12,0,0,0,0,1,0,49452,2,34524,15.4
1910040,17342,0.008,0.0001,0,1.15,-400,-390.01,-240104,0,1.7384,14.123,0,0,0,0,12,0,0,0,0,1,0,49458,2,34523,15.51
1910150,17343,0,0.0001,0,1.15,-400,-390.01,-240099,0,1.7381,14.116,0,0,0,0,12,0,0,0,0,1,0,49456,2,34518,15.62
1910260,17344,0.008,0.0001,0,1.12,-400,-390.01,-240130,0,1.7384,14.123,0,0,0,0,12,0,0,0,0,1,0,49458,2,34523,15.73
1910370,17345,-0.044,0.0001,0,1.13,-400,-390.01,-240110,0,1.7383,14.121,0,0,0,0,12,0,0,0,0,1,0,49445,2,34522,15.84
1910480,17346,-0.02,0.0001,0,1.13,-400,-390.01,-240114,0,1.7382,14.119,0,0,0,0,12,0,0,0,0,1,0,49451,2,34520,15.95
1910590,17347,-0.012,0.0001,0,1.07,-400,-390.01,-240172,0,1.7385,14.126,0,0,0,0,12,0,0,0,0,1,0,49453,2,34525,16.06
1910700,17348,-0.04,0.0001,0,1.05,-400,-390.01,-240167,0,1.7385,14.127,0,0,0,0,12,0,0,0,0,1,0,49446,2,34526,16.17
1910810,17349,-0.024,0.0001,0,1.15,-400,-390.01,-240070,0,1.7382,14.117,0,0,0,0,12,0,0,0,0,1,0,49450,2,34519,16.28
1910920,17350,-0.04,0.0001,0,1.16,-400,-390.01,-240092,0,1.7383,14.12,0,0,0,0,12,0,0,0,0,1,0,49446,2,34521,16.39
1911030,17351,0.033,0.0001,0,1.1,-400,-390.01,-240150,0,1.7385,14.126,0,0,0,0,12,0,0,0,0,1,0,49464,2,34525,16.5
1911140,17352,0.025,0.0001,0,1.1,-400,-390.01,-240135,0,1.7384,14.124,0,0,0,0,12,0,0,0,0,1,0,49462,2,34524,16.61
1911250,17353,-0.064,0.0001,0,1.15,-400,-390.01,-240081,0,1.7382,14.119,0,0,0,0,12,0,0,0,0,1,0,49440,2,34520,16.72
1911360,17354,-0.004,0.0001,0,1.17,-400,-390.01,-240078,0,1.7383,14.121,0,0,0,0,12,0,0,0,0,1,0,49455,2,34522,16.83
1911470,17355,-0.02,0.0001,0,1.16,-400,-390.01,-240095,0,1.7382,14.117,0,0,0,0,12,0,0,0,0,1,0,49451,2,34519,16.94
1911580,17356,0.053,0.0002,0,1.17,-400,-390.01,-240085,0,1.7384,14.123,0,0,0,0,12,0,0,0,0,1,0,49469,3,34523,17.05
1911690,17357,0.021,0.0001,0,1.09,-400,-390.01,-240161,0,1.7384,14.124,0,0,0,0,12,0,0,0,0,1,0,49461,2,34524,17.16
1911800,17358,0.004,0.0001,0,1.08,-400,-390.01,-240147,0,1.7383,14.12,0,0,0,0,12,0,0,0,0,1,0,49457,2,34521,17.27
1911910,17359,-0.012,0.0001,0,1.06,-400,-390.01,-240168,0,1.7385,14.126,0,0,0,0,12,0,0,0,0,1,0,49453,2,34525,17.38
1912020,17360,0.025,0.0001,0,1.09,-400,-390.01,-240133,0,1.7384,14.124,0,0,0,0,12,0,0,0,0,1,0,49462,2,34524,17.49
1912130,17361,0,0.0001,0,1.16,-400,-390.01,-240074,0,1.7383,14.12,0,0,0,0,12,0,0,0,0,1,0,49456,2,34521,17.6
1912240,17362,0.008,0.0001,0,1.11,-400,-390.01,-240135,0,1.7384,14.123,0,0,0,0,12,0,0,0,0,1,0,49458,2,34523,17.71
1912350,17363,0.012,0.0001,0,1.06,-400,-390.01,-240170,0,1.7385,14.126,0,0,0,0,12,0,0,0,0,1,0,49459,2,34525,17.82
1912460,17364,-0.056,0.0001,0,1.03,-400,-390.01,-240192,0,1.7384,14.124,0,0,0,0,12,0,0,0,0,1,0,49442,2,34524,17.93
1912570,17365,0.017,0.0001,0,1.08,-400,-390.01,-240128,0,1.7383,14.121,0,0,0,0,12,0,0,0,0,1,0,49460,2,34522,18.04
1912680,17366,-0.02,0.0001,0,1.01,-400,-390.01,-240208,0,1.7384,14.124,0,0,0,0,12,0,0,0,0,1,0,49451,2,34524,18.15
1912790,17367,-0.048,0.0001,0,1.03,-400,-390.01,-240175,0,1.7379,14.11,0,0,0,0,12,0,0,0,0,1,0,49444,2,34514,18.26
1912900,17368,-0.044,0.0001,0,1.05,-400,-390.01,-240162,0,1.7382,14.119,0,0,0,0,12,0,0,0,0,1,0,49445,2,34520,18.37
1913010,17369,-0.028,0.0002,0,1.05,-400,-390.01,-240164,0,1.7384,14.123,0,0,0,0,12,0,0,0,0,1,0,49449,3,34523,18.48
1913120,17370,-0.036,0.0001,0,1.04,-400,-390.01,-240170,0,1.7385,14.127,0,0,0,0,12,0,0,0,0,1,0,49447,2,34526,18.59
1913230,17371,-0.036,0.0001,0,1.09,-400,-390.01,-240129,0,1.7384,14.123,0,0,0,0,12,0,0,0,0,1,0,49447,2,34523,18.7
1913340,17372,-0.052,0.0001,0,1.12,-400,-390.01,-240113,0,1.7381,14.114,0,0,0,0,12,0,0,0,0,1,0,49443,2,34517,18.81
1913450,17373,0.004,0.0001,0,1.11,-400,-390.01,-240129,0,1.7384,14.123,0,0,0,0,12,0,0,0,0,1,0,49457,2,34523,18.92
1913560,17374,-0.052,0.0001,0,1.11,-400,-390.01,-240127,0,1.7385,14.127,0,0,0,0,12,0,0,0,0,1,0,49443,2,34526,19.03
1913670,17375,0.017,0.0001,0,1.08,-400,-390.01,-240153,0,1.7385,14.126,0,0,0,0,12,0,0,0,0,1,0,49460,2,34525,19.14
1913780,17376,-0.064,0.0001,0,1.04,-400,-390.01,-240179,0,1.7381,14.116,0,0,0,0,12,0,0,0,0,1,0,49440,2,34518,19.25
1913890,17377,0.025,0.0001,0,1.06,-400,-390.01,-240155,0,1.7385,14.127,0,0,0,0,12,0,0,0,0,1,0,49462,2,34526,19.36
1914000,17378,0.008,0.0001,0,1.06,-400,-390.01,-240154,0,1.7383,14.12,0,0,0,0,12,0,0,0,0,1,0,49458,2,34521,19.47
1914110,17379,-0.008,0.0001,0,1.09,-400,-390.01,-240127,0,1.7384,14.124,0,0,0,0,12,0,0,0,0,1,0,49454,2,34524,19.58
1914220,17380,-0.032,0.0001,0,0.98,-400,-390.01,-240239,0,1.7384,14.123,0,0,0,0,12,0,0,0,0,1,0,49448,2,34523,19.69
1914330,17381,-0.044,0.0001,0,1,-400,-390.01,-240197,0,1.7383,14.12,0,0,0,0,12.1,0,0,0,0,1,0,49445,2,34521,19.8
1914440,17382,-0.02,0.0001,0,1.01,-400,-390.01,-240189,0,1.7383,14.12,0,0,0,0,12,0,0,0,0,1,0,49451,2,34521,19.91
1914550,17383,0.021,0.0001,0,1.04,-400,-390.01,-240158,0,1.7382,14.117,0,0,0,0,12,0,0,0,0,1,0,49461,2,34519,20.02
1914660,17384,0.012,0.0001,0,1.05,-400,-390.01,-240162,0,1.738,14.111,0,0,0,0,12,0,0,0,0,1,0,49459,2,34515,20.13
1914770,17385,0.049,0.0001,0,1.05,-400,-390.01,-240163,0,1.7383,14.121,0,0,0,0,12,0,0,0,0,1,0,49468,2,34522,20.24
1914880,17386,-0.02,0.0001,0,0.99,-400,-390.01,-240223,0,1.7382,14.119,0,0,0,0,12,0,0,0,0,1,0,49451,2,34520,20.35
1914990,17387,-0.072,0.0001,0,1.01,-400,-390.01,-240188,0,1.7384,14.124,0,0,0,0,12,0,0,0,0,1,0,49438,2,34524,20.46
1915100,17388,-0.044,0.0001,0,0.96,-400,-390.01,-240237,0,1.7383,14.12,0,0,0,0,12,0,0,0,0,1,0,49445,2,34521,20.57
1915210,17389,0.025,0.0001,0,1,-400,-390.01,-240182,0,1.7384,14.124,0,0,0,0,12,0,0,0,0,1,0,49462,2,34524,20.68
1915320,17390,-0.028,0.0001,0,1.01,-400,-390.01,-240192,0,1.7382,14.117,0,0,0,0,12,0,0,0,0,1,0,49449,2,34519,20.79
1915430,17391,-0.012,0.0001,0,1.05,-400,-390.01,-240152,0,1.7383,14.121,0,0,0,0,12,0,0,0,0,1,0,49453,2,34522,20.9
1915540,17392,0.049,0.0001,0,1.11,-400,-390.01,-240106,0,1.7384,14.124,0,0,0,0,12,0,0,0,0,1,0,49468,2,34524,21.01
1915650,17393,0.008,0.0001,0,0.97,-400,-390.01,-240261,0,1.7386,14.128,0,0,0,0,12,0,0,0,0,1,0,49458,2,34527,21.12
1915760,17394,0.045,0.0001,0,0.92,-400,-390.01,-240266,0,1.7383,14.12,0,0,0,0,12,0,0,0,0,1,0,49467,2,34521,21.23
1915870,17395,-0.012,0.0001,0,0.96,-400,-390.01,-240209,0,1.7384,14.123,0,0,0,0,12,0,0,0,0,1,0,49453,2,34523,21.34
1915980,17396,0.049,0.0001,0,1.02,-400,-390.01,-240168,0,1.7384,14.124,0,0,0,0,12,0,0,0,0,1,0,49468,2,34524,21.45
1916090,17397,0,0.0001,0,0.97,-400,-390.01,-240228,0,1.7382,14.117,0,0,0,0,12,0,0,0,0,1,0,49456,2,34519,21.56
1916200,17398,-0.016,0.0001,0,0.96,-400,-390.01,-240224,0,1.7382,14.119,0,0,0,0,12,0,0,0,0,1,0,49452,2,34520,21.67
1916310,17399,-0.016,0.0001,0,1.03,-400,-390.01,-240158,0,1.7382,14.117,0,0,0,0,12,0,0,0,0,1,0,49452,2,34519,21.78
1916420,17400,0.041,0.0001,0,1.05,-400,-390.01,-240160,0,1.7384,14.124,0,0,0,0,12,0,0,0,0,1,0,49466,2,34524,21.89
1916530,17401,0.049,0.0001,0,1.01,-400,-390.01,-240203,0,1.7384,14.124,0,0,0,0,12,0,0,0,0,1,0,49468,2,34524,22
1916640,17402,0.004,0.0001,0,0.91,-400,-390.01,-240280,0,1.7383,14.121,0,0,0,0,12,0,0,0,0,1,0,49457,2,34522,22.11
1916750,17403,-0.016,0.0001,0,0.88,-400,-390.01,-240286,0,1.7384,14.124,0,0,0,0,12,0,0,0,0,1,0,49452,2,34524,22.22
1916860,17404,-0.08,0.0001,0,0.87,-400,-390.01,-240282,0,1.7382,14.119,0,0,0,0,12,0,0,0,0,1,0,49436,2,34520,22.33
1916970,17405,-0.012,0.0001,0,0.87,-400,-390.01,-240281,0,1.7382,14.119,0,0,0,0,12,0,0,0,0,1,0,49453,2,34520,22.44
1917080,17406,-0.064,0.0001,0,1.02,-400,-390.01,-240146,0,1.7381,14.114,0,0,0,0,12,0,0,0,0,1,0,49440,2,34517,22.55
1917190,17407,0.017,0.0001,0,1,-400,-390.01,-240202,0,1.7382,14.117,0,0,0,0,12,0,0,0,0,1,0,49460,2,34519,22.66
1917300,17408,0,0.0001,0,0.95,-400,-390.01,-240247,0,1.7385,14.126,0,0,0,0,12,0,0,0,0,1,0,49456,2,34525,22.77
1917410,17409,-0.016,0.0001,0,0.98,-400,-390.01,-240201,0,1.738,14.113,0,0,0,0,12,0,0,0,0,1,0,49452,2,34516,22.88
1917520,17410,-0.016,0.0001,0,0.89,-400,-390.01,-240292,0,1.7385,14.126,0,0,0,0,12,0,0,0,0,1,0,49452,2,34525,22.99
1917630,17411,0.008,0.0001,0,0.89,-400,-390.01,-240274,0,1.7383,14.12,0,0,0,0,12,0,0,0,0,1,0,49458,2,34521,23.1
1917740,17412,0.012,0.0001,0,0.94,-400,-390.01,-240222,0,1.7383,14.121,0,0,0,0,12,0,0,0,0,1,0,49459,2,34522,23.21
1917850,17413,0.004,0.0001,0,1,-400,-390.01,-240185,0,1.7384,14.124,0,0,0,0,12,0,0,0,0,1,0,49457,2,34524,23.32
1917960,17414,0.021,0.0001,0,0.95,-400,-390.01,-240245,0,1.7385,14.126,0,0,0,0,12,0,0,0,0,1,0,49461,2,34525,23.43
1918070,17415,0.065,0.0001,0,0.92,-400,-390.01,-240257,0,1.7382,14.117,0,0,0,0,12,0,0,0,0,1,0,49472,2,34519,23.54
1918180,17416,0.057,0.0001,0,0.9,-400,-390.01,-240266,0,1.7383,14.121,0,0,0,0,12,0,0,0,0,1,0,49470,2,34522,23.65
1918290,17417,-0.02,0.0001,0,0.87,-400,-390.01,-240288,0,1.738,14.113,0,0,0,0,12.1,0,0,0,0,1,0,49451,2,34516,23.76
1918400,17418,0.029,0.0001,0,0.87,-400,-390.01,-240283,0,1.7383,14.121,0,0,0,0,12,0,0,0,0,1,0,49463,2,34522,23.87
1918510,17419,0.025,0.0002,0,0.87,-400,-390.01,-240282,0,1.7383,14.121,0,0,0,0,12,0,0,0,0,1,0,49462,3,34522,23.98
1918620,17420,0.008,0.0001,0,0.85,-400,-390.01,-240299,0,1.7381,14.114,0,0,0,0,12,0,0,0,0,1,0,49458,2,34517,24.09
1918730,17421,-0.02,0.0001,0,0.87,-400,-390.01,-240276,0,1.7381,14.116,0,0,0,0,12,0,0,0,0,1,0,49451,2,34518,24.2
1918840,17422,-0.004,0.0001,0,0.88,-400,-390.01,-240270,0,1.7385,14.127,0,0,0,0,12,0,0,0,0,1,0,49455,2,34526,24.31
1918950,17423,-0.004,0.0001,0,0.89,-400,-390.01,-240265,0,1.7382,14.119,0,0,0,0,12,0,0,0,0,1,0,49455,2,34520,24.42
1919060,17424,0.004,0.0001,0,0.91,-400,-390.01,-240254,0,1.7383,14.12,0,0,0,0,12,0,0,0,0,1,0,49457,2,34521,24.53
1919170,17425,0.004,0.0001,0,0.95,-400,-390.01,-240215,0,1.7385,14.127,0,0,0,0,12,0,0,0,0,1,0,49457,2,34526,24.64
1919280,17426,-0.04,0.0001,0,0.86,-400,-390.01,-240317,0,1.7383,14.12,0,0,0,0,12,0,0,0,0,1,0,49446,2,34521,24.75
1919390,17427,-0.044,0.0001,0,0.77,-400,-390.01,-240371,0,1.7378,14.107,0,0,0,0,12,0,0,0,0,1,0,49445,2,34512,24.86
1919500,17428,-0.032,0.0001,0,0.75,-400,-390.01,-240362,0,1.7367,14.076,0,0,0,0,12,0,0,0,0,1,0,49448,2,34490,24.97
1919610,17429,0.008,0.0001,0,0.48,-400,-390.01,-240610,0,1.7395,14.154,0,0,0,0,12,0,0,0,0,1,0,49458,2,34545,25.08
1919720,17430,-0.02,0.0001,0,-0.36,-400,-390.01,-241323,0,1.739,14.14,0,0,0,0,12,0,0,0,0,1,0,49451,2,34535,25.19
1919830,17431,0.033,0.0001,0,-0.94,-400,-390.01,-241623,0,1.739,14.138,0,0,0,0,12,0,0,0,0,1,0,49464,2,34534,25.3
1919940,17432,0.008,0.0001,0,-0.97,-400,-390.01,-241491,0,1.7393,14.148,0,0,0,0,12,0,0,0,0,1,0,49458,2,34541,25.41
1920050,17433,-0.028,0.0001,0,-0.96,-400,-390.01,-241469,0,1.7392,14.146,0,0,0,0,12,0,0,0,0,1,0,49449,2,34539,25.52
1920160,17434,-0.064,0.0001,0,-0.9,-400,-390.01,-241420,0,1.7393,14.148,0,0,0,0,12,0,0,0,0,1,0,49440,2,34541,25.63
1920270,17435,0.045,0.0001,0,-0.97,-400,-390.01,-241497,0,1.739,14.138,0,0,0,0,12,0,0,0,0,1,0,49467,2,34534,25.74
1920380,17436,0.008,0.0001,0,-1.01,-400,-390.01,-241520,0,1.7391,14.141,0,0,0,0,12,0,0,0,0,1,0,49458,2,34536,25.85
1920490,17437,0.004,0.0001,0,-1.03,-400,-390.01,-241522,0,1.7394,14.15,0,0,0,0,12,0,0,0,0,1,0,49457,2,34542,25.96
1920600,17438,-0.056,0.0001,0,-1.04,-400,-390.01,-241530,0,1.7396,14.157,0,0,0,0,12.1,0,0,0,0,1,0,49442,2,34547,26.07
1920710,17439,0.045,0.0001,0,-1.1,-400,-390.01,-241584,0,1.7392,14.146,0,0,0,0,12,0,0,0,0,1,0,49467,2,34539,26.18
1920820,17440,0.033,0.0001,0,-1.11,-400,-390.01,-241579,0,1.7397,14.158,0,0,0,0,12,0,0,0,0,1,0,49464,2,34548,26.29
1920930,17441,0.037,0.0001,0,-1.08,-400,-390.01,-241544,0,1.7393,14.148,0,0,0,0,12,0,0,0,0,1,0,49465,2,34541,26.4
1921040,17442,-0.024,0.0001,0,-1.09,-400,-390.01,-241566,0,1.7393,14.148,0,0,0,0,12.1,0,0,0,0,1,0,49450,2,34541,26.51
1921150,17443,-0.008,0.0001,0,-1.04,-400,-390.01,-241507,0,1.7393,14.147,0,0,0,0,12,0,0,0,0,1,0,49454,2,34540,26.62
1921260,17444,-0.036,0.0001,0,-1.04,-400,-390.01,-241526,0,1.7392,14.146,0,0,0,0,12,0,0,0,0,1,0,49447,2,34539,26.73
1921370,17445,-0.044,0.0001,0,-1.17,-400,-390.01,-241649,0,1.7394,14.15,0,0,0,0,12,0,0,0,0,1,0,49445,2,34542,26.84
1921480,17446,-0.032,0.0001,0,-1.13,-400,-390.01,-241576,0,1.7392,14.144,0,0,0,0,12,0,0,0,0,1,0,49448,2,34538,26.95
1921590,17447,-0.004,0.0001,0,-1.09,-400,-390.01,-241543,0,1.7393,14.148,0,0,0,0,12,0,0,0,0,1,0,49455,2,34541,27.06
1921700,17448,-0.036,0.0001,0,-1.1,-400,-390.01,-241566,0,1.7395,14.153,0,0,0,0,12,0,0,0,0,1,0,49447,2,34544,27.17
1921810,17449,0.021,0.0001,0,-1.15,-400,-390.01,-241617,0,1.7395,14.154,0,0,0,0,12,0,0,0,0,1,0,49461,2,34545,27.28
1921920,17450,-0.004,0.0002,0,-1.17,-400,-390.01,-241614,0,1.7391,14.141,0,0,0,0,12,0,0,0,0,1,0,49455,3,34536,27.39
1922030,17451,-0.008,0.0001,0,-1.15,-400,-390.01,-241597,0,1.7395,14.153,0,0,0,0,12,0,0,0,0,1,0,49454,2,34544,27.5
1922140,17452,0,0.0001,0,-1.14,-400,-390.01,-241586,0,1.7393,14.147,0,0,0,0,12,0,0,0,0,1,0,49456,2,34540,27.61
1922250,17453,-0.008,0.0001,0,-1.14,-400,-390.01,-241596,0,1.7394,14.15,0,0,0,0,12,0,0,0,0,1,0,49454,2,34542,27.72
1922360,17454,0.021,0.0001,0,-1.18,-400,-390.01,-241625,0,1.7393,14.148,0,0,0,0,12,0,0,0,0,1,0,49461,2,34541,27.83
1922470,17455,0.053,0.0001,0,-1.15,-400,-390.01,-241590,0,1.7393,14.147,0,0,0,0,12,0,0,0,0,1,0,49469,2,34540,27.94
1922580,17456,0.029,0.0001,0,-1.13,-400,-390.01,-241581,0,1.7395,14.153,0,0,0,0,12,0,0,0,0,1,0,49463,2,34544,28.05
1922690,17457,-0.04,0.0001,0,-1.13,-400,-390.01,-241589,0,1.7397,14.16,0,0,0,0,12,0,0,0,0,1,0,49446,2,34549,28.16
1922800,17458,-0.072,0.0001,0,-1.11,-400,-390.01,-241570,0,1.7392,14.144,0,0,0,0,12,0,0,0,0,1,0,49438,2,34538,28.27
1922910,17459,-0.032,0.0001,0,-1.09,-400,-390.01,-241555,0,1.7395,14.153,0,0,0,0,12,0,0,0,0,1,0,49448,2,34544,28.38
1923020,17460,0.045,0.0001,0,-1.05,-400,-390.01,-241520,0,1.7393,14.147,0,0,0,0,12,0,0,0,0,1,0,49467,2,34540,28.49
1923130,17461,-0.004,0.0001,0,-1.04,-400,-390.01,-241527,0,1.7392,14.144,0,0,0,0,12,0,0,0,0,1,0,49455,2,34538,28.6
1923240,17462,-0.008,0.0001,0,-1.08,-400,-390.01,-241561,0,1.7393,14.148,0,0,0,0,12,0,0,0,0,1,0,49454,2,34541,28.71
1923350,17463,0.008,0.0001,0,-1.14,-400,-390.01,-241606,0,1.7394,14.15,0,0,0,0,12,0,0,0,0,1,0,49458,2,34542,28.82
1923460,17464,0.004,0.0001,0,-1.18,-400,-390.01,-241630,0,1.7392,14.144,0,0,0,0,12,0,0,0,0,1,0,49457,2,34538,28.93
1923570,17465,-0.024,0.0001,0,-1.17,-400,-390.01,-241604,0,1.7393,14.148,0,0,0,0,12,0,0,0,0,1,0,49450,2,34541,29.04
1923680,17466,-0.004,0.0001,0,-1.13,-400,-390.01,-241577,0,1.7391,14.141,0,0,0,0,12,0,0,0,0,1,0,49455,2,34536,29.15
1923790,17467,0.017,0.0001,0,-1.15,-400,-390.01,-241608,0,1.7392,14.144,0,0,0,0,12,0,0,0,0,1,0,49460,2,34538,29.26
1923900,17468,-0.028,0.0001,0,-1.18,-400,-390.01,-241621,0,1.7392,14.146,0,0,0,0,12,0,0,0,0,1,0,49449,2,34539,29.37
1924010,17469,-0.012,0.0001,0,-1.17,-400,-390.01,-241612,0,1.7392,14.146,0,0,0,0,12,0,0,0,0,1,0,49453,2,34539,29.48
1924120,17470,-0.012,0.0001,0,-1.1,-400,-390.01,-241543,0,1.7393,14.147,0,0,0,0,12,0,0,0,0,1,0,49453,2,34540,29.59
1924230,17471,0.012,0.0001,0,-1.06,-400,-390.01,-241529,0,1.7392,14.146,0,0,0,0,12,0,0,0,0,1,0,49459,2,34539,29.7
1924340,17472,0.049,0.0001,0,-1.07,-400,-390.01,-241546,0,1.7393,14.148,0,0,0,0,12,0,0,0,0,1,0,49468,2,34541,29.81
1924450,17473,0.033,0.0001,0,-1.08,-400,-390.01,-241560,0,1.739,14.14,0,0,0,0,12,0,0,0,0,1,0,49464,2,34535,29.92
1924560,17474,0.029,0.0001,0,-1.11,-400,-390.01,-241582,0,1.739,14.14,0,0,0,0,12,0,0,0,0,1,0,49463,2,34535,30.03
1924670,17475,0.017,0.0001,0,-1.13,-400,-390.01,-241594,0,1.7392,14.146,0,0,0,0,12,0,0,0,0,1,0,49460,2,34539,30.14
1924780,17476,0.037,0.0001,0,-1.11,-400,-390.01,-241569,0,1.7393,14.148,0,0,0,0,12,0,0,0,0,1,0,49465,2,34541,30.25
1924890,17477,0.021,0.0001,0,-1.16,-400,-390.01,-241616,0,1.7392,14.146,0,0,0,0,12,0,0,0,0,1,0,49461,2,34539,30.36
1925000,17478,0.053,0.0001,0,-1.23,-400,-390.01,-241674,0,1.7392,14.144,0,0,0,0,12,0,0,0,0,1,0,49469,2,34538,30.47
1925110,17479,0.041,0.0001,0,-1.21,-400,-390.01,-241634,0,1.7393,14.148,0,0,0,0,12,0,0,0,0,1,0,49466,2,34541,30.58
1925220,17480,-0.016,0.0001,0,-1.22,-400,-390.01,-241642,0,1.7393,14.148,0,0,0,0,12,0,0,0,0,1,0,49452,2,34541,30.69
1925330,17481,0.061,0.0001,0,-1.11,-400,-390.01,-241547,0,1.7394,14.151,0,0,0,0,12,0,0,0,0,1,0,49471,2,34543,30.8
1925440,17482,-0.028,0.0001,0,-1.09,-400,-390.01,-241549,0,1.7392,14.144,0,0,0,0,12,0,0,0,0,1,0,49449,2,34538,30.91
1925550,17483,-0.004,0.0001,0,-1.05,-400,-390.01,-241527,0,1.7394,14.151,0,0,0,0,12,0,0,0,0,1,0,49455,2,34543,31.02
1925660,17484,0.041,0.0001,0,-1.11,-400,-390.01,-241589,0,1.7393,14.147,0,0,0,0,12,0,0,0,0,1,0,49466,2,34540,31.13
1925770,17485,0.029,0.0001,0,-1.1,-400,-390.01,-241558,0,1.7391,14.143,0,0,0,0,12,0,0,0,0,1,0,49463,2,34537,31.24
1925880,17486,0.004,0.0001,0,-1.11,-400,-390.01,-241581,0,1.7391,14.141,0,0,0,0,12,0,0,0,0,1,0,49457,2,34536,31.35
1925990,17487,-0.044,0.0001,0,-1.13,-400,-390.01,-241591,0,1.7395,14.153,0,0,0,0,12,0,0,0,0,1,0,49445,2,34544,31.46
1926100,17488,0.008,0.0001,0,-1.1,-400,-390.01,-241555,0,1.7394,14.15,0,0,0,0,12,0,0,0,0,1,0,49458,2,34542,31.57
1926210,17489,0.065,0.003,0,-1.14,-400,-390.01,-241606,0,1.7394,14.15,0,0,0,0,12,-500,0,0,0,1,0,49472,59,34542,31.68
1926320,17490,-0.012,0.0006,0,-1.19,-400,-390.01,-241639,0,1.7389,14.136,-16.3,-114,3.62,0.17,12,-500,0,0,0,1,0,49453,11,34532,31.79
1926430,17491,-0.064,0.0002,0,-1.2,-400,-390.01,-241635,0,1.739,14.138,-118.9,-832,14.82,1.64,12,-500,0,0,0,1,0,49440,4,34534,31.9
1926540,17492,0.004,0.0002,0,-1.29,-400,-390.01,-241714,0,1.739,14.14,-290.1,-2031,15.84,3.19,11.9,-500,0,0,0,1,0,49457,4,34535,32.01
1926650,17493,-0.032,0.0002,0,-1.38,-400,-390.01,-241774,0,1.7393,14.147,-450.4,-3153,10.53,2.7,12,-500,0,0,0,1,0,49448,3,34540,32.12
1926760,17494,0.025,0.0001,0,-1.37,-400,-390.01,-241740,0,1.7392,14.144,-525.6,-3679,3.47,0.89,12,-500,0,0,0,1,0,49462,2,34538,32.23
1926870,17495,0.033,0.0004,0,-1.44,-400,-390.01,-241805,0,1.7396,14.157,-543.6,-3805,1.18,0.28,12,-500,0,0,0,1,0,49464,8,34547,32.34
1926980,17496,0.029,0.0026,0,-1.59,-400,-390.01,-241923,0,1.7396,14.155,-540.1,-3781,0.84,0.19,12,-500,0,0,0,1,0,49463,52,34546,32.45
1927090,17497,-0.052,0.0001,0,-1.65,-400,-390.01,-241940,0,1.7393,14.148,-533.4,-3734,1.01,0.23,12,-500,0,0,0,1,0,49443,2,34541,32.56
1927200,17498,0.008,0.0003,0,-1.72,-400,-390.01,-241990,0,1.7391,14.141,-527.4,-3692,1.19,0.28,12,-500,0,0,0,1,0,49458,5,34536,32.67
1927310,17499,0.037,0.0001,0,-1.68,-400,-390.01,-241935,0,1.7393,14.147,-523.4,-3664,1.31,0.3,12,-500,0,0,0,1,0,49465,2,34540,32.78
1927420,17500,0.045,0.0001,0,-1.64,-400,-390.01,-241906,0,1.7392,14.144,-520,-3640,1.36,0.32,12,-500,0,0,0,1,0,49467,2,34538,32.89
1927530,17501,0.093,0.0001,0,-1.63,-400,-390.01,-241909,0,1.741,14.195,-517.4,-3622,1.4,0.33,12,-500,0,0,0,1,0,49479,2,34574,33
1927640,17502,0.125,0.0001,0,-1.6,-400,-390.01,-241879,0,1.7391,14.143,-514.7,-3603,1.43,0.33,12,-500,0,0,0,1,0,49487,2,34537,33.11
1927750,17503,-0.012,0.0002,0,-1.56,-400,-390.01,-241854,0,1.7395,14.154,-513.1,-3592,1.44,0.33,12,-500,0,0,0,1,0,49453,4,34545,33.22
1927860,17504,0.021,0.0001,0,-1.53,-400,-390.01,-241839,0,1.7393,14.148,-512,-3584,1.46,0.34,12,-500,0,0,0,1,0,49461,2,34541,33.33
1927970,17505,0.037,0.0013,0,-1.59,-400,-390.01,-241898,0,1.7396,14.155,-510.4,-3573,1.49,0.34,12,-500,0,0,0,1,0,49465,26,34546,33.44
1928080,17506,-0.008,0.0001,0,-1.61,-400,-390.01,-241909,0,1.7392,14.144,-509.1,-3564,1.51,0.35,12,-500,0,0,0,1,0,49454,2,34538,33.55
1928190,17507,0.012,0.0003,0,-1.64,-400,-390.01,-241923,0,1.7393,14.147,-507.9,-3555,1.51,0.34,12,-500,0,0,0,1,0,49459,5,34540,33.66
1928300,17508,-0.032,0.0023,0,-1.68,-400,-390.01,-241959,0,1.739,14.138,-506.7,-3547,1.52,0.35,12,-500,0,0,0,1,0,49448,46,34534,33.77
1928410,17509,0.029,0.0001,0,-1.7,-400,-390.01,-241957,0,1.7394,14.15,-506,-3542,1.54,0.35,12,-500,0,0,0,1,0,49463,2,34542,33.88
1928520,17510,0.033,0.0043,0,-1.68,-400,-390.01,-241936,0,1.7394,14.15,-505,-3535,1.55,0.35,12,-500,0,0,0,1,0,49464,86,34542,33.99
1928630,17511,-0.04,0.0001,0,-1.64,-400,-390.01,-241904,0,1.7397,14.158,-504.9,-3534,1.56,0.35,12,-500,0,0,0,1,0,49446,2,34548,34.1
1928740,17512,-0.032,0.0001,0,-1.67,-400,-390.01,-241945,0,1.7389,14.137,-503.7,-3526,1.56,0.35,12,-500,0,0,0,1,0,49448,2,34533,34.21
1928850,17513,0,0.0001,0,-1.63,-400,-390.01,-241899,0,1.7396,14.155,-503.7,-3526,1.56,0.35,12,-500,0,0,0,1,0,49456,2,34546,34.32
1928960,17514,0,0.0002,0,-1.61,-400,-390.01,-241889,0,1.7402,14.174,-503.1,-3522,1.57,0.36,12,-500,0,0,0,1,0,49456,3,34559,34.43
1929070,17515,0.017,0.0001,0,-1.61,-400,-390.01,-241895,0,1.7393,14.147,-502.1,-3515,1.56,0.35,12,-500,0,0,0,1,0,49460,2,34540,34.54
1929180,17516,0.021,0.0001,0,-1.67,-400,-390.01,-241959,0,1.7392,14.146,-502.3,-3516,1.55,0.35,12,-500,0,0,0,1,0,49461,2,34539,34.65
1929290,17517,-0.008,0.0001,0,-1.72,-400,-390.01,-241984,0,1.7393,14.148,-501.9,-3513,1.57,0.35,12,-500,0,0,0,1,0,49454,2,34541,34.76
1929400,17518,-0.04,0.0005,0,-1.7,-400,-390.01,-241949,0,1.7392,14.144,-502.1,-3515,1.57,0.36,12,-500,0,0,0,1,0,49446,10,34538,34.87
1929510,17519,0.008,0.0026,0,-1.71,-400,-390.01,-241966,0,1.7395,14.153,-501.6,-3511,1.58,0.36,12,-500,0,0,0,1,0,49458,52,34544,34.98
1929620,17520,0.053,0.0009,0,-1.65,-400,-390.01,-241907,0,1.7392,14.146,-501,-3507,1.59,0.36,12,-500,0,0,0,1,0,49469,18,34539,35.09
1929730,17521,-0.052,0.0007,0,-1.66,-400,-390.01,-241932,0,1.7385,14.127,-501.1,-3508,1.58,0.36,12,-500,0,0,0,1,0,49443,14,34526,35.2
1929840,17522,-0.06,0.0022,0,-1.62,-400,-390.01,-241892,0,1.7392,14.144,-500.6,-3504,1.59,0.36,12,-500,0,0,0,1,0,49441,44,34538,35.31
1929950,17523,0.021,0.0008,0,-1.64,-400,-390.01,-241922,0,1.7393,14.147,-501,-3507,1.58,0.36,12,-500,0,0,0,1,0,49461,15,34540,35.42
1930060,17524,0.033,0.0005,0,-1.69,-400,-390.01,-241960,0,1.7391,14.141,-500.6,-3504,1.58,0.36,12,-500,0,0,0,1,0,49464,9,34536,35.53
1930170,17525,-0.044,0.0001,0,-1.72,-400,-390.01,-241982,0,1.7391,14.141,-500.7,-3505,1.59,0.36,12,-500,0,0,0,1,0,49445,2,34536,35.64
1930280,17526,0.045,0.0002,0,-1.69,-400,-390.01,-241944,0,1.7393,14.147,-501.1,-3508,1.58,0.36,12,-500,0,0,0,1,0,49467,3,34540,35.75
1930390,17527,0.045,0.0002,0,-1.69,-400,-390.01,-241952,0,1.7397,14.158,-500.9,-3506,1.58,0.36,12,-500,0,0,0,1,0,49467,4,34548,35.86
1930500,17528,0.008,0.0001,0,-1.71,-400,-390.01,-241968,0,1.7392,14.144,-501,-3507,1.59,0.36,12,-500,0,0,0,1,0,49458,2,34538,35.97
1930610,17529,0.025,0.0035,0,-1.74,-400,-390.01,-241989,0,1.74,14.168,-500.1,-3501,1.59,0.36,12,-500,0,0,0,1,0,49462,70,34555,36.08
1930720,17530,-0.04,0.0008,0,-1.7,-400,-390.01,-241948,0,1.7392,14.144,-500.4,-3503,1.59,0.36,12,-500,0,0,0,1,0,49446,16,34538,36.19
1930830,17531,-0.044,0.0001,0,-1.67,-400,-390.01,-241929,0,1.7397,14.16,-500.4,-3503,1.6,0.36,12,-500,0,704,0,1,0,49445,2,34549,36.3
1930940,17532,-0.024,0.0012,0,-1.67,-400,-390.01,-241941,0,1.7392,14.144,-500.3,-3502,1.6,0.36,12,-500,0,704,0,1,0,49450,24,34538,36.41
1931050,17533,-0.012,0.0001,0,-1.72,-400,-390.01,-241986,0,1.7394,14.151,-500,-3500,1.6,0.36,12,-500,0,704,0,1,0,49453,2,34543,36.52
1931160,17534,0.073,0.0001,0,-1.72,-400,-390.01,-241966,0,1.7394,14.15,-500.1,-3501,1.59,0.36,12,-500,0,704,0,1,0,49474,2,34542,36.63
1931270,17535,-0.02,0.0022,0,-1.7,-400,-390.01,-241950,0,1.7391,14.141,-500.1,-3501,1.59,0.36,12,-500,0,704,0,1,0,49451,43,34536,36.74
1931380,17536,-0.008,0.0002,0,-1.69,-400,-390.01,-241946,0,1.7396,14.155,-500.6,-3504,1.58,0.36,12,-500,0,704,0,1,0,49454,3,34546,36.85
1931490,17537,-0.008,0.0003,0,-1.69,-400,-390.01,-241947,0,1.7397,14.16,-499.7,-3498,1.58,0.36,12,-500,0,704,0,1,0,49454,6,34549,36.96
1931600,17538,0.037,0.0009,0,-1.72,-400,-390.01,-241976,0,1.7395,14.154,-499.9,-3499,1.58,0.36,12,-500,0,704,0,1,0,49465,17,34545,37.07
1931710,17539,0.004,0.0003,0,-1.73,-400,-390.01,-241976,0,1.7399,14.164,-500.9,-3506,1.56,0.35,12,-500,0,704,0,1,0,49457,5,34552,37.18
1931820,17540,0.008,0.0029,0,-1.72,-400,-390.01,-241966,0,1.7396,14.155,-501.7,-3512,1.52,0.34,12,-500,0,704,0,1,0,49458,58,34546,37.29
1931930,17541,-0.04,0.0046,0,-1.73,-400,-390.01,-241981,0,1.7392,14.144,-501.9,-3513,1.49,0.34,12,-500,0,704,0,1,0,49446,92,34538,37.4
1932040,17542,0.057,0.0002,0,-1.74,-400,-390.01,-241984,0,1.7391,14.141,-502.1,-3515,1.42,0.32,12,-500,0,704,0,1,0,49470,3,34536,37.51
1932150,17543,0.081,0.0028,0,-1.7,-400,-390.01,-241944,0,1.7396,14.157,-502.6,-3518,1.37,0.31,12,-500,0,704,0,1,0,49476,55,34547,37.62
1932260,17544,0.029,0.0001,0,-1.65,-400,-390.01,-241907,0,1.7392,14.144,-502.7,-3519,1.34,0.3,12,-500,0,704,0,1,0,49463,2,34538,37.73
1932370,17545,0.008,0.0033,0,-1.66,-400,-390.01,-241930,0,1.7393,14.148,-502.7,-3519,1.31,0.29,12,-500,0,704,0,1,0,49458,65,34541,37.84
1932480,17546,0.045,0.0002,0,-1.7,-400,-390.01,-241970,0,1.7393,14.147,-502.6,-3518,1.3,0.29,12,-500,0,704,0,1,0,49467,4,34540,37.95
1932590,17547,0.061,0.0014,0,-1.69,-400,-390.01,-241943,0,1.7395,14.153,-502.4,-3517,1.28,0.28,12,-500,0,704,0,1,0,49471,27,34544,38.06
1932700,17548,-0.008,0.0003,0,-1.67,-400,-390.01,-241929,0,1.7388,14.134,-502.4,-3517,1.27,0.28,12,-500,0,704,0,1,0,49454,5,34531,38.17
1932810,17549,0.061,0.0002,0,-1.63,-400,-390.01,-241902,0,1.7391,14.143,-502.7,-3519,1.25,0.28,12,-500,0,704,0,1,0,49471,4,34537,38.28
1932920,17550,-0.004,0.0002,0,-1.61,-400,-390.01,-241894,0,1.7394,14.15,-502.4,-3517,1.24,0.27,12,-500,0,704,0,1,0,49455,3,34542,38.39
1933030,17551,0.017,0.0019,0,-1.7,-400,-390.01,-241979,0,1.7394,14.151,-502.9,-3520,1.22,0.27,12,-500,0,704,0,1,0,49460,38,34543,38.5
1933140,17552,-0.008,0.0002,0,-1.68,-400,-390.01,-241940,0,1.7395,14.153,-502.6,-3518,1.22,0.27,12,-500,0,704,0,1,0,49454,4,34544,38.61
1933250,17553,0.065,0.0011,0,-1.7,-400,-390.01,-241961,0,1.7395,14.154,-501.9,-3513,1.21,0.27,12,-500,0,704,0,1,0,49472,21,34545,38.72
1933360,17554,-0.056,0.0029,0,-1.69,-400,-390.01,-241943,0,1.7395,14.154,-502,-3514,1.2,0.26,12,-500,0,704,0,1,0,49442,58,34545,38.83
1933470,17555,-0.052,0.0001,0,-1.68,-400,-390.01,-241946,0,1.7393,14.147,-501.7,-3512,1.2,0.26,12,-500,0,704,0,1,0,49443,2,34540,38.94
1933580,17556,0.057,0.0002,0,-1.62,-400,-390.01,-241890,0,1.7396,14.157,-501.9,-3513,1.19,0.26,12,-500,0,704,0,1,0,49470,4,34547,39.05
1933690,17557,-0.024,0.0004,0,-1.67,-400,-390.01,-241954,0,1.7393,14.148,-501.4,-3510,1.18,0.26,12,-500,0,704,0,1,0,49450,7,34541,39.16
1933800,17558,0.012,0.0001,0,-1.74,-400,-390.01,-241999,0,1.7396,14.157,-501.4,-3510,1.17,0.26,12,-500,0,704,0,1,0,49459,2,34547,39.27
1933910,17559,0.017,0.0026,0,-1.75,-400,-390.01,-241990,0,1.7384,14.123,-501.4,-3510,1.17,0.25,12,-500,0,704,0,1,0,49460,51,34523,39.38
1934020,17560,0.004,0.0001,0,-1.74,-400,-390.01,-241982,0,1.7392,14.144,-501.1,-3508,1.16,0.25,12,-500,0,704,0,1,0,49457,2,34538,39.49
1934130,17561,0.053,0.0031,0,-1.71,-400,-390.01,-241955,0,1.7393,14.148,-501.6,-3511,1.16,0.25,12,-500,0,704,0,1,0,49469,62,34541,39.6
1934240,17562,-0.052,0.0015,0,-1.71,-400,-390.01,-241963,0,1.7395,14.154,-501.1,-3508,1.14,0.25,12,-500,0,704,0,1,0,49443,29,34545,39.71
1934350,17563,0.021,0.0004,0,-1.66,-400,-390.01,-241918,0,1.7393,14.148,-501,-3507,1.14,0.25,12,-500,0,704,0,1,0,49461,8,34541,39.82
1934460,17564,0.021,0.0002,0,-1.75,-400,-390.01,-242013,0,1.7399,14.164,-501.1,-3508,1.15,0.25,12,-500,0,704,0,1,0,49461,3,34552,39.93
1934570,17565,0.037,0.0011,0,-1.69,-400,-390.01,-241937,0,1.7396,14.157,-501,-3507,1.15,0.25,12,-500,0,704,0,1,0,49465,22,34547,40.04
1934680,17566,0.029,0.0003,0,-1.65,-400,-390.01,-241909,0,1.7392,14.146,-500.9,-3506,1.14,0.25,12,-500,0,704,0,1,0,49463,5,34539,40.15
1934790,17567,-0.016,0.0006,0,-1.58,-400,-390.01,-241863,0,1.7395,14.153,-500.6,-3504,1.14,0.25,12,-500,0,704,0,1,0,49452,11,34544,40.26
1934900,17568,-0.024,0.001,0,-1.58,-400,-390.01,-241877,0,1.7395,14.153,-500.6,-3504,1.14,0.25,12,-500,0,704,0,1,0,49450,20,34544,40.37
1935010,17569,0.008,0.0006,0,-1.59,-400,-390.01,-241892,0,1.7389,14.137,-500.6,-3504,1.14,0.25,12,-500,0,704,0,1,0,49458,11,34533,40.48
1935120,17570,-0.048,0.0003,0,-1.63,-400,-390.01,-241924,0,1.739,14.14,-500.3,-3502,1.14,0.25,12,-500,0,704,0,1,0,49444,5,34535,40.59
1935230,17571,0.029,0.0001,0,-1.73,-400,-390.01,-242006,0,1.7393,14.148,-500.4,-3503,1.15,0.25,12,-500,0,704,0,1,0,49463,2,34541,40.7
1935340,17572,-0.004,0.0001,0,-1.74,-400,-390.01,-241983,0,1.7398,14.163,-500.3,-3502,1.15,0.25,12,-500,0,704,0,1,0,49455,2,34551,40.81
1935450,17573,-0.036,0.0001,0,-1.64,-400,-390.01,-241892,0,1.7396,14.155,-500.4,-3503,1.15,0.25,12,-500,0,704,0,1,0,49447,2,34546,40.92
1935560,17574,-0.04,0.0002,0,-1.65,-400,-390.01,-241929,0,1.7395,14.153,-501.1,-3508,1.14,0.25,12,-500,0,704,0,1,0,49446,3,34544,41.03
1935670,17575,0.041,0.0001,0,-1.74,-400,-390.01,-242010,0,1.7397,14.16,-500.6,-3504,1.14,0.25,12,-500,0,704,0,1,0,49466,2,34549,41.14
1935780,17576,0.029,0.0002,0,-1.73,-400,-390.01,-241972,0,1.7393,14.147,-500.3,-3502,1.15,0.25,12,-500,0,704,0,1,0,49463,3,34540,41.25
1935890,17577,0.069,0.0005,0,-1.66,-400,-390.01,-241913,0,1.7396,14.155,-500.4,-3503,1.15,0.25,12,-500,0,704,0,1,0,49473,10,34546,41.36
1936000,17578,0.017,0.0006,0,-1.65,-400,-390.01,-241918,0,1.7391,14.143,-500.3,-3502,1.14,0.25,12,-500,0,704,0,1,0,49460,12,34537,41.47
1936110,17579,-0.052,0.0008,0,-1.7,-400,-390.01,-241974,0,1.7393,14.148,-500.3,-3502,1.13,0.25,12,-500,0,704,0,1,0,49443,15,34541,41.58
1936220,17580,-0.1,0.0012,0,-1.76,-400,-390.01,-242009,0,1.7379,14.11,-500,-3500,1.13,0.24,12,-500,0,704,0,1,0,49431,24,34514,41.69
1936330,17581,-0.028,0.0001,0,-1.69,-400,-390.01,-241927,0,1.7397,14.158,-500.4,-3503,1.13,0.24,12,-500,0,704,0,1,0,49449,2,34548,41.8
1936440,17582,0.025,0.0023,0,-1.66,-400,-390.01,-241920,0,1.7394,14.15,-500.1,-3501,1.14,0.25,12,-500,0,704,0,1,0,49462,45,34542,41.91
1936550,17583,0.037,0.0008,0,-1.73,-400,-390.01,-242001,0,1.7391,14.141,-499.9,-3499,1.14,0.25,12,-500,0,704,0,1,0,49465,15,34536,42.02
1936660,17584,-0.032,0.0006,0,-1.74,-400,-390.01,-241987,0,1.7393,14.148,-499.4,-3496,1.13,0.25,12,-500,0,704,0,1,0,49448,12,34541,42.13
1936770,17585,0,0.0008,0,-1.66,-400,-390.01,-241904,0,1.7397,14.158,-500.1,-3501,1.14,0.25,12,-500,0,704,0,1,0,49456,16,34548,42.24
1936880,17586,-0.048,0.0037,0,-1.62,-400,-390.01,-241897,0,1.7396,14.157,-500.1,-3501,1.14,0.25,12,-500,0,704,0,1,0,49444,74,34547,42.35
1936990,17587,-0.008,0.0005,0,-1.66,-400,-390.01,-241944,0,1.7391,14.143,-500.3,-3502,1.15,0.25,12,-500,0,704,0,1,0,49454,9,34537,42.46
1937100,17588,-0.008,0.0012,0,-1.71,-400,-390.01,-241980,0,1.7404,14.18,-499.7,-3498,1.15,0.25,12,-500,0,704,0,1,0,49454,24,34563,42.57
1937210,17589,0.037,0.0001,0,-1.69,-400,-390.01,-241947,0,1.7395,14.154,-500,-3500,1.15,0.25,12,-500,0,704,0,1,0,49465,2,34545,42.68
1937320,17590,0.025,0.0023,0,-1.61,-400,-390.01,-241879,0,1.7395,14.153,-499.9,-3499,1.16,0.25,12,-500,0,704,0,1,0,49462,46,34544,42.79
1937430,17591,0.089,0.0004,0,-1.57,-400,-390.01,-241862,0,1.7396,14.155,-499.7,-3498,1.15,0.25,12,-500,0,704,0,1,0,49478,7,34546,42.9
1937540,17592,0.125,0.0001,0,-1.54,-400,-390.01,-241847,0,1.7391,14.141,-499.7,-3498,1.16,0.25,12,-500,0,704,0,1,0,49487,2,34536,43.01
1937650,17593,0.049,0.0001,0,-1.54,-400,-390.01,-241850,0,1.7394,14.15,-499.7,-3498,1.16,0.25,12,-500,0,704,0,1,0,49468,2,34542,43.12
1937760,17594,-0.016,0.0047,0,-1.61,-400,-390.01,-241914,0,1.7399,14.165,-499.9,-3499,1.16,0.25,12,-500,0,704,0,1,0,49452,93,34553,43.23
1937870,17595,0.004,0.0001,0,-1.68,-400,-390.01,-241968,0,1.7396,14.157,-499.9,-3499,1.15,0.25,12,-500,0,704,0,1,0,49457,2,34547,43.34
1937980,17596,-0.036,0.0012,0,-1.69,-400,-390.01,-241952,0,1.7398,14.163,-499.6,-3497,1.14,0.25,12,-500,0,704,0,1,0,49447,23,34551,43.45
1938090,17597,0.045,0.0007,0,-1.7,-400,-390.01,-241960,0,1.7395,14.154,-499.7,-3498,1.15,0.25,12,-500,0,704,0,1,0,49467,14,34545,43.56
1938200,17598,0.049,0.0002,0,-1.68,-400,-390.01,-241940,0,1.7397,14.16,-500.1,-3501,1.14,0.25,12,-500,0,704,0,1,0,49468,3,34549,43.67
1938310,17599,0.117,0.0003,0,-1.65,-400,-390.01,-241911,0,1.7395,14.154,-500,-3500,1.14,0.25,12,-500,0,704,0,1,0,49485,5,34545,43.78
1938420,17600,-0.012,0.0052,0,-1.65,-400,-390.01,-241922,0,1.7395,14.153,-499.9,-3499,1.14,0.25,12,-500,0,704,0,1,0,49453,104,34544,43.89
1938530,17601,0.025,0.0024,0,-1.65,-400,-390.01,-241924,0,1.7394,14.15,-500.1,-3501,1.13,0.25,12,-500,0,704,0,1,0,49462,48,34542,44
1938640,17602,0.049,0.0004,0,-1.62,-400,-390.01,-241893,0,1.7394,14.151,-499.9,-3499,1.13,0.25,12,-500,0,704,0,1,0,49468,7,34543,44.11
1938750,17603,-0.044,0.0017,0,-1.6,-400,-390.01,-241889,0,1.739,14.138,-500,-3500,1.13,0.24,12,-500,0,704,0,1,0,49445,34,34534,44.22
1938860,17604,-0.088,0.0046,0,-1.59,-400,-390.01,-241884,0,1.7397,14.158,-500.1,-3501,1.12,0.25,12,-500,0,704,0,1,0,49434,92,34548,44.33
1938970,17605,-0.024,0.0003,0,-1.64,-400,-390.01,-241928,0,1.7391,14.141,-500.3,-3502,1.12,0.24,12,-500,0,704,0,1,0,49450,6,34536,44.44
1939080,17606,-0.052,0.002,0,-1.66,-400,-390.01,-241938,0,1.7395,14.154,-500.4,-3503,1.13,0.24,12,-500,0,704,0,1,0,49443,39,34545,44.55
1939190,17607,-0.048,0.0014,0,-1.63,-400,-390.01,-241907,0,1.7391,14.143,-500.3,-3502,1.11,0.24,12,-500,0,704,0,1,0,49444,28,34537,44.66
1939300,17608,0.057,0.0001,0,-1.64,-400,-390.01,-241921,0,1.7394,14.151,-500,-3500,1.13,0.24,12,-500,0,704,0,1,0,49470,2,34543,44.77
1939410,17609,0.029,0.0014,0,-1.67,-400,-390.01,-241945,0,1.7389,14.136,-500,-3500,1.13,0.24,12,-500,0,704,0,1,0,49463,28,34532,44.88
1939520,17610,-0.052,0.0023,0,-1.68,-400,-390.01,-241944,0,1.7396,14.155,-500,-3500,1.14,0.25,12,-500,0,704,0,1,0,49443,46,34546,44.99
1939630,17611,0.025,0.0001,0,-1.68,-400,-390.01,-241946,0,1.7392,14.146,-500.1,-3501,1.13,0.24,12,-500,0,704,0,1,0,49462,2,34539,45.1
1939740,17612,-0.008,0.0028,0,-1.68,-400,-390.01,-241942,0,1.7392,14.144,-499.9,-3499,1.12,0.24,12,-500,0,704,0,1,0,49454,56,34538,45.21
1939850,17613,0.041,0.0017,0,-1.63,-400,-390.01,-241896,0,1.7393,14.148,-500,-3500,1.12,0.24,12,-500,0,704,0,1,0,49466,34,34541,45.32
1939960,17614,0.041,0.0004,0,-1.6,-400,-390.01,-241879,0,1.7398,14.161,-500.1,-3501,1.12,0.24,12,-500,0,704,0,1,0,49466,8,34550,45.43
1940070,17615,0.049,0.0001,0,-1.65,-400,-390.01,-241937,0,1.7397,14.158,-499.9,-3499,1.12,0.24,12,-500,0,704,0,1,0,49468,2,34548,45.54
1940180,17616,0.025,0.0066,0,-1.67,-400,-390.01,-241947,0,1.7393,14.147,-500.1,-3501,1.13,0.24,12,-500,0,704,0,1,0,49462,131,34540,45.65
1940290,17617,0.037,0.0022,0,-1.67,-400,-390.01,-241938,0,1.7397,14.16,-500.1,-3501,1.12,0.24,12,-500,0,704,0,1,0,49465,43,34549,45.76
1940400,17618,0.017,0.0004,0,-1.61,-400,-390.01,-241878,0,1.7392,14.146,-500.3,-3502,1.11,0.24,12,-500,0,704,0,1,0,49460,8,34539,45.87
1940510,17619,-0.048,0.0001,0,-1.66,-400,-390.01,-241947,0,1.739,14.138,-500.7,-3505,1.11,0.24,12,-500,0,704,0,1,0,49444,2,34534,45.98
1940620,17620,-0.04,0.0002,0,-1.63,-400,-390.01,-241906,0,1.7394,14.15,-500.1,-3501,1.12,0.24,12,-500,0,704,0,1,0,49446,4,34542,46.09
1940730,17621,-0.036,0.0006,0,-1.63,-400,-390.01,-241910,0,1.7387,14.131,-500,-3500,1.13,0.25,12,-500,0,704,0,1,0,49447,12,34529,46.2
1940840,17622,-0.016,0.0001,0,-1.69,-400,-390.01,-241967,0,1.7391,14.143,-500,-3500,1.13,0.25,12,-500,0,704,0,1,0,49452,2,34537,46.31
1940950,17623,-0.036,0.0007,0,-1.66,-400,-390.01,-241924,0,1.7398,14.161,-499.9,-3499,1.13,0.25,12,-500,0,704,0,1,0,49447,14,34550,46.42
1941060,17624,-0.036,0.0003,0,-1.69,-400,-390.01,-241954,0,1.7396,14.157,-499.6,-3497,1.14,0.25,12,-500,0,704,0,1,0,49447,6,34547,46.53
1941170,17625,-0.004,0.0003,0,-1.71,-400,-390.01,-241974,0,1.7399,14.165,-499.6,-3497,1.13,0.25,12,-500,0,704,0,1,0,49455,5,34553,46.64
1941280,17626,-0.016,0.0004,0,-1.67,-400,-390.01,-241922,0,1.7397,14.158,-499.7,-3498,1.14,0.25,12,-500,0,704,0,1,0,49452,8,34548,46.75
1941390,17627,0.029,0.0017,0,-1.68,-400,-390.01,-241949,0,1.7394,14.151,-500.1,-3501,1.13,0.24,12,-500,0,704,0,1,0,49463,33,34543,46.86
1941500,17628,0.041,0.0022,0,-1.64,-400,-390.01,-241907,0,1.7397,14.16,-499.7,-3498,1.14,0.24,12,-500,0,704,0,1,0,49466,43,34549,46.97
1941610,17629,0.045,0.0001,0,-1.65,-400,-390.01,-241925,0,1.7397,14.16,-499.6,-3497,1.12,0.24,12,-500,0,704,0,1,0,49467,2,34549,47.08
1941720,17630,0.012,0.0008,0,-1.6,-400,-390.01,-241876,0,1.7392,14.144,-500.1,-3501,1.12,0.24,12,-500,0,704,0,1,0,49459,15,34538,47.19
1941830,17631,-0.028,0.0025,0,-1.56,-400,-390.01,-241859,0,1.7395,14.153,-500.6,-3504,1.11,0.24,12,-500,0,704,0,1,0,49449,50,34544,47.3
1941940,17632,0.033,0.002,0,-1.6,-400,-390.01,-241904,0,1.7393,14.147,-500.6,-3504,1.12,0.24,12,-500,0,704,0,1,0,49464,40,34540,47.41
1942050,17633,-0.004,0.0004,0,-1.66,-400,-390.01,-241948,0,1.7387,14.131,-500,-3500,1.11,0.24,12,-500,0,704,0,1,0,49455,8,34529,47.52
1942160,17634,-0.016,0.0014,0,-1.65,-400,-390.01,-241921,0,1.739,14.138,-500.3,-3502,1.11,0.24,12,-500,0,832,0,1,0,49452,28,34534,47.63
1942270,17635,0.029,0.0006,0,-1.63,-400,-390.01,-241901,0,1.7394,14.15,-500.1,-3501,1.11,0.24,12,-500,0,832,0,1,0,49463,12,34542,47.74
1942380,17636,0.033,0.0001,0,-1.73,-400,-390.01,-242009,0,1.7397,14.16,-500,-3500,1.11,0.24,12,-500,0,832,0,1,0,49464,2,34549,47.85
1942490,17637,0.061,0.0008,0,-1.76,-400,-390.01,-242003,0,1.7394,14.151,-499.9,-3499,1.1,0.24,12,-500,0,832,0,1,0,49471,16,34543,47.96
1942600,17638,0.049,0.0004,0,-1.67,-400,-390.01,-241915,0,1.7397,14.16,-499.9,-3499,1.11,0.24,12,-500,0,832,0,1,0,49468,8,34549,48.07
1942710,17639,-0.048,0.0008,0,-1.65,-400,-390.01,-241914,0,1.7395,14.153,-500.1,-3501,1.1,0.24,12,-500,0,832,0,1,0,49444,16,34544,48.18
1942820,17640,-0.008,0.0016,0,-1.67,-400,-390.01,-241946,0,1.7393,14.148,-500.3,-3502,1.1,0.24,12,-500,0,832,0,1,0,49454,32,34541,48.29
1942930,17641,0.085,0.0006,0,-1.69,-400,-390.01,-241952,0,1.7389,14.137,-499.9,-3499,1.1,0.24,12,-500,0,832,0,1,0,49477,11,34533,48.4
1943040,17642,0.004,0.0001,0,-1.69,-400,-390.01,-241954,0,1.7398,14.161,-499.7,-3498,1.1,0.24,12,-500,0,832,0,1,0,49457,2,34550,48.51
1943150,17643,-0.012,0.0013,0,-1.71,-400,-390.01,-241966,0,1.7391,14.141,-500.1,-3501,1.11,0.24,12,-500,0,832,0,1,0,49453,26,34536,48.62
1943260,17644,0.049,0.0008,0,-1.69,-400,-390.01,-241949,0,1.7396,14.157,-500,-3500,1.1,0.24,12,-500,0,832,0,1,0,49468,16,34547,48.73
1943370,17645,0.081,0.0001,0,-1.66,-400,-398.34,-241917,0,1.7393,14.148,-499.7,-3498,1.1,0.24,12,-500,-1023,832,1,1,16,49476,2,34541,48.84
1943480,17646,-0.004,0.0002,0,-1.68,-400,-398.32,-241949,0,1.7335,13.984,-500.1,-3501,1.1,0.24,12,-500,-1023,832,1,1,16,49455,4,34425,48.95
1943590,17647,0.045,0.0007,0,-2.43,-400,-397.57,-242643,0,1.7235,13.704,-499.9,-3499,1.11,0.24,12,-500,-1023,832,1,1,16,49467,14,34228,49.06
1943700,17648,-0.008,0.0012,0,-7.27,-400,-392.73,-246937,0,1.7149,13.461,-500.1,-3501,1.09,0.24,12,-500,-1023,832,1,1,16,49454,24,34057,49.17
1943810,17649,-0.048,0.0007,0,-9.24,-400,-390.76,-247416,0,1.7008,13.062,-500,-3500,1.09,0.24,12,-500,-1023,832,1,1,16,49444,13,33776,49.28
1943920,17650,-0.052,0.0001,0,-10.13,-400,-389.87,-247702,0,1.6903,12.767,-500,-3500,1.1,0.24,12,-500,-1023,832,1,1,16,49443,2,33568,49.39
1944030,17651,0.004,0.0005,0,-10.09,-400,-389.91,-247413,0,1.6798,12.471,-500.3,-3502,1.1,0.24,12,-500,-1023,832,1,1,16,49457,10,33360,49.5
1944140,17652,-0.068,0.0005,0,-10.14,-400,-389.86,-247466,0,1.6696,12.183,-500.1,-3501,1.09,0.23,12,-500,-1023,832,1,1,16,49439,9,33157,49.61
1944250,17653,-0.052,0.0006,0,-10.16,-400,-389.84,-247480,0,1.6562,11.805,-500,-3500,1.09,0.24,12,-500,-1023,832,1,1,16,49443,12,32891,49.72
1944360,17654,0.041,0.0007,0,-10.13,-400,-389.87,-247442,0,1.6477,11.565,-500.1,-3501,1.09,0.24,12,-500,-1023,832,1,1,16,49466,13,32722,49.83
1944470,17655,-0.004,0.0078,0,-10,-400,-390,-247324,0,1.6351,11.209,-500,-3500,1.1,0.24,12,-500,-1023,832,1,1,16,49455,154,32471,49.94
1944580,17656,0.012,0.0001,0,-10.16,-400,-389.84,-247514,0,1.625,10.926,-500.1,-3501,1.09,0.24,12,-500,-1023,832,1,1,16,49459,2,32272,50.05
1944690,17657,0.012,0.0039,0,-9.63,-400,-390.37,-246978,0,1.6124,10.569,-500,-3500,1.1,0.24,12,-500,-1023,832,1,1,16,49459,78,32020,50.16
1944800,17658,-0.04,0.0002,0,-9.44,-400,-390.56,-246946,0,1.6042,10.337,-499.9,-3499,1.09,0.24,12,-500,-1023,832,1,1,16,49446,4,31857,50.27
1944910,17659,0.061,0.0001,0,-9.54,-400,-390.46,-247089,0,1.5916,9.984,-500,-3500,1.09,0.24,12,-500,-1023,832,1,1,16,49471,2,31608,50.38
1945020,17660,-0.008,0.0007,0,-9.61,-400,-390.39,-247134,0,1.5814,9.695,-499.7,-3498,1.08,0.23,12,-500,-1023,832,1,1,16,49454,13,31405,50.49
1945130,17661,-0.008,0.0016,0,-9.43,-400,-390.57,-246941,0,1.5712,9.407,-500,-3500,1.1,0.24,12,-500,-1023,832,1,1,16,49454,31,31202,50.6
1945240,17662,-0.052,0.0022,0,-9.9,-400,-390.1,-247433,0,1.5608,9.116,-500,-3500,1.09,0.23,12,-500,-1023,832,1,1,16,49443,43,30997,50.71
1945350,17663,-0.024,0.0001,0,-10.18,-400,-389.82,-247564,0,1.549,8.782,-500.1,-3501,1.09,0.24,12,-500,-1023,832,1,1,16,49450,2,30762,50.82
1945460,17664,-0.008,0.0001,0,-10.62,-400,-389.38,-247891,0,1.54,8.528,-500.6,-3504,1.09,0.24,12,-500,-1023,832,1,1,16,49454,2,30583,50.93
1945570,17665,-0.048,0.0004,0,-12.16,-400,-387.84,-249199,0,1.529,8.217,-500,-3500,1.1,0.24,12,-500,-1023,832,1,1,16,49444,8,30364,51.04
1945680,17666,-0.02,0.0003,0,-12.98,-400,-387.02,-249534,0,1.5196,7.951,-499.9,-3499,1.1,0.24,12,-500,-1023,832,1,1,16,49451,5,30177,51.15
1945790,17667,0.061,0.0085,0.001,-14.11,-400,-385.89,-250355,0,1.5077,7.618,-499.9,-3499,1.1,0.24,12,-500,-1023,832,1,1,16,49471,169,29942,51.26
1945900,17668,-0.028,0.002,0,-15.28,-400,-384.72,-251136,0,1.4966,7.304,-500,-3500,1.11,0.24,12,-500,-1023,832,1,1,16,49449,39,29721,51.37
1946010,17669,-0.028,0.0001,0,-15.05,-400,-384.95,-250586,0,1.4875,7.047,-499.9,-3499,1.11,0.24,12,-500,-1023,832,1,1,16,49449,2,29540,51.48
1946120,17670,0.049,0.0005,0,-14.96,-400,-385.04,-250570,0,1.4758,6.719,-499.7,-3498,1.09,0.24,12,-500,-1023,832,1,1,16,49468,9,29309,51.59
1946230,17671,-0.008,0.0012,0,-15.46,-400,-384.54,-251064,0,1.4642,6.391,-499.9,-3499,1.09,0.24,12,-500,-1023,832,1,1,16,49454,24,29078,51.7
1946340,17672,0.008,0.001,0,-15.32,-400,-384.68,-250789,0,1.4548,6.125,-500.3,-3502,1.09,0.23,12,-500,-1023,832,1,1,16,49458,20,28891,51.81
1946450,17673,-0.02,0.0002,0,-15.21,-400,-384.79,-250727,0,1.442,5.765,-499.9,-3499,1.1,0.24,12,-500,-1023,832,1,1,16,49451,4,28637,51.92
1946560,17674,0,0.0001,0,-15.61,-400,-384.39,-251128,0,1.4342,5.543,-499.6,-3497,1.09,0.24,12,-500,-1023,832,1,1,16,49456,2,28481,52.03
1946670,17675,-0.02,0.0011,0,-14.98,-400,-385.02,-250436,0,1.4228,5.224,-500.1,-3501,1.1,0.24,12,-500,-1023,832,1,1,16,49451,22,28256,52.14
1946780,17676,0.021,0.0001,0,-16.27,-400,-383.73,-251807,0,1.4119,4.917,-500.7,-3505,1.1,0.24,12,-500,-1023,832,1,1,16,49461,2,28040,52.25
1946890,17677,0.041,0.004,0,-16.95,-400,-383.05,-252086,0,1.4031,4.667,-500,-3500,1.1,0.24,12,-500,-1023,832,1,1,16,49466,79,27864,52.36
1947000,17678,-0.072,0.0006,0,-17.05,-400,-382.95,-251986,0,1.3936,4.399,-500,-3500,1.09,0.24,12,-500,-1023,832,1,1,16,49438,11,27675,52.47
1947110,17679,0.004,0.0001,0,-20.72,-400,-379.28,-255374,0,1.3854,4.169,-500.1,-3501,1.09,0.23,12,-500,-1023,832,1,1,16,49457,2,27513,52.58
1947220,17680,-0.028,0.0001,0,-22.38,-400,-377.62,-255899,0,1.375,3.875,-500,-3500,1.08,0.23,12,-500,-1023,832,1,1,16,49449,2,27306,52.69
1947330,17681,0.033,0.0006,0,-24,-400,-376,-256936,0,1.365,3.593,-499.9,-3499,1.09,0.23,12,-500,-1023,832,1,1,16,49464,12,27108,52.8
1947440,17682,-0.088,0.0001,0,-24.8,-400,-375.2,-257232,0,1.3561,3.341,-499.9,-3499,1.08,0.23,12,-500,-1023,832,1,1,16,49434,2,26930,52.91
1947550,17683,-0.072,0.0081,-0.001,-25.87,-400,-374.13,-258003,0,1.3481,3.118,-499.9,-3499,1.08,0.23,12,-500,-1023,832,1,1,16,49438,161,26773,53.02
1947660,17684,-0.419,0.094,-0.039,-28.58,-400,-371.42,-260226,0,1.3465,3.072,-499.6,-3497,1.1,0.24,12,-500,-1023,832,1,1,16,49352,1866,26741,53.13
1947770,17685,-1.136,0.1182,-0.134,-32.62,-400,-367.38,-263232,0,1.3433,2.981,-499,-3493,1.13,0.25,12,-500,-1023,832,1,1,16,49174,2347,26677,53.24
1947880,17686,-0.886,0.0828,-0.073,-41.2,-400,-358.8,-270090,0,1.3377,2.822,-498.6,-3490,1.16,0.25,12,-500,-1023,832,1,1,16,49236,1645,26565,53.35
1947990,17687,-1.329,0.1277,-0.17,-54.97,-400,-345.03,-280510,0,1.3361,2.777,-498.3,-3488,1.2,0.26,12,-500,-1023,832,1,1,16,49126,2536,26533,53.46
1948100,17688,-0.974,0.0842,-0.082,-84.34,-400,-315.66,-304006,0,1.3355,2.761,-499,-3493,1.22,0.27,12,-500,-1023,832,1,1,16,49214,1672,26522,53.57
1948210,17689,-0.652,0.0679,-0.044,-105.1,-400,-294.9,-315128,0,1.3388,2.854,-498,-3486,1.24,0.27,12,-500,-1023,832,1,1,16,49294,1349,26587,53.68
1948320,17690,-2.163,0.2197,-0.475,-122.97,-400,-277.03,-325956,0,1.3424,2.954,-498,-3486,1.26,0.28,12,-500,-1023,832,1,1,16,48919,4364,26658,53.79
1948430,17691,-1.136,0.1379,-0.157,-142.18,-400,-257.82,-338857,0,1.3428,2.966,-498.1,-3487,1.28,0.28,12,-500,-1023,832,1,1,16,49174,2739,26666,53.9
1948540,17692,-2.223,0.222,-0.494,-178.34,-400,-221.66,-367144,0,1.3432,2.977,-497.7,-3484,1.3,0.29,12,-500,-1023,832,1,1,16,48904,4409,26674,54.01
1948650,17693,-1.51,0.1502,-0.227,-202.99,-400,-197.01,-379994,0,1.3426,2.962,-497.7,-3484,1.32,0.29,12,-500,-1023,832,1,1,16,49081,2982,26663,54.12
1948760,17694,-2.179,0.2185,-0.476,-224.35,-400,-175.65,-392991,0,1.3427,2.964,-498,-3486,1.32,0.29,12,-500,-1023,832,1,1,16,48915,4340,26665,54.23
1948870,17695,-1.389,0.1201,-0.167,-244.82,-400,-155.18,-406076,0,1.3407,2.908,-498.3,-3488,1.32,0.29,12,-500,-1023,832,1,1,16,49111,2385,26625,54.34
1948980,17696,-1.7,0.1654,-0.281,-278.7,-400,-121.3,-431902,0,1.3357,2.766,-497.7,-3484,1.33,0.29,12,-500,-774,832,1,1,0,49034,3285,26525,54.45
1949090,17697,-1.687,0.1419,-0.239,-302.08,-400,-97.92,-444199,0,1.3315,2.648,-498.1,-3487,1.36,0.3,12,-500,-733,832,1,1,0,49037,2818,26442,54.56
1949200,17698,-2.687,0.2885,-0.775,-321.07,-400,-78.93,-455351,0,1.3291,2.58,-498.6,-3490,1.38,0.31,12,-500,-587,832,1,1,0,48789,5730,26394,54.67
1949310,17699,-2.687,0.2682,-0.72,-336.92,-400,-63.08,-464801,0,1.331,2.634,-498,-3486,1.39,0.31,12,-500,-451,832,1,1,0,48789,5326,26432,54.78
1949420,17700,-3.118,0.2535,-0.79,-351.03,-400,-48.97,-473503,0,1.3338,2.715,-498.3,-3488,1.39,0.31,12,-500,-301,832,1,1,0,48682,5035,26489,54.89
1949530,17701,-2.55,0.1958,-0.499,-369.8,-400,-30.2,-487036,0,1.3349,2.744,-498.6,-3490,1.39,0.31,12,-500,200,832,1,1,0,48823,3889,26510,55
1949640,17702,-1.434,0.1977,-0.284,-380.24,-400,-19.76,-491517,0,1.3356,2.764,-498.7,-3491,1.38,0.3,12,-500,200,832,1,1,0,49100,3927,26524,55.11
1949750,17703,-0.805,0.0614,-0.049,-386.2,-400,-13.8,-494146,0,1.3367,2.795,-498.6,-3490,1.38,0.31,12,-500,-200,832,1,1,0,49256,1220,26546,55.22
1949860,17704,-2.368,0.2527,-0.599,-387.87,-400,-12.13,-494037,0,1.3365,2.79,-498.9,-3492,1.39,0.31,12,-500,-200,832,1,1,0,48868,5019,26542,55.33
1949970,17705,-2.59,0.2225,-0.576,-385.13,-400,-14.87,-491022,0,1.3364,2.785,-499,-3493,1.4,0.31,12,-500,-283,832,1,1,0,48813,4418,26539,55.44
1950080,17706,-2.852,0.2895,-0.826,-384.07,-400,-15.93,-490799,0,1.3346,2.736,-498.6,-3490,1.41,0.32,12,-500,-252,832,1,1,0,48748,5749,26504,55.55
1950190,17707,-2.304,0.2661,-0.613,-384.45,-400,-15.55,-491447,0,1.3305,2.621,-498.7,-3491,1.41,0.31,12,-500,-207,832,1,1,0,48884,5284,26423,55.66
1950300,17708,-1.784,0.1841,-0.328,-386.11,-400,-13.89,-492886,0,1.3259,2.492,-499.1,-3494,1.42,0.32,12,-500,-200,832,1,1,0,49013,3656,26332,55.77
1950410,17709,-1.724,0.1437,-0.248,-388.53,-400,-11.47,-494672,0,1.3237,2.429,-500,-3500,1.4,0.31,12,-500,-200,832,1,1,0,49028,2854,26288,55.88
1950520,17710,-3.456,0.229,-0.791,-391.3,-400,-8.7,-496577,0,1.3254,2.477,-498.9,-3492,1.42,0.32,12,-500,-200,832,1,1,0,48598,4547,26322,55.99
1950630,17711,-2.699,0.2317,-0.625,-392.59,-400,-7.41,-497010,0,1.3281,2.551,-498.7,-3491,1.45,0.32,12,-500,-200,832,1,1,0,48786,4602,26374,56.1
1950740,17712,-0.886,0.0807,-0.071,-393.42,-400,-6.58,-497419,0,1.3313,2.644,-498.3,-3488,1.48,0.33,12,-500,-200,832,1,1,0,49236,1602,26439,56.21
1950850,17713,-3.855,0.356,-1.372,-394.24,-400,-5.76,-497947,0,1.3319,2.661,-498.4,-3489,1.5,0.34,12,-500,-200,832,1,1,0,48499,7069,26451,56.32
1950960,17714,-0.954,0.1247,-0.119,-395.59,-400,-4.41,-498980,0,1.3327,2.682,-498.6,-3490,1.49,0.33,12,-500,-200,832,1,1,0,49219,2476,26466,56.43
1951070,17715,-1.571,0.1741,-0.273,-396.74,-400,-3.26,-499667,0,1.3333,2.699,-498.7,-3491,1.48,0.33,12,-500,-200,832,1,1,0,49066,3457,26478,56.54
1951180,17716,-1.78,0.1609,-0.286,-397.81,-400,-2.19,-500346,0,1.3328,2.686,-498.9,-3492,1.5,0.34,12,-500,-200,832,1,1,0,49014,3196,26469,56.65
1951290,17717,-1.571,0.13,-0.204,-398.73,-400,0,-500900,0,1.3307,2.626,-498.1,-3487,1.55,0.35,12,-500,200,832,1,1,0,49066,2582,26427,56.76
1951400,17718,-1.937,0.2221,-0.43,-400.3,-400,0,-502108,0,1.3263,2.503,-499,-3493,1.51,0.34,12,-500,200,832,1,1,0,48975,4411,26340,56.87
1951510,17719,-3.041,0.2268,-0.69,-401.11,-400,0,-502426,0,1.3218,2.375,-499.6,-3497,1.48,0.33,12,-500,200,832,1,1,0,48701,4504,26250,56.98
1951620,17720,-2.288,0.1631,-0.373,-400.52,-400,0,-501648,0,1.3206,2.341,-499.7,-3498,1.48,0.33,12,-500,-200,832,1,1,0,48888,3240,26226,57.09
1951730,17721,-1.502,0.2371,-0.356,-398.88,-400,0,-500282,0,1.3229,2.406,-499.6,-3497,1.48,0.33,12,-500,-200,832,1,1,0,49083,4709,26272,57.2
1951840,17722,-2.691,0.2524,-0.679,-397.21,-400,-2.79,-499186,0,1.3254,2.476,-500.1,-3501,1.44,0.32,12,-500,-200,832,1,1,0,48788,5013,26321,57.31
1951950,17723,-1.293,0.2041,-0.264,-395.58,-400,-4.42,-498137,0,1.3269,2.52,-500,-3500,1.44,0.32,12,-500,-200,832,1,1,0,49135,4053,26352,57.42
1952060,17724,-0.612,0.064,-0.039,-395.42,-400,-4.58,-498442,0,1.328,2.548,-500.6,-3504,1.42,0.32,12,-500,-200,832,1,1,0,49304,1270,26372,57.53
1952170,17725,-1.937,0.1838,-0.356,-395.99,-400,-4.01,-499020,0,1.3285,2.563,-499.7,-3498,1.43,0.32,12,-500,-200,832,1,1,0,48975,3650,26382,57.64
1952280,17726,-2.328,0.1293,-0.301,-396.88,-400,-3.12,-499690,0,1.3289,2.575,-499.7,-3498,1.44,0.32,12,-500,-200,832,1,1,0,48878,2567,26391,57.75
1952390,17727,-1.784,0.1809,-0.323,-398.55,-400,0,-500990,0,1.3295,2.591,-499.7,-3498,1.46,0.33,12,-500,200,832,1,1,0,49013,3592,26402,57.86
1952500,17728,-1.526,0.0969,-0.148,-400.01,-400,0,-501892,0,1.3283,2.557,-500,-3500,1.45,0.32,12,-500,200,832,1,1,0,49077,1924,26378,57.97
1952610,17729,-1.881,0.2629,-0.494,-400.76,-400,0,-502174,0,1.3246,2.453,-499.1,-3494,1.46,0.33,12,-500,200,832,1,1,0,48989,5220,26305,58.08
1952720,17730,-1.579,0.2275,-0.359,-400.35,-400,0,-501591,0,1.3195,2.31,-499.4,-3496,1.46,0.33,12,-500,-200,832,1,1,0,49064,4517,26204,58.19
1952830,17731,-0.769,0.1134,-0.087,-398.98,-400,0,-500429,0,1.3166,2.229,-499.1,-3494,1.49,0.33,12,-500,-200,832,1,1,0,49265,2252,26147,58.3
1952940,17732,-1.273,0.1334,-0.17,-396.68,-400,-3.32,-498668,0,1.318,2.269,-500.1,-3501,1.48,0.33,12,-500,-200,832,1,1,0,49140,2649,26175,58.41
1953050,17733,-0.41,0.0343,-0.014,-395.83,-400,-4.17,-498516,0,1.3224,2.392,-499.1,-3494,1.48,0.33,12,-500,-200,832,1,1,0,49354,681,26262,58.52
1953160,17734,-1.889,0.1962,-0.371,-396.27,-400,-3.73,-499168,0,1.3244,2.448,-499.1,-3494,1.5,0.34,12,-500,-200,832,1,1,0,48987,3896,26301,58.63
1953270,17735,-0.66,0.0892,-0.059,-397.15,-400,-2.85,-499858,0,1.3248,2.459,-499.6,-3497,1.51,0.34,12,-500,-200,832,1,1,0,49292,1771,26309,58.74
1953380,17736,-2.392,0.2187,-0.523,-398.41,-400,0,-500788,0,1.3258,2.487,-499.9,-3499,1.47,0.33,12,-500,200,832,1,1,0,48862,4343,26329,58.85
1953490,17737,-1.873,0.3383,-0.634,-399.32,-400,0,-501284,0,1.3263,2.501,-499.7,-3498,1.46,0.33,12,-500,200,832,1,1,0,48991,6719,26339,58.96
1953600,17738,-2.183,0.2093,-0.457,-399.92,-400,0,-501589,0,1.3263,2.501,-500.3,-3502,1.44,0.32,12,-500,200,832,1,1,0,48914,4156,26339,59.07
1953710,17739,-3.174,0.2711,-0.86,-399.78,-400,0,-501293,0,1.3252,2.47,-500.7,-3505,1.42,0.32,12,-500,-200,832,1,1,0,48668,5384,26317,59.18
1953820,17740,-1.293,0.0015,-0.002,-398.36,-400,0,-500009,0,1.3228,2.402,-501.3,-3509,1.4,0.31,12,-500,-200,832,1,1,0,49135,29,26269,59.29
1953930,17741,-1.083,0.1136,-0.123,-397.42,-400,-2.58,-499533,0,1.3176,2.257,-500.6,-3504,1.39,0.31,12,-500,-200,832,1,1,0,49187,2256,26167,59.4
1954040,17742,-1.216,0.1078,-0.131,-397,-400,-3,-499400,0,1.3145,2.168,-500.7,-3505,1.39,0.31,12,-500,-200,832,1,1,0,49154,2140,26104,59.51
1954150,17743,-1.965,0.232,-0.456,-397.11,-400,-2.89,-499619,0,1.3144,2.165,-500.9,-3506,1.38,0.31,12,-500,-200,832,1,1,0,48968,4607,26102,59.62
1954260,17744,-1.929,0.1672,-0.323,-397.49,-400,-2.51,-499947,0,1.3176,2.256,-501,-3507,1.37,0.31,12,-500,-200,832,1,1,0,48977,3321,26166,59.73
1954370,17745,-0.966,0.0622,-0.06,-397.94,-400,-2.06,-500253,0,1.3209,2.348,-500.6,-3504,1.37,0.31,12,-500,-200,832,1,1,0,49216,1235,26231,59.84
1954480,17746,-0.596,0.0487,-0.029,-398.04,-400,0,-500221,0,1.3206,2.341,-500.1,-3501,1.4,0.31,12,-500,200,832,1,1,0,49308,968,26226,59.95
1954590,17747,-2.3,0.2633,-0.606,-398.33,-400,0,-500465,0,1.3228,2.402,-499.4,-3496,1.43,0.32,12,-500,200,832,1,1,0,48885,5229,26269,60.06
1954700,17748,-1.639,0.2473,-0.405,-398.5,-400,0,-500543,0,1.3235,2.423,-499.6,-3497,1.45,0.33,12,-500,200,832,1,1,0,49049,4911,26284,60.17
1954810,17749,-1.683,0.1929,-0.325,-397.4,-400,-2.6,-499470,0,1.3235,2.423,-499.4,-3496,1.45,0.32,12,-500,-200,832,1,1,0,49038,3831,26284,60.28
1954920,17750,-1.224,0.2348,-0.287,-396.3,-400,-3.7,-498755,0,1.3225,2.394,-500.3,-3502,1.43,0.32,12,-500,-200,832,1,1,0,49152,4663,26263,60.39
1955030,17751,-2.074,0.2027,-0.42,-395.07,-400,-4.93,-497922,0,1.3204,2.334,-500.7,-3505,1.39,0.31,12,-500,-200,832,1,1,0,48941,4026,26221,60.5
1955140,17752,-3.387,0.3244,-1.099,-394.33,-400,-5.67,-497567,0,1.3159,2.208,-500.7,-3505,1.39,0.31,12,-500,-200,832,1,1,0,48615,6443,26132,60.61
1955250,17753,-2.755,0.2239,-0.617,-394.09,-400,-5.91,-497558,0,1.3125,2.114,-501.1,-3508,1.38,0.31,12,-500,-200,832,1,1,0,48772,4446,26066,60.72
1955360,17754,-1.107,0.1253,-0.139,-393.89,-400,-6.11,-497438,0,1.3117,2.09,-500.4,-3503,1.38,0.31,12,-500,-200,832,1,1,0,49181,2489,26049,60.83
1955470,17755,-1.716,0.1818,-0.312,-393.84,-400,-6.16,-497441,0,1.3137,2.145,-500.6,-3504,1.37,0.31,12,-500,-200,832,1,1,0,49030,3611,26088,60.94
1955580,17756,-1.994,0.206,-0.411,-393.83,-400,-6.17,-497455,0,1.3163,2.219,-500.4,-3503,1.37,0.3,12,-500,-200,832,1,1,0,48961,4090,26140,61.05
1955690,17757,-4.387,0.3545,-1.555,-393.63,-400,-6.37,-497264,0,1.318,2.269,-500.6,-3504,1.37,0.3,12,-500,-200,832,1,1,0,48367,7040,26175,61.16
1955800,17758,-1.035,0.1668,-0.173,-392.5,-400,-7.5,-496272,0,1.3184,2.28,-500,-3500,1.37,0.31,12,-500,-200,832,1,1,0,49199,3313,26183,61.27
1955910,17759,-1.132,0.0498,-0.056,-391.72,-400,-8.28,-495858,0,1.3195,2.31,-500,-3500,1.37,0.31,12,-500,-200,832,1,1,0,49175,988,26204,61.38
1956020,17760,-2.924,0.3439,-1.006,-391.19,-400,-8.81,-495590,0,1.3204,2.335,-500.1,-3501,1.39,0.31,12,-500,-200,832,1,1,0,48730,6829,26222,61.49
1956130,17761,-2.525,0.1887,-0.477,-390.7,-400,-9.3,-495276,0,1.3197,2.317,-500.6,-3504,1.38,0.3,12,-500,-200,832,1,1,0,48829,3748,26209,61.6
1956240,17762,-2.582,0.2514,-0.649,-390.13,-400,-9.87,-494886,0,1.3172,2.246,-500.6,-3504,1.34,0.3,12,-500,-200,832,1,1,0,48815,4993,26159,61.71
1956350,17763,-3.13,0.1903,-0.596,-389.74,-400,-10.26,-494678,0,1.314,2.155,-500.3,-3502,1.32,0.29,12,-500,-200,832,1,1,0,48679,3779,26095,61.82
1956460,17764,-2.066,0.2689,-0.556,-388.94,-400,-11.06,-494039,0,1.3087,2.004,-500.6,-3504,1.33,0.29,12,-500,-200,832,1,1,0,48943,5340,25989,61.93
1956570,17765,-3.726,0.192,-0.715,-388.05,-400,-11.95,-493437,0,1.3068,1.951,-500.6,-3504,1.34,0.3,12,-500,-200,832,1,1,0,48531,3813,25951,62.04
1956680,17766,-2.272,0.1888,-0.429,-387.53,-400,-12.47,-493201,0,1.3088,2.007,-501,-3507,1.34,0.3,12,-500,-200,832,1,1,0,48892,3749,25991,62.15
1956790,17767,-3.162,0.3495,-1.105,-386.62,-400,-13.38,-492503,0,1.3133,2.135,-500.4,-3503,1.33,0.29,12,-500,-212,832,1,1,0,48671,6941,26081,62.26
1956900,17768,-2.832,0.2964,-0.839,-385.65,-400,-14.35,-491855,0,1.3146,2.172,-500.3,-3502,1.33,0.3,12,-500,-227,832,1,1,0,48753,5886,26107,62.37
1957010,17769,-0.35,0.053,-0.019,-384.9,-400,-15.1,-491425,0,1.3152,2.188,-500,-3500,1.35,0.3,12,-500,-232,832,1,1,0,49369,1053,26118,62.48
1957120,17770,-1.913,0.1024,-0.196,-384.38,-400,-15.62,-491154,0,1.3155,2.198,-499.4,-3496,1.38,0.31,12,-500,-233,832,1,1,0,48981,2034,26125,62.59
1957230,17771,-3.907,0.3582,-1.4,-383.82,-400,-16.18,-490772,0,1.3151,2.186,-499.3,-3495,1.4,0.31,12,-500,-242,832,1,1,0,48486,7114,26117,62.7
1957340,17772,-1.865,0.1825,-0.34,-384.21,-400,-15.79,-491292,0,1.3162,2.217,-499.3,-3495,1.4,0.31,12,-500,-210,832,1,1,0,48993,3625,26139,62.81
1957450,17773,-1.837,0.1967,-0.361,-384.71,-400,-15.29,-491652,0,1.3149,2.181,-499.4,-3496,1.41,0.32,12,-500,-200,832,1,1,0,49000,3906,26113,62.92
1957560,17774,-0.769,0.0817,-0.063,-385.24,-400,-14.76,-492005,0,1.3122,2.104,-499.9,-3499,1.39,0.31,12,-500,-200,832,1,1,0,49265,1622,26059,63.03
1957670,17775,-2.554,0.215,-0.549,-385.42,-400,-14.58,-492025,0,1.3069,1.953,-500,-3500,1.34,0.3,12,-500,-200,832,1,1,0,48822,4269,25953,63.14
1957780,17776,-1.772,0.0396,-0.07,-384.85,-400,-15.15,-491438,0,1.3037,1.864,-500.4,-3503,1.32,0.29,12,-500,-228,832,1,1,0,49016,786,25890,63.25
1957890,17777,-2.36,0.3013,-0.711,-383.95,-400,-16.05,-490764,0,1.3044,1.884,-500.6,-3504,1.33,0.3,12,-500,-249,832,1,1,0,48870,5984,25904,63.36
1958000,17778,-0.366,0.0289,-0.011,-383.03,-400,-16.97,-490155,0,1.3075,1.97,-500.3,-3502,1.34,0.3,12,-500,-263,832,1,1,0,49365,574,25965,63.47
1958110,17779,-2.018,0.2405,-0.485,-382.38,-400,-17.62,-489817,0,1.3114,2.081,-500,-3500,1.33,0.3,12,-500,-264,832,1,1,0,48955,4776,26043,63.58
1958220,17780,-3.762,0.2926,-1.101,-383.12,-400,-16.88,-490683,0,1.3128,2.121,-500.6,-3504,1.33,0.29,12,-500,-216,832,1,1,0,48522,5811,26071,63.69
1958330,17781,-1.446,0.2672,-0.386,-384.23,-400,-15.77,-491503,0,1.3128,2.121,-500.3,-3502,1.32,0.29,12,-500,-200,832,1,1,0,49097,5307,26071,63.8
1958440,17782,-2.413,0.1648,-0.397,-385.09,-400,-14.91,-491998,0,1.3126,2.115,-500.6,-3504,1.3,0.29,12,-500,-200,832,1,1,0,48857,3272,26067,63.91
1958550,17783,-2.594,0.1951,-0.506,-385.19,-400,-14.81,-491856,0,1.3134,2.138,-500.4,-3503,1.31,0.29,12,-500,-204,832,1,1,0,48812,3874,26083,64.02
1958660,17784,-3.484,0.2254,-0.785,-384.2,-400,-15.8,-490899,0,1.3125,2.112,-500.1,-3501,1.31,0.29,12,-500,-248,832,1,1,0,48591,4477,26065,64.13
1958770,17785,-1.397,0.1248,-0.174,-383.41,-400,-16.59,-490447,0,1.309,2.014,-500.7,-3505,1.32,0.29,12,-500,-254,832,1,1,0,49109,2478,25996,64.24
1958880,17786,-1.514,0.2279,-0.345,-382.74,-400,-17.26,-490042,0,1.3037,1.864,-500.7,-3505,1.3,0.29,12,-500,-260,832,1,1,0,49080,4525,25890,64.35
1958990,17787,-4.427,0.3071,-1.359,-381.84,-400,-18.16,-489387,0,1.3016,1.804,-500.7,-3505,1.3,0.29,12,-500,-279,832,1,1,0,48357,6098,25848,64.46
1959100,17788,-2.215,0.1436,-0.318,-381.06,-400,-18.94,-488918,0,1.3015,1.803,-500.3,-3502,1.29,0.29,12,-500,-286,832,1,1,0,48906,2852,25847,64.57
1959210,17789,-3.899,0.4017,-1.566,-379.81,-400,-20.19,-487970,0,1.3033,1.854,-500.6,-3504,1.3,0.29,12,-500,-317,832,1,1,0,48488,7977,25883,64.68
1959320,17790,-0.656,0.0728,-0.048,-378.92,-400,-21.08,-487490,0,1.3049,1.898,-500.6,-3504,1.3,0.29,12,-500,-319,832,1,1,0,49293,1445,25914,64.79
1959430,17791,-0.535,0.0448,-0.024,-378.88,-400,-21.12,-487702,0,1.3066,1.946,-500,-3500,1.31,0.29,12,-500,-297,832,1,1,0,49323,889,25948,64.9
1959540,17792,-4.431,0.4234,-1.876,-379.63,-400,-20.37,-488407,0,1.3077,1.978,-500,-3500,1.31,0.29,12,-500,-265,832,1,1,0,48356,8408,25970,65.01
1959650,17793,-1.377,0.1461,-0.201,-381.89,-400,-18.11,-490306,0,1.3074,1.969,-500.3,-3502,1.3,0.29,12,-500,-200,832,1,1,0,49114,2901,25964,65.12
1959760,17794,-3.251,0.2227,-0.724,-382.93,-400,-17.07,-490640,0,1.3089,2.012,-500,-3500,1.3,0.29,12,-500,-211,832,1,1,0,48649,4423,25994,65.23
1959870,17795,-1.446,0.1257,-0.182,-382.97,-400,-17.03,-490392,0,1.3083,1.993,-500.1,-3501,1.3,0.29,12,-500,-237,832,1,1,0,49097,2496,25981,65.34
1959980,17796,-2.614,0.3289,-0.86,-382.3,-400,-17.7,-489752,0,1.3057,1.922,-499.7,-3498,1.31,0.29,12,-500,-266,832,1,1,0,48807,6532,25931,65.45
1960090,17797,-4.29,0.4397,-1.886,-381.49,-400,-18.51,-489184,0,1.3012,1.793,-500,-3500,1.32,0.29,12,-500,-281,832,1,1,0,48391,8732,25840,65.56
1960200,17798,-2.505,0.1047,-0.262,-380.39,-400,-19.61,-488387,0,1.2958,1.642,-500,-3500,1.34,0.3,12,-500,-305,832,1,1,0,48834,2080,25734,65.67
1960310,17799,-1.913,0.3319,-0.635,-379.43,-400,-20.57,-487803,0,1.2953,1.627,-499.4,-3496,1.37,0.3,12,-500,-314,832,1,1,0,48981,6591,25723,65.78
1960420,17800,-2.872,0.1562,-0.448,-378.56,-400,-21.44,-487261,0,1.2983,1.712,-499,-3493,1.39,0.31,12,-500,-324,832,1,1,0,48743,3101,25783,65.89
1960530,17801,-0.89,0.0751,-0.067,-378.47,-400,-21.53,-487418,0,1.3021,1.82,-499.3,-3495,1.39,0.31,12,-500,-304,832,1,1,0,49235,1492,25859,66
1960640,17802,-1.893,0.1207,-0.228,-378.73,-400,-21.27,-487686,0,1.3029,1.841,-499.4,-3496,1.38,0.31,12,-500,-291,832,1,1,0,48986,2396,25874,66.11
1960750,17803,-3.589,0.3413,-1.225,-379.03,-400,-20.97,-487892,0,1.3032,1.851,-499.1,-3494,1.39,0.31,12,-500,-285,832,1,1,0,48565,6777,25881,66.22
1960860,17804,-3.222,0.2196,-0.708,-379.05,-400,-20.95,-487825,0,1.3034,1.855,-499,-3493,1.39,0.31,12,-500,-293,832,1,1,0,48656,4362,25884,66.33
1960970,17805,-2.864,0.3294,-0.943,-378.5,-400,-21.5,-487313,0,1.3044,1.885,-499,-3493,1.4,0.31,12,-500,-316,832,1,1,0,48745,6541,25905,66.44
1961080,17806,-4.177,0.43,-1.796,-377.23,-400,-22.77,-486283,0,1.3036,1.862,-499.6,-3497,1.41,0.31,12,-500,-353,832,1,1,0,48419,8539,25889,66.55
1961190,17807,-1.091,0.1082,-0.118,-376.42,-400,-23.58,-485881,0,1.3015,1.803,-499.1,-3494,1.4,0.31,12,-500,-352,832,1,1,0,49185,2149,25847,66.66
1961300,17808,-3.206,0.2581,-0.828,-375.95,-400,-24.05,-485673,0,1.2972,1.682,-499.3,-3495,1.39,0.31,12,-500,-349,832,1,1,0,48660,5126,25762,66.77
1961410,17809,-3.287,0.0378,-0.124,-376.16,-400,-23.84,-485999,0,1.2929,1.559,-499.7,-3498,1.4,0.31,12,-500,-328,832,1,1,0,48640,750,25675,66.88
1961520,17810,-3.682,0.4401,-1.62,-377.22,-400,-22.78,-486923,0,1.2919,1.532,-500.1,-3501,1.4,0.31,12,-500,-290,832,1,1,0,48542,8739,25656,66.99
1961630,17811,-1.615,0.1644,-0.266,-379.1,-400,-20.9,-488385,0,1.2924,1.546,-499.6,-3497,1.39,0.31,12,-500,-241,832,1,1,0,49055,3265,25666,67.1
1961740,17812,-3.263,0.3011,-0.982,-379.65,-400,-20.35,-488370,0,1.2971,1.679,-499.9,-3499,1.38,0.31,12,-500,-270,832,1,1,0,48646,5980,25760,67.21
1961850,17813,-0.423,0.0111,-0.005,-379.34,-400,-20.66,-487926,0,1.2995,1.746,-499.9,-3499,1.38,0.31,12,-500,-298,832,1,1,0,49351,221,25807,67.32
1961960,17814,-2.767,0.2976,-0.823,-379,-400,-21,-487695,0,1.3003,1.769,-500.1,-3501,1.36,0.3,12,-500,-303,832,1,1,0,48769,5910,25823,67.43
1962070,17815,-2.207,0.1077,-0.238,-377.57,-400,-22.43,-486460,0,1.2998,1.753,-499.7,-3498,1.36,0.3,12,-500,-353,832,1,1,0,48908,2138,25812,67.54
1962180,17816,-0.608,0.0317,-0.019,-376.64,-400,-23.36,-485994,0,1.2998,1.755,-500.1,-3501,1.36,0.3,12,-500,-352,832,1,1,0,49305,629,25813,67.65
1962290,17817,-4.906,0.4046,-1.985,-375.97,-400,-24.03,-485624,0,1.3016,1.806,-500,-3500,1.36,0.3,12,-500,-355,832,1,1,0,48238,8035,25849,67.76
1962400,17818,-3.081,0.2299,-0.708,-375.85,-400,-24.15,-485703,0,1.2973,1.684,-500.4,-3503,1.34,0.3,12,-500,-341,832,1,1,0,48691,4565,25763,67.87
1962510,17819,-3.71,0.2511,-0.931,-376.54,-400,-23.46,-486380,0,1.2937,1.581,-500,-3500,1.34,0.3,12,-500,-310,832,1,1,0,48535,4986,25691,67.98
1962620,17820,-3.049,0.4055,-1.236,-378.17,-400,-21.83,-487704,0,1.2902,1.483,-500.1,-3501,1.33,0.3,12,-500,-261,832,1,1,0,48699,8053,25622,68.09
1962730,17821,-0.217,0.014,-0.003,-378.62,-400,-21.38,-487668,0,1.2876,1.411,-500,-3500,1.34,0.3,12,-500,-287,832,1,1,0,49402,279,25571,68.2
1962840,17822,-1.937,0.1979,-0.383,-378.4,-400,-21.6,-487341,0,1.2888,1.445,-500.7,-3505,1.33,0.3,12,-500,-308,832,1,1,0,48975,3930,25595,68.31
1962950,17823,-0.128,0.0072,-0.001,-377.85,-400,-22.15,-486883,0,1.2909,1.505,-499.9,-3499,1.34,0.3,12,-500,-325,832,1,1,0,49424,142,25637,68.42
1963060,17824,-2.723,0.1007,-0.274,-376.49,-400,-23.51,-485779,0,1.2937,1.583,-499.7,-3498,1.36,0.3,12,-500,-366,832,1,1,0,48780,1999,25692,68.53
1963170,17825,-3.468,0.2428,-0.842,-375.53,-400,-24.47,-485262,0,1.2935,1.576,-499.7,-3498,1.36,0.3,12,-500,-369,832,1,1,0,48595,4822,25687,68.64
1963280,17826,-2.135,0.105,-0.224,-374.87,-400,-25.13,-484910,0,1.2948,1.613,-499.4,-3496,1.38,0.31,12,-500,-370,832,1,1,0,48926,2086,25713,68.75
1963390,17827,-0.08,0.0335,-0.003,-374.25,-400,-25.75,-484527,0,1.2952,1.624,-499,-3493,1.41,0.31,12,-500,-377,832,1,1,0,49436,665,25721,68.86
1963500,17828,-2.981,0.3221,-0.96,-372.91,-400,-27.09,-483445,0,1.2956,1.637,-498.7,-3491,1.44,0.32,12,-500,-416,832,1,1,0,48716,6396,25730,68.97
1963610,17829,-1.986,0.2733,-0.543,-372.21,-400,-27.79,-483170,0,1.2948,1.613,-498.3,-3488,1.48,0.33,12,-500,-408,832,1,1,0,48963,5428,25713,69.08
1963720,17830,-1.74,0.215,-0.374,-371.77,-400,-28.23,-482954,0,1.2912,1.512,-498.7,-3491,1.48,0.33,12,-500,-407,832,1,1,0,49024,4269,25642,69.19
1963830,17831,-3.13,0.3478,-1.088,-371.1,-400,-28.9,-482453,0,1.2858,1.358,-498.1,-3487,1.48,0.33,12,-500,-423,832,1,1,0,48679,6907,25534,69.3
1963940,17832,-1.619,0.1062,-0.172,-370.47,-400,-29.53,-482059,0,1.2829,1.279,-498,-3486,1.51,0.34,12,-500,-430,832,1,1,0,49054,2110,25478,69.41
1964050,17833,-3.424,0.2893,-0.99,-369.75,-400,-30.25,-481562,0,1.2838,1.303,-498,-3486,1.56,0.35,12,-500,-443,832,1,1,0,48606,5745,25495,69.52
1964160,17834,-1.176,0.2395,-0.282,-369.95,-400,-30.05,-481947,0,1.2884,1.434,-496.3,-3474,1.64,0.37,12,-500,-415,832,1,1,0,49164,4756,25587,69.63
1964270,17835,-3.436,0.2638,-0.906,-372.08,-400,-27.92,-483880,0,1.2913,1.516,-495.9,-3471,1.73,0.39,12,-500,-333,832,1,1,0,48603,5238,25645,69.74
1964380,17836,-3.657,0.2351,-0.86,-375.34,-400,-24.66,-486316,0,1.2909,1.505,-496.1,-3473,1.78,0.4,12,-500,-256,832,1,1,0,48548,4669,25637,69.85
1964490,17837,-2.517,0.1421,-0.358,-380.31,-400,-19.69,-490029,0,1.2911,1.51,-497.1,-3480,1.71,0.39,12,-500,-200,832,1,1,0,48831,2821,25641,69.96
1964600,17838,-1.514,0.0972,-0.147,-382.36,-400,-17.64,-490555,0,1.2929,1.56,-498.1,-3487,1.67,0.38,12,-500,-200,832,1,1,0,49080,1930,25676,70.07
1964710,17839,-2.852,0.2625,-0.749,-382.69,-400,-17.31,-490283,0,1.292,1.534,-498.1,-3487,1.7,0.38,12,-500,-234,832,1,1,0,48748,5214,25658,70.18
1964820,17840,-3.843,0.3547,-1.363,-382.27,-400,-17.73,-489807,0,1.2908,1.502,-497,-3479,1.76,0.4,12,-500,-259,832,1,1,0,48502,7045,25635,70.29
1964930,17841,-2.763,0.0405,-0.112,-381.63,-400,-18.37,-489320,0,1.2856,1.353,-497.3,-3481,1.76,0.4,12,-500,-275,832,1,1,0,48770,804,25530,70.4
1965040,17842,-4.979,0.4523,-2.252,-380.75,-400,-19.25,-488685,0,1.2804,1.206,-498.7,-3491,1.71,0.39,12,-500,-293,832,1,1,0,48220,8982,25427,70.51
1965150,17843,-3.025,0.1891,-0.572,-379.94,-400,-20.06,-488174,0,1.2805,1.209,-500.1,-3501,1.64,0.37,12,-500,-303,832,1,1,0,48705,3755,25429,70.62
1965260,17844,-4.33,0.4405,-1.907,-379.22,-400,-20.78,-487730,0,1.2819,1.25,-499.1,-3494,1.63,0.37,12,-500,-311,832,1,1,0,48381,8747,25458,70.73
1965370,17845,-0.092,0.007,-0.001,-378.7,-400,-21.3,-487447,0,1.2852,1.341,-498.7,-3491,1.69,0.38,12,-500,-312,832,1,1,0,49433,140,25522,70.84
1965480,17846,-3.625,0.2788,-1.011,-377.59,-400,-22.41,-486564,0,1.2876,1.411,-498.7,-3491,1.71,0.39,12,-500,-344,832,1,1,0,48556,5536,25571,70.95
1965590,17847,-3.311,0.3158,-1.046,-376.74,-400,-23.26,-486082,0,1.2882,1.427,-499.1,-3494,1.7,0.38,12,-500,-349,832,1,1,0,48634,6271,25582,71.06
1965700,17848,-3.295,0.2778,-0.915,-376.37,-400,-23.63,-485976,0,1.2882,1.427,-499.4,-3496,1.67,0.38,12,-500,-341,832,1,1,0,48638,5517,25582,71.17
1965810,17849,-3.625,0.3263,-1.183,-375.93,-400,-24.07,-485668,0,1.2902,1.483,-499.9,-3499,1.67,0.38,12,-500,-349,832,1,1,0,48556,6480,25622,71.28
1965920,17850,0.004,0.2396,0.001,-374.68,-400,-25.32,-484624,0,1.2903,1.486,-499.7,-3498,1.67,0.38,12,-500,-389,832,1,1,0,49457,4759,25624,71.39
1966030,17851,-2.836,0.2331,-0.661,-373.98,-400,-26.02,-484328,0,1.2878,1.417,-499,-3493,1.7,0.39,12,-500,-383,832,1,1,0,48752,4630,25575,71.5
1966140,17852,-2.312,0.1921,-0.444,-373.31,-400,-26.69,-483899,0,1.283,1.282,-498.3,-3488,1.73,0.39,12,-500,-392,832,1,1,0,48882,3815,25480,71.61
1966250,17853,-4.423,0.4211,-1.862,-373.03,-400,-26.97,-483823,0,1.2774,1.123,-499.3,-3495,1.73,0.39,12,-500,-385,832,1,1,0,48358,8363,25368,71.72
1966360,17854,-1.639,0.1178,-0.193,-374.21,-400,-25.79,-484997,0,1.2765,1.099,-499.6,-3497,1.73,0.39,12,-500,-329,832,1,1,0,49049,2339,25351,71.83
1966470,17855,-0.612,0.0397,-0.024,-378.48,-400,-21.52,-488647,0,1.2784,1.151,-499.6,-3497,1.72,0.39,12,-500,-200,832,1,1,0,49304,788,25388,71.94
1966580,17856,-2.106,0.0953,-0.201,-381.85,-400,-18.15,-490589,0,1.2817,1.243,-499.1,-3494,1.71,0.39,12,-500,-200,832,1,1,0,48933,1892,25453,72.05
1966690,17857,-2.493,0.2318,-0.578,-384.37,-400,-15.63,-491989,0,1.2841,1.313,-499.6,-3497,1.71,0.39,12,-500,-200,832,1,1,0,48837,4604,25502,72.16
1966800,17858,-2.618,0.3041,-0.796,-385.46,-400,-14.54,-492304,0,1.2851,1.339,-499.6,-3497,1.72,0.39,12,-500,-200,832,1,1,0,48806,6039,25520,72.27
1966910,17859,-4.213,0.3531,-1.488,-384.71,-400,-15.29,-491303,0,1.2843,1.319,-498.6,-3490,1.73,0.39,12,-500,-234,832,1,1,0,48410,7012,25506,72.38
1967020,17860,-3.625,0.3438,-1.246,-384.1,-400,-15.9,-490944,0,1.2864,1.375,-498.9,-3492,1.78,0.4,12,-500,-239,832,1,1,0,48556,6827,25546,72.49
1967130,17861,-1.728,0.1557,-0.269,-383.74,-400,-16.26,-490774,0,1.2863,1.374,-499.7,-3498,1.73,0.39,12,-500,-238,832,1,1,0,49027,3092,25545,72.6
1967240,17862,-0.837,0.2574,-0.216,-383.23,-400,-16.77,-490404,0,1.2839,1.306,-500.6,-3504,1.67,0.38,12,-500,-249,832,1,1,0,49248,5111,25497,72.71
1967350,17863,-1.587,0.2113,-0.335,-382.42,-400,-17.58,-489794,0,1.2812,1.229,-500.7,-3505,1.63,0.37,12,-500,-268,832,1,1,0,49062,4197,25443,72.82
1967460,17864,-2.743,0.2392,-0.656,-381.51,-400,-18.49,-489174,0,1.2741,1.03,-501.3,-3509,1.59,0.36,12,-500,-284,832,1,1,0,48775,4750,25303,72.93
1967570,17865,-4.129,0.4938,-2.039,-380.82,-400,-19.18,-488782,0,1.2726,0.986,-501.4,-3510,1.55,0.35,12,-500,-287,832,1,1,0,48431,9807,25272,73.04
1967680,17866,-4.54,0.4594,-2.086,-380.03,-400,-19.97,-488238,0,1.2728,0.992,-501.9,-3513,1.53,0.35,12,-500,-301,832,1,1,0,48329,9124,25276,73.15
1967790,17867,-0.153,0.0344,-0.005,-379.98,-400,-20.02,-488413,0,1.2786,1.157,-502.3,-3516,1.48,0.33,12,-500,-282,832,1,1,0,49418,683,25392,73.26
1967900,17868,-1.792,0.0645,-0.116,-380.88,-400,-19.12,-489267,0,1.2801,1.199,-502.7,-3519,1.44,0.32,12,-500,-243,832,1,1,0,49011,1280,25422,73.37
1968010,17869,-1.277,0.1536,-0.196,-381.71,-400,-18.29,-489786,0,1.281,1.225,-502.7,-3519,1.4,0.31,12,-500,-233,832,1,1,0,49139,3051,25440,73.48
1968120,17870,-2.05,0.4318,-0.885,-382.59,-400,-17.41,-490377,0,1.281,1.223,-502,-3514,1.41,0.32,12,-500,-220,832,1,1,0,48947,8576,25439,73.59
1968230,17871,-2.481,0.088,-0.218,-383.02,-400,-16.98,-490531,0,1.2814,1.235,-501.9,-3513,1.44,0.32,12,-500,-226,832,1,1,0,48840,1747,25447,73.7
1968340,17872,-3.488,0.1418,-0.495,-382.09,-400,-17.91,-489541,0,1.2827,1.272,-501,-3507,1.44,0.32,12,-500,-276,832,1,1,0,48590,2817,25473,73.81
1968450,17873,-2.711,0.1208,-0.327,-381.54,-400,-18.46,-489294,0,1.2819,1.25,-501.6,-3511,1.45,0.32,12,-500,-273,832,1,1,0,48783,2399,25458,73.92
1968560,17874,-0.66,0.1129,-0.075,-381.33,-400,-18.67,-489252,0,1.2802,1.201,-501.3,-3509,1.43,0.32,12,-500,-267,832,1,1,0,49292,2243,25423,74.03
1968670,17875,-3.617,0.1538,-0.556,-381.58,-400,-18.42,-489541,0,1.2747,1.047,-501.4,-3510,1.41,0.32,12,-500,-251,832,1,1,0,48558,3054,25315,74.14
1968780,17876,-3.758,0.2494,-0.937,-382.16,-400,-17.84,-490007,0,1.2697,0.905,-501.4,-3510,1.41,0.32,12,-500,-234,832,1,1,0,48523,4953,25215,74.25
1968890,17877,-2.828,0.2518,-0.712,-383.49,-400,-16.51,-491084,0,1.2691,0.888,-501,-3507,1.44,0.32,12,-500,-200,832,1,1,0,48754,5000,25203,74.36
1969000,17878,-0.1,0.0065,-0.001,-384.08,-400,-15.92,-491268,0,1.2713,0.949,-498.7,-3491,1.53,0.34,12,-500,-207,832,1,1,0,49431,130,25246,74.47
1969110,17879,-0.128,0.006,-0.001,-384.18,-400,-15.82,-491197,0,1.275,1.055,-497,-3479,1.67,0.38,12,-500,-219,832,1,1,0,49424,120,25320,74.58
1969220,17880,-0.817,0.1219,-0.1,-384,-400,-16,-490999,0,1.2765,1.099,-495.4,-3468,1.81,0.41,12,-500,-229,832,1,1,0,49253,2421,25351,74.69
1969330,17881,-3.532,0.3485,-1.231,-383.2,-400,-16.8,-490298,0,1.2777,1.131,-494.3,-3460,1.98,0.45,12,-500,-257,832,1,1,0,48579,6921,25374,74.8
1969440,17882,-1.526,0.1613,-0.246,-382.58,-400,-17.42,-489948,0,1.2782,1.145,-496.1,-3473,1.92,0.44,12,-500,-261,832,1,1,0,49077,3204,25384,74.91
1969550,17883,-4.62,0.4412,-2.038,-382.32,-400,-17.68,-489884,0,1.2805,1.211,-496.9,-3478,1.86,0.42,12,-500,-254,832,1,1,0,48309,8761,25430,75.02
1969660,17884,-3.371,0.2522,-0.85,-382.49,-400,-17.51,-490112,0,1.2788,1.161,-497.6,-3483,1.83,0.42,12,-500,-241,832,1,1,0,48619,5009,25395,75.13
1969770,17885,-1.414,0.1782,-0.252,-383.07,-400,-16.93,-490605,0,1.2759,1.081,-498.3,-3488,1.83,0.42,12,-500,-221,832,1,1,0,49105,3539,25339,75.24
1969880,17886,-1.845,0.1898,-0.35,-384.88,-400,-15.12,-492129,0,1.2699,0.913,-497.7,-3484,1.85,0.42,12,-500,-200,832,1,1,0,48998,3769,25220,75.35
1969990,17887,-1.184,0.1213,-0.144,-385.84,-400,-14.16,-492511,0,1.2666,0.817,-497.6,-3483,1.89,0.43,12,-500,-200,832,1,1,0,49162,2409,25153,75.46
1970100,17888,-1.293,0.1872,-0.242,-386.25,-400,-13.75,-492629,0,1.2666,0.819,-496.9,-3478,1.92,0.44,12,-500,-200,832,1,1,0,49135,3718,25154,75.57
1970210,17889,-0.1,0.001,0,-386.4,-400,-13.6,-492650,0,1.2707,0.934,-496.6,-3476,2,0.46,12,-500,-200,832,1,1,0,49431,20,25235,75.68
1970320,17890,-3.496,0.3256,-1.139,-385.61,-400,-14.39,-491878,0,1.2731,1.001,-496.7,-3477,2.01,0.46,12,-500,-223,832,1,1,0,48588,6467,25282,75.79
1970430,17891,-2.219,0.2382,-0.529,-384.88,-400,-15.12,-491418,0,1.2742,1.032,-499,-3493,1.91,0.44,12,-500,-232,832,1,1,0,48905,4730,25304,75.9
1970540,17892,-2.078,0.1914,-0.398,-384.53,-400,-15.47,-491299,0,1.2747,1.046,-500.9,-3506,1.76,0.4,12,-500,-226,832,1,1,0,48940,3801,25314,76.01
1970650,17893,-4.141,0.1397,-0.579,-384.56,-400,-15.44,-491418,0,1.2745,1.042,-503.3,-3523,1.6,0.36,12,-500,-216,832,1,1,0,48428,2775,25311,76.12
1970760,17894,-2.461,0.1914,-0.471,-385.15,-400,-14.85,-491965,0,1.2754,1.067,-503.9,-3527,1.49,0.34,12,-500,-200,832,1,1,0,48845,3801,25329,76.23
1970870,17895,-0.116,0.0003,0,-385.88,-400,-14.12,-492479,0,1.2757,1.076,-504.7,-3533,1.41,0.32,12,-500,-200,832,1,1,0,49427,5,25335,76.34
1970980,17896,-1.635,0.1083,-0.177,-386.37,-400,-13.63,-492727,0,1.2725,0.985,-504.1,-3529,1.38,0.31,12,-500,-200,832,1,1,0,49050,2150,25271,76.45
1971090,17897,-4.56,0.3543,-1.616,-386.26,-400,-13.74,-492492,0,1.269,0.886,-503.6,-3525,1.38,0.31,12,-500,-200,832,1,1,0,48324,7037,25201,76.56
1971200,17898,-2.775,0.3439,-0.954,-385.91,-400,-14.09,-492194,0,1.2633,0.724,-503.3,-3523,1.4,0.31,12,-500,-207,832,1,1,0,48767,6830,25087,76.67
1971310,17899,-4.523,0.4607,-2.084,-385.65,-400,-14.35,-492049,0,1.2621,0.692,-502.4,-3517,1.42,0.32,12,-500,-208,832,1,1,0,48333,9150,25065,76.78
1971420,17900,-0.326,0.0471,-0.015,-385.6,-400,-14.4,-492075,0,1.262,0.69,-503,-3521,1.41,0.32,12,-500,-203,832,1,1,0,49375,936,25063,76.89
1971530,17901,-0.406,0.0278,-0.011,-385.87,-400,-14.13,-492342,0,1.2666,0.817,-502,-3514,1.42,0.32,12,-500,-200,832,1,1,0,49355,552,25153,77
1971640,17902,-1.8,0.1969,-0.355,-386.44,-400,-13.56,-492796,0,1.2695,0.901,-501.3,-3509,1.44,0.32,12,-500,-200,832,1,1,0,49009,3911,25212,77.11
1971750,17903,-3.041,0.484,-1.472,-387.13,-400,-12.87,-493280,0,1.2708,0.935,-501.1,-3508,1.45,0.32,12,-500,-200,832,1,1,0,48701,9611,25236,77.22
1971860,17904,-3.883,0.5617,-2.181,-387.38,-400,-12.62,-493321,0,1.2705,0.928,-501.1,-3508,1.44,0.32,12,-500,-200,832,1,1,0,48492,11154,25231,77.33
1971970,17905,-2.687,0.0616,-0.165,-387.91,-400,-12.09,-493746,0,1.2701,0.918,-501.9,-3513,1.39,0.31,12,-500,-200,832,1,1,0,48789,1223,25224,77.44
1972080,17906,-2.513,0.1808,-0.454,-388.49,-400,-11.51,-494138,0,1.2709,0.938,-501.6,-3511,1.38,0.31,12,-500,-200,832,1,1,0,48832,3590,25238,77.55
1972190,17907,-0.048,0.3421,-0.016,-388.79,-400,-11.21,-494248,0,1.2706,0.93,-501.9,-3513,1.38,0.31,12,-500,-200,832,1,1,0,49444,6793,25232,77.66
1972300,17908,-1.595,0.0027,-0.004,-389.73,-400,-10.27,-495042,0,1.2672,0.836,-501.7,-3512,1.37,0.3,12,-500,-200,832,1,1,0,49060,54,25166,77.77
1972410,17909,-3.315,0.3333,-1.105,-390.6,-400,-9.4,-495592,0,1.2613,0.668,-501.3,-3509,1.38,0.31,12,-500,-200,832,1,1,0,48633,6620,25048,77.88
1972520,17910,-2.864,0.3617,-1.036,-391.22,-400,-8.78,-495923,0,1.2585,0.59,-501.3,-3509,1.4,0.31,12,-500,-200,832,1,1,0,48745,7184,24993,77.99
1972630,17911,-4.342,0.4246,-1.844,-392.04,-400,-7.96,-496520,0,1.2578,0.57,-500.1,-3501,1.41,0.32,12,-500,-200,832,1,1,0,48378,8432,24979,78.1
1972740,17912,-0.592,0.0416,-0.025,-393.15,-400,-6.85,-497315,0,1.26,0.633,-500.4,-3503,1.43,0.32,12,-500,-200,832,1,1,0,49309,826,25023,78.21
1972850,17913,-0.874,0.2134,-0.186,-393.47,-400,-6.53,-497312,0,1.2625,0.704,-500.3,-3502,1.44,0.32,12,-500,-200,832,1,1,0,49239,4237,25073,78.32
1972960,17914,-3.561,0.3914,-1.393,-393.8,-400,-6.2,-497523,0,1.2647,0.765,-500.3,-3502,1.43,0.32,12,-500,-200,832,1,1,0,48572,7772,25116,78.43
1973070,17915,-4.403,0.5117,-2.253,-394.27,-400,-5.73,-497868,0,1.2657,0.792,-500.3,-3502,1.42,0.32,12,-500,-200,832,1,1,0,48363,10162,25135,78.54
1973180,17916,-2.042,0.2278,-0.465,-394.35,-400,-5.65,-497812,0,1.265,0.773,-500.1,-3501,1.4,0.31,12,-500,-200,832,1,1,0,48949,4523,25122,78.65
1973290,17917,-2.304,0.271,-0.624,-394.3,-400,-5.7,-497749,0,1.2661,0.805,-500.1,-3501,1.4,0.31,12,-500,-200,832,1,1,0,48884,5382,25144,78.76
1973400,17918,-3.093,0.2222,-0.687,-394.44,-400,-5.56,-497889,0,1.2661,0.805,-500.6,-3504,1.39,0.31,12,-500,-200,832,1,1,0,48688,4412,25144,78.87
1973510,17919,-4.737,0.4221,-2,-394.31,-400,-5.69,-497725,0,1.2631,0.719,-500,-3500,1.41,0.31,12,-500,-200,832,1,1,0,48280,8383,25084,78.98
1973620,17920,-1.837,0.3418,-0.628,-393.97,-400,-6.03,-497447,0,1.2595,0.617,-499.1,-3494,1.44,0.32,12,-500,-200,832,1,1,0,49000,6788,25012,79.09
1973730,17921,-3.625,0.2291,-0.831,-393.57,-400,-6.43,-497172,0,1.2541,0.467,-499.1,-3494,1.49,0.33,12,-500,-200,832,1,1,0,48556,4550,24906,79.2
1973840,17922,-4.173,0.4219,-1.76,-393.2,-400,-6.8,-496936,0,1.2535,0.448,-500,-3500,1.49,0.33,12,-500,-200,832,1,1,0,48420,8378,24893,79.31
1973950,17923,-0.394,0.027,-0.011,-392.77,-400,-7.23,-496641,0,1.2549,0.488,-499.4,-3496,1.48,0.33,12,-500,-200,832,1,1,0,49358,537,24921,79.42
1974060,17924,-0.157,0.0098,-0.002,-392.57,-400,-7.43,-496576,0,1.2591,0.606,-498.9,-3492,1.5,0.34,12,-500,-200,832,1,1,0,49417,194,25004,79.53
1974170,17925,-2.102,0.4849,-1.019,-391.55,-400,-8.45,-495679,0,1.2606,0.648,-498.6,-3490,1.54,0.35,12,-500,-200,832,1,1,0,48934,9629,25034,79.64
1974280,17926,-5.8,0.4611,-2.675,-390.71,-400,-9.29,-495182,0,1.2611,0.664,-498.6,-3490,1.55,0.35,12,-500,-200,832,1,1,0,48016,9157,25045,79.75
1974390,17927,-3.275,0.2049,-0.671,-389.99,-400,-10.01,-494750,0,1.2605,0.646,-499,-3493,1.52,0.34,12,-500,-200,832,1,1,0,48643,4069,25032,79.86
1974500,17928,-4.818,0.3056,-1.472,-389.35,-400,-10.65,-494359,0,1.2617,0.681,-499.9,-3499,1.48,0.33,12,-500,-200,832,1,1,0,48260,6069,25057,79.97
1974610,17929,-4.141,0.3217,-1.332,-388.51,-400,-11.49,-493748,0,1.2611,0.664,-500,-3500,1.47,0.33,12,-500,-200,832,1,1,0,48428,6388,25045,80.08
1974720,17930,-2.707,0.1748,-0.473,-387.35,-400,-12.65,-492911,0,1.2606,0.65,-500.4,-3503,1.44,0.32,12,-500,-209,832,1,1,0,48784,3472,25035,80.19
1974830,17931,-3.706,0.4151,-1.538,-386.59,-400,-13.41,-492526,0,1.2554,0.502,-499.7,-3498,1.45,0.33,12,-500,-208,832,1,1,0,48536,8244,24931,80.3
1974940,17932,-3.863,0.0585,-0.226,-385.63,-400,-14.37,-491843,0,1.2504,0.362,-499.9,-3499,1.46,0.33,12,-500,-227,832,1,1,0,48497,1162,24832,80.41
1975050,17933,-4.54,0.4477,-2.032,-384.74,-400,-15.26,-491284,0,1.2495,0.336,-499.6,-3497,1.48,0.33,12,-500,-238,832,1,1,0,48329,8890,24814,80.52
1975160,17934,-3.182,0.2654,-0.844,-383.51,-400,-16.49,-490387,0,1.25,0.349,-499.6,-3497,1.51,0.34,12,-500,-264,832,1,1,0,48666,5270,24823,80.63
1975270,17935,-1.333,0.1287,-0.171,-382.8,-400,-17.2,-490063,0,1.2534,0.445,-499.1,-3494,1.52,0.34,12,-500,-260,832,1,1,0,49125,2555,24891,80.74
1975380,17936,-3.77,0.422,-1.591,-382.91,-400,-17.09,-490372,0,1.2562,0.523,-499.9,-3499,1.5,0.34,12,-500,-236,832,1,1,0,48520,8381,24946,80.85
1975490,17937,-1.506,0.193,-0.291,-383.61,-400,-16.39,-490993,0,1.2564,0.529,-500,-3500,1.47,0.33,12,-500,-210,832,1,1,0,49082,3832,24950,80.96
1975600,17938,-4.358,0.4418,-1.925,-384.06,-400,-15.94,-491207,0,1.2567,0.539,-500.1,-3501,1.46,0.33,12,-500,-211,832,1,1,0,48374,8773,24957,81.07
1975710,17939,-0.076,0.0031,0,-384,-400,-16,-491030,0,1.2568,0.542,-499.9,-3499,1.46,0.33,12,-500,-226,832,1,1,0,49437,61,24959,81.18
1975820,17940,-1.506,0.113,-0.17,-383.5,-400,-16.5,-490582,0,1.2589,0.602,-500,-3500,1.47,0.33,12,-500,-245,832,1,1,0,49082,2245,25001,81.29
1975930,17941,-4.092,0.3278,-1.342,-382.71,-400,-17.29,-489985,0,1.2562,0.523,-499.9,-3499,1.47,0.33,12,-500,-264,832,1,1,0,48440,6510,24946,81.4
1976040,17942,-0.801,0.0549,-0.044,-381.73,-400,-18.27,-489294,0,1.2521,0.41,-500.1,-3501,1.47,0.33,12,-500,-283,832,1,1,0,49257,1091,24866,81.51
1976150,17943,-3.585,0.3699,-1.326,-381.36,-400,-18.64,-489223,0,1.2468,0.261,-499.9,-3499,1.45,0.32,12,-500,-271,832,1,1,0,48566,7345,24761,81.62
1976260,17944,-4.274,0.0528,-0.226,-381.56,-400,-18.44,-489512,0,1.2434,0.163,-500.6,-3504,1.44,0.32,12,-500,-253,832,1,1,0,48395,1049,24692,81.73
1976370,17945,-4.237,0.1606,-0.681,-382.05,-400,-17.95,-489919,0,1.2441,0.184,-500.6,-3504,1.43,0.32,12,-500,-238,832,1,1,0,48404,3190,24707,81.84
1976480,17946,-0.161,0.0037,-0.001,-382.22,-400,-17.78,-489936,0,1.2488,0.316,-500.9,-3506,1.41,0.32,12,-500,-244,832,1,1,0,49416,74,24800,81.95
1976590,17947,-3.891,0.3298,-1.283,-381.22,-400,-18.78,-488956,0,1.25,0.349,-500.6,-3504,1.41,0.32,12,-500,-290,832,1,1,0,48490,6550,24823,82.06
1976700,17948,-1.526,0.3866,-0.59,-380.14,-400,-19.86,-488229,0,1.2509,0.376,-500.3,-3502,1.42,0.32,12,-500,-308,832,1,1,0,49077,7678,24842,82.17
1976810,17949,-4.088,0.0205,-0.084,-379.57,-400,-20.43,-488000,0,1.2511,0.38,-500,-3500,1.43,0.32,12,-500,-302,832,1,1,0,48441,407,24845,82.28
1976920,17950,-2.272,0.2078,-0.472,-379.67,-400,-20.33,-488253,0,1.2512,0.383,-500.3,-3502,1.42,0.32,12,-500,-282,832,1,1,0,48892,4127,24847,82.39
1977030,17951,-4.511,0.3979,-1.795,-380.18,-400,-19.82,-488703,0,1.2528,0.43,-499.9,-3499,1.44,0.32,12,-500,-263,832,1,1,0,48336,7902,24880,82.5
1977140,17952,-0.753,0.4053,-0.305,-380.22,-400,-19.78,-488598,0,1.2508,0.371,-499.6,-3497,1.47,0.33,12,-500,-276,832,1,1,0,49269,8048,24839,82.61
1977250,17953,-0.692,0.297,-0.206,-379.71,-400,-20.29,-488107,0,1.2489,0.319,-499,-3493,1.53,0.34,12,-500,-298,832,1,1,0,49284,5898,24802,82.72
1977360,17954,-0.938,0.1547,-0.145,-378.87,-400,-21.13,-487469,0,1.242,0.123,-498.4,-3489,1.58,0.36,12,-500,-319,832,1,1,0,49223,3073,24664,82.83
1977470,17955,-2.296,0.1408,-0.323,-377.95,-400,-22.05,-486852,0,1.2384,0.024,-497.9,-3485,1.61,0.36,12,-500,-334,832,1,1,0,48886,2797,24594,82.94
1977580,17956,-3.814,0.398,-1.518,-376.77,-400,-23.23,-486005,0,1.2386,0.029,-498.6,-3490,1.6,0.36,12,-500,-358,832,1,1,0,48509,7904,24598,83.05
1977690,17957,-0.048,0.0044,0,-375.98,-400,-24.02,-485607,0,1.2415,0.11,-499,-3493,1.58,0.36,12,-500,-358,832,1,1,0,49444,87,24655,83.16
1977800,17958,-0.463,0.0135,-0.006,-376.2,-400,-23.8,-486025,0,1.2461,0.241,-498.4,-3489,1.61,0.36,12,-500,-327,832,1,1,0,49341,268,24747,83.27
1977910,17959,-1.776,0.2763,-0.491,-377.3,-400,-22.7,-486988,0,1.2467,0.258,-498.3,-3488,1.64,0.37,12,-500,-288,832,1,1,0,49015,5488,24759,83.38
1978020,17960,-4.777,0.4398,-2.101,-379.79,-400,-20.21,-489005,0,1.2468,0.261,-497.7,-3484,1.68,0.38,12,-500,-215,832,1,1,0,48270,8734,24761,83.49
1978130,17961,-1.111,0.0229,-0.025,-380.81,-400,-19.19,-489250,0,1.2467,0.258,-498.3,-3488,1.66,0.37,12,-500,-241,832,1,1,0,49180,454,24759,83.6
1978240,17962,-3.593,0.3599,-1.293,-380.83,-400,-19.17,-488988,0,1.2486,0.31,-497.9,-3485,1.68,0.38,12,-500,-268,832,1,1,0,48564,7147,24796,83.71
1978350,17963,-0.556,0.0069,-0.004,-380.18,-400,-19.82,-488381,0,1.2468,0.259,-497.1,-3480,1.76,0.4,12,-500,-295,832,1,1,0,49318,138,24760,83.82
1978460,17964,-3.955,0.3448,-1.364,-379.34,-400,-20.66,-487774,0,1.243,0.151,-497.9,-3485,1.79,0.41,12,-500,-312,832,1,1,0,48474,6847,24684,83.93
1978570,17965,-3.311,0.3765,-1.246,-378.31,-400,-21.69,-487053,0,1.238,0.011,-498.7,-3491,1.7,0.39,12,-500,-332,832,1,1,0,48634,7476,24585,84.04
1978680,17966,-1.309,0.2458,-0.322,-377.45,-400,-22.55,-486537,0,1.2338,-0.107,-499.4,-3496,1.66,0.38,12,-500,-339,832,1,1,0,49131,4881,24502,84.15
1978790,17967,-3.883,0.1233,-0.479,-376.56,-400,-23.44,-485951,0,1.236,-0.045,-499.9,-3499,1.64,0.37,12,-500,-352,832,1,1,0,48492,2449,24546,84.26
1978900,17968,0,0.0003,0,-375.87,-400,-24.13,-485555,0,1.2382,0.018,-500.4,-3503,1.6,0.36,12,-500,-357,832,1,1,0,49456,6,24590,84.37
1979010,17969,-1.172,0.2498,-0.293,-374.56,-400,-25.44,-484529,0,1.2401,0.07,-500.9,-3506,1.57,0.35,12,-500,-392,832,1,1,0,49165,4961,24627,84.48
1979120,17970,-4.83,0.4171,-2.015,-373.5,-400,-26.5,-483913,0,1.2409,0.093,-501.7,-3512,1.5,0.34,12,-500,-400,832,1,1,0,48257,8284,24643,84.59
1979230,17971,-3.585,0.2177,-0.781,-373.28,-400,-26.72,-484004,0,1.2406,0.086,-502.1,-3515,1.45,0.32,12,-500,-380,832,1,1,0,48566,4324,24638,84.7
1979340,17972,-1.712,0.0727,-0.124,-374.24,-400,-25.76,-484959,0,1.241,0.096,-502.9,-3520,1.39,0.31,12,-500,-334,832,1,1,0,49031,1444,24645,84.81
1979450,17973,-3.21,0.3256,-1.045,-377.24,-400,-22.76,-487483,0,1.2419,0.122,-503,-3521,1.34,0.3,12,-500,-237,832,1,1,0,48659,6467,24663,84.92
1979560,17974,-3.367,0.3736,-1.258,-378.91,-400,-21.09,-488200,0,1.2413,0.105,-502.6,-3518,1.35,0.3,12,-500,-250,832,1,1,0,48620,7419,24651,85.03
1979670,17975,-0.084,0.2099,-0.018,-379.41,-400,-20.59,-488192,0,1.2389,0.038,-501.9,-3513,1.36,0.3,12,-500,-275,832,1,1,0,49435,4169,24604,85.14
1979780,17976,-4.455,0.4488,-1.999,-378.88,-400,-21.12,-487567,0,1.2361,-0.043,-501,-3507,1.38,0.31,12,-500,-310,832,1,1,0,48350,8913,24547,85.25
1979890,17977,-0.906,0.078,-0.071,-377.9,-400,-22.1,-486800,0,1.2298,-0.219,-501.4,-3510,1.4,0.31,12,-500,-336,832,1,1,0,49231,1549,24423,85.36
1980000,17978,-1.397,0.1394,-0.195,-376.51,-400,-23.49,-485784,0,1.2289,-0.246,-501.7,-3512,1.38,0.31,12,-500,-367,832,1,1,0,49109,2768,24404,85.47
1980110,17979,-0.854,0.1096,-0.094,-375.27,-400,-24.73,-485012,0,1.2301,-0.211,-501.4,-3510,1.4,0.31,12,-500,-380,832,1,1,0,49244,2176,24429,85.58
1980220,17980,-0.757,0.2412,-0.183,-374.19,-400,-25.81,-484353,0,1.2349,-0.076,-500.4,-3503,1.41,0.31,12,-500,-391,832,1,1,0,49268,4790,24524,85.69
1980330,17981,-5.78,0.4841,-2.798,-373.9,-400,-26.1,-484388,0,1.2371,-0.013,-500.3,-3502,1.42,0.32,12,-500,-373,832,1,1,0,48021,9613,24568,85.8
1980440,17982,-3.927,0.1768,-0.695,-375.2,-400,-24.8,-485675,0,1.2378,0.005,-499.9,-3499,1.46,0.33,12,-500,-312,832,1,1,0,48481,3512,24581,85.91
1980550,17983,-5.563,0.1161,-0.646,-376.93,-400,-23.07,-486925,0,1.2377,0.004,-499.4,-3496,1.47,0.33,12,-500,-276,832,1,1,0,48075,2305,24580,86.02
1980660,17984,-0.169,0.0096,-0.002,-378.91,-400,-21.09,-488282,0,1.2386,0.029,-499.4,-3496,1.48,0.33,12,-500,-241,832,1,1,0,49414,190,24598,86.13
1980770,17985,-5.45,0.574,-3.128,-379.9,-400,-20.1,-488650,0,1.2386,0.029,-499.9,-3499,1.45,0.32,12,-500,-254,832,1,1,0,48103,11399,24598,86.24
1980880,17986,-3.818,0.2576,-0.984,-379.87,-400,-20.13,-488354,0,1.2368,-0.022,-500.1,-3501,1.45,0.33,12,-500,-282,832,1,1,0,48508,5116,24562,86.35
1980990,17987,-0.556,0.0373,-0.021,-378.81,-400,-21.19,-487365,0,1.2329,-0.133,-500.1,-3501,1.46,0.33,12,-500,-326,832,1,1,0,49318,740,24484,86.46
1981100,17988,-1.095,0.1363,-0.149,-377.94,-400,-22.06,-486857,0,1.2276,-0.28,-499.4,-3496,1.48,0.33,12,-500,-332,832,1,1,0,49184,2707,24380,86.57
1981210,17989,-0.765,0.1378,-0.105,-377.07,-400,-22.93,-486292,0,1.2264,-0.314,-499.3,-3495,1.49,0.33,12,-500,-345,832,1,1,0,49266,2736,24356,86.68
1981320,17990,-4.668,0.4869,-2.273,-376.84,-400,-23.16,-486316,0,1.2274,-0.287,-500.3,-3502,1.47,0.33,12,-500,-331,832,1,1,0,48297,9669,24375,86.79
1981430,17991,-0.269,0.0373,-0.01,-378.22,-400,-21.78,-487664,0,1.2297,-0.223,-500.1,-3501,1.44,0.32,12,-500,-267,832,1,1,0,49389,740,24420,86.9
1981540,17992,-5.156,0.4647,-2.396,-379.85,-400,-20.15,-488798,0,1.2325,-0.143,-500.1,-3501,1.44,0.32,12,-500,-238,832,1,1,0,48176,9229,24477,87.01
1981650,17993,-0.644,0.4145,-0.267,-381.4,-400,-18.6,-489783,0,1.2331,-0.127,-499.9,-3499,1.44,0.32,12,-500,-218,832,1,1,0,49296,8232,24488,87.12
1981760,17994,-2.179,0.2723,-0.593,-382.55,-400,-17.45,-490427,0,1.2327,-0.137,-499,-3493,1.49,0.33,12,-500,-213,832,1,1,0,48915,5408,24481,87.23
1981870,17995,-0.229,0.05,-0.011,-382.1,-400,-17.9,-489681,0,1.2337,-0.108,-499.1,-3494,1.52,0.34,12,-500,-263,832,1,1,0,49399,993,24501,87.34
1981980,17996,-1.667,0.1449,-0.242,-381.48,-400,-18.52,-489236,0,1.2343,-0.093,-499.7,-3498,1.5,0.34,12,-500,-276,832,1,1,0,49042,2877,24512,87.45
1982090,17997,-5.011,0.4757,-2.384,-380.98,-400,-19.02,-488939,0,1.2332,-0.123,-499.9,-3499,1.49,0.33,12,-500,-280,832,1,1,0,48212,9447,24491,87.56
1982200,17998,-3.657,0.4598,-1.682,-380.18,-400,-19.82,-488332,0,1.2294,-0.232,-500.4,-3503,1.47,0.33,12,-500,-299,832,1,1,0,48548,9132,24414,87.67
1982310,17999,-2.537,0.1393,-0.354,-379.23,-400,-20.77,-487673,0,1.2257,-0.334,-500.1,-3501,1.47,0.33,12,-500,-317,832,1,1,0,48826,2767,24342,87.78
1982420,18000,-2.425,0.1442,-0.35,-378.92,-400,-21.08,-487657,0,1.2226,-0.422,-500.1,-3501,1.48,0.33,12,-500,-303,832,1,1,0,48854,2864,24280,87.89
1982530,18001,-1.418,0.1278,-0.181,-379.5,-400,-20.5,-488273,0,1.2224,-0.428,-500,-3500,1.48,0.33,12,-500,-271,832,1,1,0,49104,2537,24276,88
1982640,18002,-0.991,0.2875,-0.285,-380.98,-400,-19.02,-489494,0,1.2274,-0.287,-500,-3500,1.47,0.33,12,-500,-226,832,1,1,0,49210,5710,24375,88.11
1982750,18003,-0.829,0.1166,-0.097,-383.14,-400,-16.86,-491088,0,1.2286,-0.255,-500.6,-3504,1.46,0.33,12,-500,-200,832,1,1,0,49250,2315,24398,88.22
1982860,18004,-3.891,0.4364,-1.698,-385.3,-400,-14.7,-492501,0,1.2272,-0.292,-500.3,-3502,1.44,0.32,12,-500,-200,832,1,1,0,48490,8667,24372,88.33
1982970,18005,-3.682,0.2939,-1.082,-385.34,-400,-14.66,-491935,0,1.23,-0.215,-500.1,-3501,1.44,0.32,12,-500,-204,832,1,1,0,48542,5836,24426,88.44
1983080,18006,-5.116,0.4927,-2.52,-384.99,-400,-15.01,-491596,0,1.2302,-0.208,-500.3,-3502,1.43,0.32,12,-500,-220,832,1,1,0,48186,9784,24431,88.55
1983190,18007,-3.931,0.3419,-1.344,-384.72,-400,-15.28,-491443,0,1.2303,-0.206,-499.9,-3499,1.43,0.32,12,-500,-221,832,1,1,0,48480,6790,24432,88.66
1983300,18008,-4.934,0.3401,-1.678,-383.96,-400,-16.04,-490812,0,1.2249,-0.358,-500,-3500,1.46,0.33,12,-500,-245,832,1,1,0,48231,6754,24325,88.77
1983410,18009,-3.464,0.4133,-1.432,-382.64,-400,-17.36,-489796,0,1.2253,-0.347,-500.3,-3502,1.45,0.32,12,-500,-279,832,1,1,0,48596,8208,24333,88.88
1983520,18010,-4.652,0.4436,-2.064,-381.7,-400,-18.3,-489283,0,1.2238,-0.388,-500,-3500,1.45,0.33,12,-500,-282,832,1,1,0,48301,8809,24304,88.99
1983630,18011,-1.418,0.1422,-0.202,-380.86,-400,-19.14,-488772,0,1.2186,-0.534,-501,-3507,1.44,0.32,12,-500,-291,832,1,1,0,49104,2823,24201,89.1
1983740,18012,-4.141,0.4365,-1.808,-380.69,-400,-19.31,-488839,0,1.2191,-0.522,-499.3,-3495,1.47,0.33,12,-500,-275,832,1,1,0,48428,8669,24210,89.21
1983850,18013,-4.854,0.4699,-2.281,-382.2,-400,-17.8,-490298,0,1.2212,-0.462,-498.9,-3492,1.51,0.34,12,-500,-208,832,1,1,0,48251,9331,24252,89.32
1983960,18014,-3.742,0.2281,-0.854,-383.81,-400,-16.19,-491378,0,1.2251,-0.351,-499.1,-3494,1.53,0.34,12,-500,-200,832,1,1,0,48527,4530,24330,89.43
1984070,18015,-5.241,0.4445,-2.33,-385.72,-400,-14.28,-492699,0,1.2266,-0.309,-498.7,-3491,1.53,0.34,12,-500,-200,832,1,1,0,48155,8828,24360,89.54
1984180,18016,-2.691,0.0664,-0.179,-386.86,-400,-13.14,-493232,0,1.2268,-0.304,-499,-3493,1.54,0.34,12,-500,-200,832,1,1,0,48788,1318,24363,89.65
1984290,18017,-4.346,0.4752,-2.065,-386.52,-400,-13.48,-492593,0,1.2264,-0.314,-499.7,-3498,1.5,0.33,12,-500,-200,832,1,1,0,48377,9437,24356,89.76
1984400,18018,-4.113,0.4609,-1.895,-385.98,-400,-14.02,-492189,0,1.2278,-0.277,-499.9,-3499,1.49,0.34,12,-500,-211,832,1,1,0,48435,9153,24382,89.87
1984510,18019,-0.773,0.3481,-0.269,-385.3,-400,-14.7,-491702,0,1.2267,-0.307,-500.6,-3504,1.46,0.33,12,-500,-225,832,1,1,0,49264,6913,24361,89.98
1984620,18020,-0.346,0.0465,-0.016,-384.47,-400,-15.53,-491122,0,1.224,-0.384,-500.1,-3501,1.45,0.32,12,-500,-240,832,1,1,0,49370,923,24307,90.09
1984730,18021,-4.189,0.4327,-1.813,-383.59,-400,-16.41,-490532,0,1.2189,-0.526,-500.1,-3501,1.46,0.33,12,-500,-254,832,1,1,0,48416,8594,24207,90.2
1984840,18022,-3.682,0.1491,-0.549,-382.52,-400,-17.48,-489787,0,1.2147,-0.645,-500.4,-3503,1.46,0.33,12,-500,-274,832,1,1,0,48542,2960,24123,90.31
1984950,18023,-3.601,0.3784,-1.362,-382.49,-400,-17.51,-490057,0,1.2133,-0.685,-500.6,-3504,1.48,0.33,12,-500,-246,832,1,1,0,48562,7514,24095,90.42
1985060,18024,-3.126,0.426,-1.331,-383.24,-400,-16.76,-490761,0,1.2164,-0.597,-500.1,-3501,1.46,0.33,12,-500,-214,832,1,1,0,48680,8459,24157,90.53
1985170,18025,-0.149,0.0285,-0.004,-384.94,-400,-15.06,-492135,0,1.2189,-0.526,-500.6,-3504,1.43,0.32,12,-500,-200,832,1,1,0,49419,566,24207,90.64
1985280,18026,-3.653,0.3555,-1.299,-387.52,-400,-12.48,-494059,0,1.2204,-0.485,-500.3,-3502,1.42,0.32,12,-500,-200,832,1,1,0,48549,7059,24236,90.75
1985390,18027,-4.258,0.2513,-1.07,-388.42,-400,-11.58,-494182,0,1.2205,-0.482,-500.7,-3505,1.42,0.32,12,-500,-200,832,1,1,0,48399,4991,24238,90.86
1985500,18028,-1.446,0.3387,-0.49,-388.87,-400,-11.13,-494343,0,1.2201,-0.492,-499.9,-3499,1.43,0.32,12,-500,-200,832,1,1,0,49097,6726,24231,90.97
1985610,18029,-3.702,0.2844,-1.053,-389.07,-400,-10.93,-494410,0,1.2212,-0.463,-499.7,-3498,1.45,0.32,12,-500,-200,832,1,1,0,48537,5647,24251,91.08
1985720,18030,-0.846,0.4646,-0.393,-389.21,-400,-10.79,-494479,0,1.2214,-0.458,-500,-3500,1.44,0.32,12,-500,-200,832,1,1,0,49246,9227,24255,91.19
1985830,18031,-0.02,0.1417,-0.003,-389.98,-400,-10.02,-495161,0,1.2189,-0.526,-500.1,-3501,1.44,0.32,12,-500,-200,832,1,1,0,49451,2815,24207,91.3
1985940,18032,-1.369,0.1595,-0.218,-390.52,-400,-9.48,-495443,0,1.2158,-0.615,-499,-3493,1.49,0.33,12,-500,-200,832,1,1,0,49116,3167,24144,91.41
1986050,18033,-0.378,0.0583,-0.022,-390.82,-400,-9.18,-495580,0,1.2095,-0.793,-498.3,-3488,1.55,0.35,12,-500,-200,1015,1,1,0,49362,1157,24019,91.52
1986160,18034,-1.889,0.3077,-0.581,-391.18,-400,-8.82,-495827,0,1.2072,-0.858,-496.9,-3478,1.66,0.38,12,-500,-200,1015,1,1,0,48987,6111,23973,91.63
1986270,18035,-0.185,0.04,-0.007,-392.4,-400,-7.6,-496866,0,1.2099,-0.78,-497.7,-3484,1.69,0.38,12,-500,-200,1015,1,1,0,49410,794,24028,91.74
1986380,18036,-2.65,0.4891,-1.296,-393.26,-400,-6.74,-497322,0,1.2155,-0.623,-498.1,-3487,1.63,0.37,12,-500,-200,1015,1,1,0,48798,9713,24139,91.85
1986490,18037,-5.764,0.4176,-2.407,-394.12,-400,-5.88,-497878,0,1.2161,-0.607,-498.4,-3489,1.61,0.36,12,-500,-200,1015,1,1,0,48025,8294,24150,91.96
1986600,18038,-2.912,0.1947,-0.567,-395.1,-400,-4.9,-498551,0,1.216,-0.608,-498.9,-3492,1.61,0.36,12,-500,-200,1015,1,1,0,48733,3867,24149,92.07
1986710,18039,-1.542,0.1659,-0.256,-396.09,-400,-3.91,-499200,0,1.2157,-0.618,-498.3,-3488,1.62,0.37,12,-500,-200,1015,1,1,0,49073,3295,24142,92.18
1986820,18040,-1.22,0.0575,-0.07,-397.2,-400,-2.8,-499963,0,1.2165,-0.594,-498.1,-3487,1.65,0.37,12,-500,-200,1015,1,1,0,49153,1141,24159,92.29
1986930,18041,-4.407,0.4691,-2.067,-398.13,-400,0,-500511,0,1.2171,-0.578,-497.1,-3480,1.74,0.4,12,-500,200,1015,1,1,0,48362,9316,24170,92.4
1987040,18042,-0.41,0.0296,-0.012,-399.02,-400,0,-501087,0,1.2153,-0.63,-495.9,-3471,1.84,0.42,12,-500,200,1015,1,1,0,49354,587,24134,92.51
1987150,18043,-2.405,0.2335,-0.562,-399.67,-400,0,-501436,0,1.2079,-0.837,-495.1,-3466,1.94,0.44,12,-500,200,1015,1,1,0,48859,4638,23988,92.62
1987260,18044,-0.624,0.0522,-0.033,-398.3,-400,0,-499984,0,1.2036,-0.958,-494,-3458,2.08,0.47,12,-500,-200,1015,1,1,0,49301,1037,23903,92.73
1987370,18045,-0.809,0.0682,-0.055,-396.21,-400,-3.79,-498421,0,1.2034,-0.963,-492.3,-3446,2.21,0.51,12,-500,-200,1015,1,1,0,49255,1354,23899,92.84
1987480,18046,-0.008,0.0013,0,-394.05,-400,-5.95,-496989,0,1.2066,-0.874,-493.6,-3455,2.26,0.52,12,-500,-200,1015,1,1,0,49454,26,23962,92.95
1987590,18047,-0.648,0.0541,-0.035,-393.16,-400,-6.84,-496768,0,1.2102,-0.773,-496.1,-3473,2.14,0.49,12,-500,-200,1015,1,1,0,49295,1074,24033,93.06
1987700,18048,-2.618,0.1988,-0.52,-393.5,-400,-6.5,-497330,0,1.211,-0.75,-497.1,-3480,2.04,0.47,12,-500,-200,1015,1,1,0,48806,3947,24049,93.17
1987810,18049,-3.255,0.0351,-0.114,-393.88,-400,-6.12,-497594,0,1.2107,-0.757,-497.4,-3482,2,0.46,12,-500,-200,1015,1,1,0,48648,698,24044,93.28
1987920,18050,-0.257,0.012,-0.003,-394.5,-400,-5.5,-498058,0,1.2112,-0.745,-497.4,-3482,2.03,0.47,12,-500,-200,1015,1,1,0,49392,238,24053,93.39
1988030,18051,-1.41,0.1452,-0.205,-394.98,-400,-5.02,-498339,0,1.213,-0.692,-497.3,-3481,2.09,0.48,12,-500,-200,1015,1,1,0,49106,2883,24090,93.5
1988140,18052,-0.41,0.1526,-0.063,-395.08,-400,-4.92,-498294,0,1.2117,-0.729,-496.9,-3478,2.14,0.49,12,-500,-200,1015,1,1,0,49354,3030,24064,93.61
1988250,18053,-4.044,0.4074,-1.648,-395.47,-400,-4.53,-498629,0,1.2063,-0.881,-497.3,-3481,2.17,0.5,12,-500,-200,1015,1,1,0,48452,8091,23957,93.72
1988360,18054,-3.343,0.3368,-1.126,-395.68,-400,-4.32,-498722,0,1.2013,-1.024,-498.9,-3492,2.06,0.47,12,-500,-200,1015,1,1,0,48626,6689,23856,93.83
1988470,18055,-4.02,0.3996,-1.606,-395.51,-400,-4.49,-498499,0,1.1977,-1.125,-501.7,-3512,1.89,0.43,12,-500,-200,1015,1,1,0,48458,7935,23785,93.94
1988580,18056,-3.528,0.1198,-0.423,-395.31,-400,-4.69,-498360,0,1.1989,-1.091,-502.9,-3520,1.76,0.4,12,-500,-200,1015,1,1,0,48580,2379,23809,94.05
1988690,18057,-0.084,0.0002,0,-395.25,-400,-4.75,-498358,0,1.2032,-0.97,-501,-3507,1.79,0.41,12,-500,-200,1015,1,1,0,49435,3,23894,94.16
1988800,18058,-2.328,0.1401,-0.326,-394.82,-400,-5.18,-497977,0,1.2049,-0.922,-498.9,-3492,1.95,0.45,12,-500,-200,1015,1,1,0,48878,2783,23928,94.27
1988910,18059,-2.119,0.1995,-0.423,-394.33,-400,-5.67,-497640,0,1.2059,-0.894,-497.1,-3480,2.1,0.48,12,-500,-200,1015,1,1,0,48930,3961,23948,94.38
1989020,18060,-4,0.4045,-1.618,-393.91,-400,-6.09,-497389,0,1.2057,-0.898,-496.3,-3474,2.21,0.51,12,-500,-200,1015,1,1,0,48463,8033,23945,94.49
1989130,18061,-0.124,0.0122,-0.002,-393.35,-400,-6.65,-496983,0,1.2068,-0.868,-496.7,-3477,2.2,0.51,12,-500,-200,1015,1,1,0,49425,243,23966,94.6
1989240,18062,-2.002,0.4031,-0.807,-392.13,-400,-7.87,-496007,0,1.2081,-0.833,-497.6,-3483,2.19,0.51,12,-500,-200,1015,1,1,0,48959,8006,23991,94.71
1989350,18063,-1.281,0.0123,-0.016,-391.55,-400,-8.45,-495807,0,1.2069,-0.867,-498.7,-3491,2.13,0.49,12,-500,-200,1015,1,1,0,49138,244,23967,94.82
1989460,18064,-0.564,0.2317,-0.131,-390.88,-400,-9.12,-495344,0,1.2035,-0.96,-500.3,-3502,2.03,0.47,12,-500,-200,1015,1,1,0,49316,4601,23901,94.93
1989570,18065,-1.136,0.2446,-0.278,-390.12,-400,-9.88,-494825,0,1.1972,-1.138,-499.1,-3494,2.02,0.47,12,-500,-200,1015,1,1,0,49174,4858,23776,95.04
1989680,18066,-1.301,0.1393,-0.181,-389.09,-400,-10.91,-494079,0,1.1937,-1.237,-500.3,-3502,2.01,0.46,12,-500,-200,1015,1,1,0,49133,2767,23706,95.15
1989790,18067,-0.596,0.0488,-0.029,-388.2,-400,-11.8,-493537,0,1.1946,-1.212,-501,-3507,1.97,0.45,12,-500,-200,1015,1,1,0,49308,970,23724,95.26
1989900,18068,0.029,0.0006,0,-387.28,-400,-12.72,-492932,0,1.1987,-1.095,-499.7,-3498,2.02,0.47,12,-500,-203,1015,1,1,0,49463,12,23806,95.37
1990010,18069,-2.243,0.1239,-0.278,-386.58,-400,-13.42,-492535,0,1.2033,-0.966,-499.6,-3497,2.06,0.47,12,-500,-207,1015,1,1,0,48899,2460,23897,95.48
1990120,18070,-1.24,0.1748,-0.217,-385.4,-400,-14.6,-491630,0,1.2032,-0.97,-501.1,-3508,1.94,0.45,12,-500,-237,1015,1,1,0,49148,3472,23894,95.59
1990230,18071,-1.389,0.1685,-0.234,-384.44,-400,-15.56,-491067,0,1.2034,-0.965,-501.3,-3509,1.9,0.44,12,-500,-244,1015,1,1,0,49111,3346,23898,95.7
1990340,18072,-1.881,0.1892,-0.356,-383.77,-400,-16.23,-490712,0,1.2037,-0.956,-502,-3514,1.84,0.42,12,-500,-245,1015,1,1,0,48989,3758,23904,95.81
1990450,18073,-2.36,0.4449,-1.05,-383.19,-400,-16.81,-490360,0,1.2048,-0.925,-501.9,-3513,1.82,0.42,12,-500,-251,1015,1,1,0,48870,8835,23926,95.92
1990560,18074,-1.893,0.1907,-0.361,-383.01,-400,-16.99,-490351,0,1.204,-0.946,-500.9,-3506,1.86,0.43,12,-500,-243,1015,1,1,0,48986,3788,23911,96.03
1990670,18075,-0.032,0.1463,-0.005,-384.17,-400,-15.83,-491483,0,1.2021,-1,-499.6,-3497,1.99,0.46,12,-500,-200,1015,1,1,0,49448,2905,23873,96.14
1990780,18076,-3.412,0.1911,-0.652,-385.14,-400,-14.86,-492058,0,1.1955,-1.186,-500.3,-3502,1.98,0.46,12,-500,-200,1015,1,1,0,48609,3796,23742,96.25
1990890,18077,-1.732,0.1694,-0.293,-385.61,-400,-14.39,-492227,0,1.191,-1.314,-502.7,-3519,1.84,0.42,12,-500,-200,1015,1,1,0,49026,3365,23652,96.36
1991000,18078,-1.252,0.1704,-0.213,-385.51,-400,-14.49,-492006,0,1.1908,-1.32,-502.7,-3519,1.77,0.41,12,-500,-205,1015,1,1,0,49145,3383,23648,96.47
1991110,18079,-0.153,0.0028,0,-384.55,-400,-15.45,-491138,0,1.1931,-1.254,-500.7,-3505,1.85,0.42,12,-500,-243,1015,1,1,0,49418,55,23694,96.58
1991220,18080,-0.072,0.0044,0,-383.57,-400,-16.43,-490497,0,1.1967,-1.154,-500.1,-3501,1.89,0.43,12,-500,-257,1015,1,1,0,49438,88,23765,96.69
1991330,18081,-3.665,0.2924,-1.072,-382.8,-400,-17.2,-490049,0,1.1979,-1.118,-499.7,-3498,1.91,0.44,12,-500,-262,1015,1,1,0,48546,5806,23790,96.8
1991440,18082,-4.548,0.3681,-1.674,-382.48,-400,-17.52,-489970,0,1.1984,-1.105,-500,-3500,1.92,0.44,12,-500,-254,1015,1,1,0,48327,7311,23799,96.91
1991550,18083,-2.167,0.2982,-0.646,-382.52,-400,-17.48,-490092,0,1.1988,-1.094,-500.9,-3506,1.84,0.42,12,-500,-244,1015,1,1,0,48918,5922,23807,97.02
1991660,18084,-0.157,0.0157,-0.002,-382.97,-400,-17.03,-490499,0,1.2005,-1.047,-502.1,-3515,1.76,0.4,12,-500,-226,1015,1,1,0,49417,311,23840,97.13
1991770,18085,-0.076,0.2196,-0.017,-383.3,-400,-16.7,-490685,0,1.2012,-1.026,-504.1,-3529,1.62,0.37,12,-500,-225,1015,1,1,0,49437,4362,23855,97.24
1991880,18086,-2.296,0.2295,-0.527,-383.11,-400,-16.89,-490413,0,1.1995,-1.075,-504.1,-3529,1.54,0.35,12,-500,-242,1015,1,1,0,48886,4558,23820,97.35
1991990,18087,-3.831,0.3812,-1.46,-382.38,-400,-17.62,-489785,0,1.1962,-1.168,-504.4,-3531,1.53,0.35,12,-500,-267,1015,1,1,0,48505,7570,23755,97.46
1992100,18088,-2.417,0.1925,-0.465,-381.04,-400,-18.96,-488750,0,1.1905,-1.327,-503.9,-3527,1.52,0.34,12,-500,-302,1015,1,1,0,48856,3823,23643,97.57
1992210,18089,-0.535,0.0691,-0.037,-380.18,-400,-19.82,-488314,0,1.1855,-1.47,-504,-3528,1.51,0.34,12,-500,-301,1015,1,1,0,49323,1373,23542,97.68
1992320,18090,-2.171,0.138,-0.3,-379.68,-400,-20.32,-488091,0,1.1868,-1.432,-503.7,-3526,1.48,0.33,12,-500,-298,1015,1,1,0,48917,2740,23569,97.79
1992430,18091,-0.092,0.0074,-0.001,-380.1,-400,-19.9,-488623,0,1.1903,-1.334,-503.1,-3522,1.48,0.33,12,-500,-267,1015,1,1,0,49433,147,23638,97.9
1992540,18092,-0.584,0.0501,-0.029,-381.32,-400,-18.68,-489640,0,1.1934,-1.247,-502,-3514,1.54,0.35,12,-500,-228,1015,1,1,0,49311,994,23699,98.01
1992650,18093,-3.516,0.3343,-1.176,-381.62,-400,-18.38,-489581,0,1.194,-1.229,-500,-3500,1.61,0.36,12,-500,-249,1015,1,1,0,48583,6639,23712,98.12
1992760,18094,-3.456,0.3773,-1.304,-381.32,-400,-18.68,-489218,0,1.1936,-1.24,-500.7,-3505,1.63,0.37,12,-500,-270,1015,1,1,0,48598,7492,23704,98.23
1992870,18095,-3.746,0.4282,-1.604,-380.91,-400,-19.09,-488925,0,1.1956,-1.183,-501.6,-3511,1.53,0.35,12,-500,-278,1015,1,1,0,48526,8504,23744,98.34
1992980,18096,-0.777,0.0301,-0.023,-380.35,-400,-19.65,-488510,0,1.1953,-1.193,-502,-3514,1.48,0.33,12,-500,-291,1015,1,1,0,49263,598,23737,98.45
1993090,18097,-3.5,0.3734,-1.307,-379.01,-400,-20.99,-487425,0,1.1958,-1.178,-501.3,-3509,1.49,0.34,12,-500,-330,1015,1,1,0,48587,7415,23748,98.56
1993200,18098,-0.253,0.3278,-0.083,-378.02,-400,-21.98,-486871,0,1.1947,-1.21,-500.7,-3505,1.54,0.35,12,-500,-335,1015,1,1,0,49393,6509,23725,98.67
1993310,18099,-3.843,0.2643,-1.016,-377.35,-400,-22.65,-486526,0,1.1908,-1.32,-499.9,-3499,1.56,0.35,12,-500,-335,1015,1,1,0,48502,5249,23648,98.78
1993420,18100,-0.282,0.1418,-0.04,-377.32,-400,-22.68,-486686,0,1.1833,-1.53,-499.6,-3497,1.6,0.36,12,-500,-318,1015,1,1,0,49386,2817,23500,98.89
1993530,18101,-0.447,0.0424,-0.019,-379.31,-400,-20.69,-488552,0,1.182,-1.568,-499.1,-3494,1.66,0.38,12,-500,-235,1015,1,1,0,49345,842,23473,99
1993640,18102,-0.108,0.0041,0,-380.94,-400,-19.06,-489512,0,1.1836,-1.523,-499.9,-3499,1.65,0.37,12,-500,-222,1015,1,1,0,49429,81,23505,99.11
1993750,18103,-0.938,0.1887,-0.177,-381.67,-400,-18.33,-489736,0,1.1885,-1.384,-498.1,-3487,1.7,0.38,12,-500,-237,1015,1,1,0,49223,3748,23603,99.22
1993860,18104,-1.397,0.1281,-0.179,-381.6,-400,-18.4,-489468,0,1.1914,-1.303,-497.3,-3481,1.78,0.4,12,-500,-259,1015,1,1,0,49109,2543,23660,99.33
1993970,18105,-1.583,0.2827,-0.448,-381.17,-400,-18.83,-489081,0,1.1912,-1.308,-496.7,-3477,1.88,0.43,12,-500,-276,1015,1,1,0,49063,5615,23656,99.44
1994080,18106,-5.124,0.4553,-2.333,-379.92,-400,-20.08,-488041,0,1.1911,-1.311,-497.3,-3481,1.84,0.42,12,-500,-315,1015,1,1,0,48184,9041,23654,99.55
1994190,18107,-0.6,0.0427,-0.026,-379.23,-400,-20.77,-487746,0,1.1926,-1.27,-499.1,-3494,1.75,0.4,12,-500,-310,1015,1,1,0,49307,848,23683,99.66
1994300,18108,-1.47,0.2493,-0.366,-378.61,-400,-21.39,-487366,0,1.1926,-1.27,-500,-3500,1.69,0.38,12,-500,-316,1015,1,1,0,49091,4950,23683,99.77
1994410,18109,-3.343,0.3123,-1.044,-377.88,-400,-22.12,-486854,0,1.1908,-1.318,-499.9,-3499,1.68,0.38,12,-500,-330,1015,1,1,0,48626,6202,23649,99.88
1994520,18110,-4.54,0.4553,-2.067,-376.88,-400,-23.12,-486133,0,1.1861,-1.452,-498.9,-3492,1.72,0.39,12,-500,-351,1015,1,1,0,48329,9041,23555,99.99
1994630,18111,-0.866,0.2857,-0.247,-376.21,-400,-23.79,-485785,0,1.1813,-1.587,-500.3,-3502,1.67,0.38,12,-500,-351,1015,1,1,0,49241,5674,23460,100.1
1994740,18112,-0.741,0.0578,-0.043,-375.48,-400,-24.52,-485292,0,1.1791,-1.649,-500.6,-3504,1.64,0.37,12,-500,-363,1015,1,1,0,49272,1147,23416,100.21
1994850,18113,-0.108,0.0074,-0.001,-374.87,-400,-25.13,-484931,0,1.1813,-1.588,-501.3,-3509,1.64,0.37,12,-500,-368,1015,1,1,0,49429,147,23459,100.32
1994960,18114,-2.062,0.0449,-0.093,-375.64,-400,-24.36,-485820,0,1.1836,-1.523,-500.1,-3501,1.64,0.37,12,-500,-320,1015,1,1,0,48944,891,23505,100.43
1995070,18115,-1.917,0.3736,-0.716,-377.02,-400,-22.98,-486884,0,1.186,-1.455,-499.3,-3495,1.68,0.38,12,-500,-284,1015,1,1,0,48980,7419,23553,100.54
1995180,18116,-0.958,0.1158,-0.111,-378.41,-400,-21.59,-487790,0,1.1871,-1.425,-498.7,-3491,1.76,0.4,12,-500,-265,1015,1,1,0,49218,2299,23574,100.65
1995290,18117,-3.23,0.2419,-0.781,-378.96,-400,-21.04,-487918,0,1.1862,-1.449,-499,-3493,1.76,0.4,12,-500,-279,1015,1,1,0,48654,4803,23557,100.76
1995400,18118,-0.036,0.0009,0,-378.66,-400,-21.34,-487485,0,1.1881,-1.395,-498.4,-3489,1.78,0.41,12,-500,-307,1015,1,1,0,49447,17,23595,100.87
1995510,18119,-4.942,0.4426,-2.188,-377.51,-400,-22.49,-486502,0,1.1901,-1.338,-498.3,-3488,1.8,0.41,12,-500,-346,1015,1,1,0,48229,8790,23635,100.98
1995620,18120,-1.414,0.1405,-0.199,-376.86,-400,-23.14,-486217,0,1.189,-1.371,-498.1,-3487,1.84,0.42,12,-500,-342,1015,1,1,0,49105,2790,23612,101.09
1995730,18121,-2.147,0.3173,-0.681,-376.18,-400,-23.82,-485766,0,1.1837,-1.519,-499.1,-3494,1.83,0.42,12,-500,-352,1015,1,1,0,48923,6302,23508,101.2
1995840,18122,-4.685,0.471,-2.206,-375.46,-400,-24.54,-485282,0,1.179,-1.653,-500.4,-3503,1.7,0.39,12,-500,-363,1015,1,1,0,48293,9353,23413,101.31
1995950,18123,-1.2,0.1179,-0.141,-374.72,-400,-25.28,-484791,0,1.1752,-1.76,-501.4,-3510,1.63,0.37,12,-500,-374,1015,1,1,0,49158,2341,23338,101.42
1996060,18124,-0.737,0.0324,-0.024,-374,-400,-26,-484337,0,1.1771,-1.706,-501.6,-3511,1.62,0.37,12,-500,-383,1015,1,1,0,49273,643,23376,101.53
1996170,18125,-0.169,0.0033,-0.001,-373.22,-400,-26.78,-483807,0,1.1809,-1.598,-501.4,-3510,1.6,0.36,12,-500,-396,1015,1,1,0,49414,65,23452,101.64
1996280,18126,-1.289,0.442,-0.57,-372.57,-400,-27.43,-483421,0,1.1826,-1.551,-500.9,-3506,1.6,0.36,12,-500,-402,1015,1,1,0,49136,8778,23485,101.75
1996390,18127,-0.124,0.0462,-0.006,-372.07,-400,-27.93,-483137,0,1.1828,-1.544,-500.4,-3503,1.62,0.37,12,-500,-405,1015,1,1,0,49425,917,23490,101.86
1996500,18128,-4.709,0.4664,-2.196,-373.23,-400,-26.77,-484357,0,1.1832,-1.534,-500.1,-3501,1.65,0.37,12,-500,-343,1015,1,1,0,48287,9262,23497,101.97
1996610,18129,-0.37,0.0522,-0.019,-375.64,-400,-24.36,-486274,0,1.1838,-1.517,-501,-3507,1.62,0.37,12,-500,-275,1015,1,1,0,49364,1036,23509,102.08
1996720,18130,-3.166,0.2787,-0.882,-378.25,-400,-21.75,-488033,0,1.1859,-1.459,-500.7,-3505,1.59,0.36,12,-500,-233,1015,1,1,0,48670,5534,23550,102.19
1996830,18131,-4.955,0.4888,-2.422,-379.73,-400,-20.27,-488676,0,1.1848,-1.487,-501.4,-3510,1.57,0.35,12,-500,-244,1015,1,1,0,48226,9708,23530,102.3
1996940,18132,-4.221,0.4193,-1.77,-379.62,-400,-20.38,-488164,0,1.1831,-1.537,-501.4,-3510,1.54,0.35,12,-500,-288,1015,1,1,0,48408,8327,23495,102.41
1997050,18133,-1.216,0.1362,-0.166,-379.15,-400,-20.85,-487761,0,1.178,-1.679,-501.1,-3508,1.56,0.35,12,-500,-305,1015,1,1,0,49154,2704,23395,102.52
1997160,18134,-1.369,0.155,-0.212,-378.45,-400,-21.55,-487235,0,1.1719,-1.852,-501.6,-3511,1.55,0.35,12,-500,-321,1015,1,1,0,49116,3078,23273,102.63
1997270,18135,-1.063,0.1075,-0.114,-377.63,-400,-22.37,-486668,0,1.172,-1.851,-501,-3507,1.56,0.35,12,-500,-336,1015,1,1,0,49192,2135,23274,102.74
1997380,18136,-0.62,0.1004,-0.062,-376.62,-400,-23.38,-485961,0,1.1753,-1.757,-500.9,-3506,1.57,0.35,12,-500,-355,1015,1,1,0,49302,1994,23340,102.85
1997490,18137,-0.245,0.0137,-0.003,-375.76,-400,-24.24,-485436,0,1.1797,-1.634,-501.3,-3509,1.53,0.35,12,-500,-363,1015,1,1,0,49395,273,23427,102.96
1997600,18138,-2.691,0.3327,-0.895,-374.99,-400,-25.01,-484961,0,1.181,-1.597,-501,-3507,1.53,0.35,12,-500,-371,1015,1,1,0,48788,6607,23453,103.07
1997710,18139,-1.256,0.2647,-0.333,-374.4,-400,-25.6,-484631,0,1.1813,-1.587,-500.1,-3501,1.56,0.35,12,-500,-374,1015,1,1,0,49144,5257,23460,103.18
1997820,18140,-4.282,0.1511,-0.647,-373.84,-400,-26.16,-484271,0,1.1808,-1.602,-499.6,-3497,1.57,0.35,12,-500,-382,1015,1,1,0,48393,3001,23449,103.29
1997930,18141,-2.131,0.1648,-0.351,-372.66,-400,-27.34,-483329,0,1.1815,-1.582,-500.3,-3502,1.57,0.35,12,-500,-415,1015,1,1,0,48927,3273,23463,103.4
1998040,18142,-1.764,0.1321,-0.233,-372.04,-400,-27.96,-483084,0,1.182,-1.567,-500.3,-3502,1.57,0.36,12,-500,-408,1015,1,1,0,49018,2624,23474,103.51
1998150,18143,0.029,0.333,0.01,-371.76,-400,-28.24,-482997,0,1.1811,-1.594,-500.1,-3501,1.57,0.35,12,-500,-403,1015,1,1,0,49463,6613,23455,103.62
1998260,18144,-4.87,0.4908,-2.39,-372.74,-400,-27.26,-483983,0,1.1756,-1.749,-499.6,-3497,1.57,0.35,12,-500,-355,1015,1,1,0,48247,9746,23346,103.73
1998370,18145,-0.322,0.0307,-0.01,-377.1,-400,-22.9,-487767,0,1.1703,-1.898,-500.4,-3503,1.54,0.35,12,-500,-202,1015,1,1,0,49376,609,23241,103.84
1998480,18146,-0.576,0.047,-0.027,-380.38,-400,-19.62,-489605,0,1.1692,-1.927,-500.3,-3502,1.54,0.35,12,-500,-200,1015,1,1,0,49313,934,23220,103.95
1998590,18147,0.061,0.0069,0,-382.45,-400,-17.55,-490613,0,1.1704,-1.893,-500.3,-3502,1.56,0.35,12,-500,-200,1015,1,1,0,49471,137,23244,104.06
1998700,18148,-5.019,0.4928,-2.473,-383.18,-400,-16.82,-490715,0,1.1735,-1.808,-499.4,-3496,1.58,0.36,12,-500,-216,1015,1,1,0,48210,9787,23304,104.17
1998810,18149,-2.453,0.1575,-0.386,-383.05,-400,-16.95,-490391,0,1.1765,-1.722,-500,-3500,1.57,0.35,12,-500,-241,1015,1,1,0,48847,3127,23365,104.28
1998920,18150,-1.393,0.1039,-0.145,-381.96,-400,-18.04,-489418,0,1.1766,-1.719,-500,-3500,1.57,0.35,12,-500,-282,1015,1,1,0,49110,2063,23367,104.39
1999030,18151,-1.607,0.3573,-0.574,-381.25,-400,-18.75,-489058,0,1.1768,-1.714,-499.1,-3494,1.61,0.36,12,-500,-282,1015,1,1,0,49057,7095,23370,104.5
1999140,18152,-0.036,0.0009,0,-380.69,-400,-19.31,-488731,0,1.1785,-1.668,-498.3,-3488,1.66,0.37,12,-500,-286,1015,1,1,0,49447,18,23403,104.61
1999250,18153,-1.478,0.1941,-0.287,-380.14,-400,-19.86,-488379,0,1.1797,-1.634,-499.1,-3494,1.65,0.37,12,-500,-293,1015,1,1,0,49089,3854,23427,104.72
1999360,18154,-1.603,0.1564,-0.251,-379.03,-400,-20.97,-487496,0,1.1779,-1.682,-499.7,-3498,1.62,0.37,12,-500,-324,1015,1,1,0,49058,3105,23393,104.83
1999470,18155,-3.053,0.1446,-0.442,-378.31,-400,-21.69,-487140,0,1.1732,-1.817,-500.1,-3501,1.6,0.36,12,-500,-323,1015,1,1,0,48698,2872,23298,104.94
1999580,18156,-4.237,0.4128,-1.749,-377.76,-400,-22.24,-486826,0,1.1681,-1.959,-499.3,-3495,1.6,0.36,12,-500,-326,1015,1,1,0,48404,8197,23198,105.05
1999690,18157,-0.878,0.0944,-0.083,-377.97,-400,-22.03,-487175,0,1.1653,-2.038,-498.7,-3491,1.66,0.38,12,-500,-303,1015,1,1,0,49238,1875,23142,105.16
1999800,18158,-0.185,0.014,-0.003,-380.91,-400,-19.09,-489860,0,1.1673,-1.983,-499.1,-3494,1.71,0.39,12,-500,-200,1015,1,1,0,49410,278,23181,105.27
1999910,18159,-0.314,0.0278,-0.009,-383.3,-400,-16.7,-491259,0,1.1702,-1.901,-499.6,-3497,1.65,0.37,12,-500,-200,1015,1,1,0,49378,552,23239,105.38
2000020,18160,-1.563,0.405,-0.633,-384.84,-400,-15.16,-492027,0,1.1723,-1.842,-500.1,-3501,1.6,0.36,12,-500,-200,1015,1,1,0,49068,8042,23280,105.49
2000130,18161,-5.14,0.5175,-2.66,-385.36,-400,-14.64,-492082,0,1.1728,-1.827,-500.7,-3505,1.57,0.35,12,-500,-200,1015,1,1,0,48180,10278,23291,105.6
2000240,18162,-1.506,0.1487,-0.224,-385.14,-400,-14.86,-491733,0,1.1728,-1.828,-500.7,-3505,1.56,0.35,12,-500,-214,1015,1,1,0,49082,2954,23290,105.71
2000350,18163,-0.406,0.0403,-0.016,-384.03,-400,-15.97,-490759,0,1.1734,-1.811,-501.6,-3511,1.5,0.34,12,-500,-254,1015,1,1,0,49355,800,23302,105.82
2000460,18164,-2.413,0.2283,-0.551,-383.53,-400,-16.47,-490600,0,1.1754,-1.753,-502.4,-3517,1.43,0.32,12,-500,-244,1015,1,1,0,48857,4534,23343,105.93
2000570,18165,-4.552,0.4097,-1.865,-382.95,-400,-17.05,-490205,0,1.1742,-1.787,-503.1,-3522,1.37,0.31,12,-500,-254,1015,1,1,0,48326,8136,23319,106.04
2000680,18166,-4.258,0.4002,-1.704,-382.14,-400,-17.86,-489613,0,1.1709,-1.881,-503.1,-3522,1.33,0.3,12,-500,-272,1015,1,1,0,48399,7947,23253,106.15
2000790,18167,-2.481,0.2123,-0.527,-380.79,-400,-19.21,-488576,0,1.1677,-1.97,-502.6,-3518,1.33,0.3,12,-500,-306,1015,1,1,0,48840,4216,23190,106.26
2000900,18168,-5.241,0.361,-1.892,-379.89,-400,-20.11,-488117,0,1.1616,-2.143,-502.9,-3520,1.34,0.3,12,-500,-306,1015,1,1,0,48155,7170,23068,106.37
2001010,18169,-1.313,0.123,-0.162,-379.09,-400,-20.91,-487628,0,1.1611,-2.158,-502.3,-3516,1.35,0.3,12,-500,-314,1015,1,1,0,49130,2443,23058,106.48
2001120,18170,-0.165,0.0121,-0.002,-379.51,-400,-20.49,-488242,0,1.1632,-2.096,-502,-3514,1.34,0.3,12,-500,-275,1015,1,1,0,49415,240,23101,106.59
2001230,18171,-0.29,0.0191,-0.006,-380.98,-400,-19.02,-489493,0,1.1677,-1.972,-501.3,-3509,1.36,0.3,12,-500,-226,1015,1,1,0,49384,379,23189,106.7
2001340,18172,-1.603,0.1141,-0.183,-384.49,-400,-15.51,-492348,0,1.1697,-1.913,-500.3,-3502,1.41,0.31,12,-500,-200,1015,1,1,0,49058,2266,23230,106.81
2001450,18173,-1.538,0.14,-0.215,-386.74,-400,-13.26,-493458,0,1.1708,-1.882,-500.3,-3502,1.42,0.32,12,-500,-200,1015,1,1,0,49074,2781,23252,106.92
2001560,18174,-2.384,0.3116,-0.743,-387.93,-400,-12.07,-493942,0,1.1698,-1.912,-499.6,-3497,1.43,0.32,12,-500,-200,1015,1,1,0,48864,6189,23231,107.03
2001670,18175,-0.415,0.0368,-0.015,-388.09,-400,-11.91,-493761,0,1.1701,-1.902,-499.7,-3498,1.45,0.32,12,-500,-200,1015,1,1,0,49353,731,23238,107.14
2001780,18176,-1.087,0.002,-0.002,-386.88,-400,-13.12,-492587,0,1.1704,-1.893,-499.3,-3495,1.48,0.33,12,-500,-217,1015,1,1,0,49186,40,23244,107.25
2001890,18177,-3.959,0.4424,-1.752,-386.33,-400,-13.67,-492416,0,1.1701,-1.903,-499.3,-3495,1.48,0.33,12,-500,-206,1015,1,1,0,48473,8786,23237,107.36
2002000,18178,-5.216,0.3193,-1.666,-385.76,-400,-14.24,-492039,0,1.1643,-2.067,-498.9,-3492,1.48,0.33,12,-500,-215,1015,1,1,0,48161,6341,23122,107.47
2002110,18179,-1.696,0.1407,-0.239,-384.92,-400,-15.08,-491413,0,1.1593,-2.207,-500,-3500,1.45,0.33,12,-500,-234,1015,1,1,0,49035,2795,23023,107.58
2002220,18180,-0.624,0.0759,-0.047,-383.81,-400,-16.19,-490617,0,1.1591,-2.214,-500.4,-3503,1.43,0.32,12,-500,-257,1015,1,1,0,49301,1508,23018,107.69
2002330,18181,-0.435,0.0566,-0.025,-382.89,-400,-17.11,-490068,0,1.1593,-2.209,-501.7,-3512,1.4,0.31,12,-500,-265,1015,1,1,0,49348,1125,23022,107.8
2002440,18182,-0.503,0.045,-0.023,-381.94,-400,-18.06,-489442,0,1.1624,-2.121,-500.1,-3501,1.4,0.31,12,-500,-279,1015,1,1,0,49331,894,23084,107.91
2002550,18183,-1.438,0.1552,-0.223,-381.93,-400,-18.07,-489697,0,1.1647,-2.055,-500.4,-3503,1.4,0.31,12,-500,-253,1015,1,1,0,49099,3082,23130,108.02
2002660,18184,-3.5,0.2025,-0.709,-382.74,-400,-17.26,-490455,0,1.165,-2.047,-500.3,-3502,1.39,0.31,12,-500,-219,1015,1,1,0,48587,4021,23136,108.13
2002770,18185,-4.246,0.5277,-2.24,-385.09,-400,-14.91,-492411,0,1.1655,-2.033,-500,-3500,1.41,0.31,12,-500,-200,1015,1,1,0,48402,10479,23146,108.24
2002880,18186,-0.221,0.0234,-0.005,-386.93,-400,-13.07,-493474,0,1.166,-2.02,-499.9,-3499,1.41,0.31,12,-500,-200,1015,1,1,0,49401,464,23155,108.35
2002990,18187,-5.446,0.4847,-2.639,-388.33,-400,-11.67,-494263,0,1.1675,-1.977,-500,-3500,1.4,0.31,12,-500,-200,1015,1,1,0,48104,9625,23185,108.46
2003100,18188,-1.538,0.1773,-0.273,-389.11,-400,-10.89,-494596,0,1.1663,-2.011,-500,-3500,1.41,0.31,12,-500,-200,1015,1,1,0,49074,3522,23161,108.57
2003210,18189,-1.498,0.1465,-0.219,-390.24,-400,-9.76,-495430,0,1.1628,-2.108,-500.4,-3503,1.4,0.31,12,-500,-200,1015,1,1,0,49084,2909,23093,108.68
2003320,18190,-1.438,0.1338,-0.192,-391.29,-400,-8.71,-496095,0,1.1585,-2.23,-500.1,-3501,1.41,0.31,12,-500,-200,1015,1,1,0,49099,2657,23007,108.79
2003430,18191,-1.196,0.1267,-0.152,-392.26,-400,-7.74,-496696,0,1.1559,-2.302,-500.1,-3501,1.42,0.32,12,-500,-200,1015,1,1,0,49159,2516,22956,108.9
2003540,18192,-1.176,0.0925,-0.109,-392.87,-400,-7.13,-497002,0,1.1568,-2.278,-499.9,-3499,1.44,0.32,12,-500,-200,1015,1,1,0,49164,1836,22973,109.01
2003650,18193,-0.08,0.0156,-0.001,-393.5,-400,-6.5,-497412,0,1.1592,-2.21,-499.7,-3498,1.45,0.32,12,-500,-200,1015,1,1,0,49436,309,23021,109.12
2003760,18194,-0.898,0.0777,-0.07,-394.63,-400,-5.37,-498292,0,1.1602,-2.183,-499.6,-3497,1.46,0.33,12,-500,-200,1015,1,1,0,49233,1544,23040,109.23
2003870,18195,-1.196,0.0569,-0.068,-395.54,-400,-4.46,-498824,0,1.1617,-2.139,-499.6,-3497,1.46,0.33,12,-500,-200,1015,1,1,0,49159,1130,23071,109.34
2003980,18196,-1.498,0.1859,-0.279,-396.44,-400,-3.56,-499401,0,1.1614,-2.148,-499.1,-3494,1.47,0.33,12,-500,-200,1015,1,1,0,49084,3692,23065,109.45
2004090,18197,-1.003,0.1451,-0.145,-397.38,-400,-2.62,-500025,0,1.1622,-2.126,-498.7,-3491,1.51,0.34,12,-500,-200,1015,1,1,0,49207,2881,23080,109.56
2004200,18198,-0.076,0.0007,0,-399.2,-400,0,-501458,0,1.1624,-2.119,-496.9,-3478,1.62,0.37,12,-500,200,1015,1,1,0,49437,14,23085,109.67
2004310,18199,0.069,0.1217,0.008,-400.78,-400,0,-502421,0,1.1622,-2.126,-494.6,-3462,1.8,0.41,12,-500,200,1015,1,1,0,49473,2417,23080,109.78
2004420,18200,-2.57,0.1739,-0.447,-401.79,-400,0,-502926,0,1.1593,-2.209,-492.7,-3449,1.99,0.45,12,-500,200,1015,1,1,0,48818,3453,23022,109.89
2004530,18201,-3.154,0.4071,-1.284,-401.56,-400,0,-502422,0,1.1523,-2.405,-491.3,-3439,2.14,0.49,12,-500,-200,1015,1,1,0,48673,8084,22884,110
2004640,18202,-5.438,0.4336,-2.358,-398.85,-400,0,-499969,0,1.1508,-2.449,-489.3,-3425,2.34,0.53,12,-500,-200,1015,1,1,0,48106,8610,22853,110.11
2004750,18203,-0.048,0.0029,0,-397.08,-400,-2.92,-499076,0,1.1553,-2.321,-486.7,-3407,2.59,0.59,12,-500,-200,1015,1,1,0,49444,58,22943,110.22
2004860,18204,-1.269,0.0964,-0.122,-396.79,-400,-3.21,-499299,0,1.1582,-2.24,-484.7,-3393,2.84,0.65,12,-500,-200,1015,1,1,0,49141,1914,23000,110.33
2004970,18205,-0.084,0.0011,0,-397.68,-400,-2.32,-500207,0,1.1587,-2.224,-484.9,-3394,3.01,0.69,12,-500,-200,1015,1,1,0,49435,21,23011,110.44
2005080,18206,-1.99,0.2196,-0.437,-398.79,-400,0,-500991,0,1.1592,-2.211,-485.3,-3397,3.15,0.73,12,-500,200,1015,1,1,0,48962,4362,23020,110.55
2005190,18207,-2.139,0.0476,-0.102,-399.91,-400,0,-501728,0,1.161,-2.159,-486.7,-3407,3.17,0.74,12,-500,200,1015,1,1,0,48925,946,23057,110.66
2005300,18208,-1.474,0.1401,-0.207,-400.62,-400,0,-502074,0,1.1595,-2.203,-491.3,-3439,2.99,0.7,12,-500,200,1015,1,1,0,49090,2783,23026,110.77
2005410,18209,-4.225,0.4683,-1.979,-400.4,-400,0,-501668,0,1.1583,-2.237,-499,-3493,2.55,0.6,12,-500,-200,1015,1,1,0,48407,9300,23002,110.88
2005520,18210,-0.02,0.0005,0,-399.05,-400,0,-500483,0,1.1518,-2.42,-503.6,-3525,2.15,0.5,12,-500,-200,1015,1,1,0,49451,9,22873,110.99
2005630,18211,-1.309,0.1904,-0.249,-397.05,-400,-2.95,-498992,0,1.1486,-2.51,-506.1,-3543,1.91,0.45,12,-500,-200,1015,1,1,0,49131,3782,22810,111.1
2005740,18212,-1.482,0.147,-0.218,-396.67,-400,-3.33,-499193,0,1.1483,-2.517,-507.4,-3552,1.78,0.41,12,-500,-200,1015,1,1,0,49088,2919,22805,111.21
2005850,18213,-0.104,0.0054,-0.001,-396.95,-400,-3.05,-499562,0,1.151,-2.442,-508.3,-3558,1.64,0.38,12,-500,-200,1015,1,1,0,49430,107,22858,111.32
2005960,18214,-4.87,0.3413,-1.662,-397.63,-400,-2.37,-500124,0,1.1551,-2.327,-508,-3556,1.55,0.35,12,-500,-200,1015,1,1,0,48247,6777,22939,111.43
2006070,18215,-2.771,0.2704,-0.749,-398.34,-400,0,-500592,0,1.1575,-2.258,-507.4,-3552,1.5,0.34,12,-500,200,1015,1,1,0,48768,5370,22987,111.54
2006180,18216,-1.454,0.1158,-0.168,-399.31,-400,0,-501292,0,1.1572,-2.268,-507.6,-3553,1.49,0.34,12,-500,200,1015,1,1,0,49095,2300,22980,111.65
2006290,18217,-0.044,0.0407,-0.002,-399.64,-400,0,-501329,0,1.1569,-2.275,-507.3,-3551,1.44,0.33,12,-500,200,1015,1,1,0,49445,808,22975,111.76
2006400,18218,0.021,0.0074,0,-399.3,-400,0,-500922,0,1.1574,-2.263,-506.9,-3548,1.39,0.32,12,-500,-200,1015,1,1,0,49461,146,22984,111.87
2006510,18219,0,0.05,0,-398.43,-400,0,-500203,0,1.1594,-2.206,-506.7,-3547,1.36,0.31,12,-500,-200,1015,1,1,0,49456,993,23024,111.98
2006620,18220,-0.008,0.1728,-0.001,-396.54,-400,-3.46,-498688,0,1.1593,-2.207,-506.1,-3543,1.34,0.3,12,-500,-200,1015,1,1,0,49454,3432,23023,112.09
2006730,18221,0.085,0.2228,0.019,-396.18,-400,-3.82,-498882,0,1.1589,-2.22,-505.6,-3539,1.34,0.3,12,-500,-200,1015,1,1,0,49477,4424,23014,112.2
2006840,18222,-1.26,0.1493,-0.188,-396.48,-400,-3.52,-499267,0,1.1557,-2.309,-505.1,-3536,1.35,0.3,12,-500,-200,1015,1,1,0,49143,2964,22951,112.31
2006950,18223,-4.403,0.4295,-1.891,-396.74,-400,-3.26,-499423,0,1.1495,-2.484,-503.3,-3523,1.41,0.32,12,-500,-200,1015,1,1,0,48363,8529,22828,112.42
2007060,18224,-3.895,0.4742,-1.847,-397.23,-400,-2.77,-499806,0,1.1469,-2.557,-503,-3521,1.43,0.32,12,-500,-200,1015,1,1,0,48489,9417,22777,112.53
2007170,18225,-1.301,0.1354,-0.176,-397.31,-400,-2.69,-499743,0,1.1469,-2.558,-502.6,-3518,1.44,0.32,12,-500,-200,1015,1,1,0,49133,2688,22776,112.64
2007280,18226,-0.052,0.0065,0,-397.09,-400,-2.91,-499512,0,1.1484,-2.515,-501.4,-3510,1.48,0.33,12,-500,-200,1015,1,1,0,49443,129,22806,112.75
2007390,18227,-4.217,0.1134,-0.478,-396.9,-400,-3.1,-499403,0,1.1528,-2.392,-500.6,-3504,1.54,0.35,12,-500,-200,1015,1,1,0,48409,2252,22893,112.86
2007500,18228,-2.811,0.0475,-0.133,-396.67,-400,-3.33,-499238,0,1.1529,-2.388,-499.3,-3495,1.61,0.36,12,-500,-200,1015,1,1,0,48758,943,22896,112.97
2007610,18229,-1.796,0.2339,-0.42,-395.45,-400,-4.55,-498164,0,1.1534,-2.373,-499.9,-3499,1.61,0.36,12,-500,-200,1015,1,1,0,49010,4645,22906,113.08
2007720,18230,-0.064,0.0101,-0.001,-394.75,-400,-5.25,-497858,0,1.1522,-2.407,-501.3,-3509,1.53,0.34,12,-500,-200,1015,1,1,0,49440,201,22882,113.19
2007830,18231,-1.051,0.0974,-0.102,-394.29,-400,-5.71,-497620,0,1.1569,-2.277,-501.4,-3510,1.47,0.33,12,-500,-200,1015,1,1,0,49195,1935,22974,113.3
2007940,18232,-2.03,0.4574,-0.928,-393.77,-400,-6.23,-497270,0,1.1566,-2.282,-501.6,-3511,1.46,0.33,12,-500,-200,1015,1,1,0,48952,9083,22970,113.41
2008050,18233,-0.809,0.1177,-0.095,-392.92,-400,-7.08,-496623,0,1.1534,-2.375,-500.7,-3505,1.47,0.33,12,-500,-200,1015,1,1,0,49255,2337,22905,113.52
2008160,18234,-3.798,0.3717,-1.412,-392.27,-400,-7.73,-496255,0,1.1489,-2.5,-500.3,-3502,1.5,0.34,12,-500,-200,1015,1,1,0,48513,7382,22817,113.63
2008270,18235,-3.383,0.2238,-0.757,-391.53,-400,-8.47,-495745,0,1.1445,-2.626,-500,-3500,1.53,0.34,12,-500,-200,1015,1,1,0,48616,4444,22728,113.74
2008380,18236,-5.498,0.4693,-2.58,-390.67,-400,-9.33,-495150,0,1.1424,-2.684,-500.4,-3503,1.55,0.35,12,-500,-200,1015,1,1,0,48091,9319,22687,113.85
2008490,18237,-0.072,0.0013,0,-390.16,-400,-9.84,-494922,0,1.1448,-2.616,-499.6,-3497,1.57,0.36,12,-500,-200,1015,1,1,0,49438,26,22735,113.96
2008600,18238,-0.257,0.0256,-0.007,-389.42,-400,-10.58,-494372,0,1.1483,-2.518,-499.1,-3494,1.6,0.36,12,-500,-200,1015,1,1,0,49392,508,22804,114.07
2008710,18239,-2.175,0.2167,-0.471,-388.68,-400,-11.32,-493895,0,1.1499,-2.474,-498.3,-3488,1.64,0.37,12,-500,-200,1015,1,1,0,48916,4303,22835,114.18
2008820,18240,-5.277,0.4961,-2.618,-388.12,-400,-11.88,-493577,0,1.1497,-2.478,-498.7,-3491,1.66,0.38,12,-500,-200,1015,1,1,0,48146,9853,22832,114.29
2008930,18241,-0.044,0.0032,0,-387.66,-400,-12.34,-493300,0,1.1492,-2.491,-498.1,-3487,1.67,0.38,12,-500,-200,1015,1,1,0,49445,64,22823,114.4
2009040,18242,-0.809,0.0353,-0.029,-386.64,-400,-13.36,-492482,0,1.1513,-2.434,-498.1,-3487,1.71,0.39,12,-500,-215,1015,1,1,0,49255,702,22863,114.51
2009150,18243,-1.986,0.1996,-0.396,-386.18,-400,-13.82,-492337,0,1.1527,-2.393,-499,-3493,1.72,0.39,12,-500,-206,1015,1,1,0,48963,3963,22892,114.62
2009260,18244,-4.282,0.413,-1.768,-385.73,-400,-14.27,-492053,0,1.1498,-2.477,-499.7,-3498,1.64,0.37,12,-500,-212,1015,1,1,0,48393,8202,22833,114.73
2009370,18245,-4.777,0.4454,-2.128,-385.11,-400,-14.89,-491596,0,1.1465,-2.569,-500.4,-3503,1.56,0.35,12,-500,-226,1015,1,1,0,48270,8846,22768,114.84
2009480,18246,-2.787,0.3575,-0.996,-384.11,-400,-15.89,-490843,0,1.141,-2.724,-501.1,-3508,1.52,0.34,12,-500,-250,1015,1,1,0,48764,7099,22659,114.95
2009590,18247,-1.132,0.1318,-0.149,-383.53,-400,-16.47,-490581,0,1.1382,-2.804,-501.7,-3512,1.49,0.34,12,-500,-246,1015,1,1,0,49175,2617,22603,115.06
2009700,18248,-0.112,0.0131,-0.001,-383.41,-400,-16.59,-490626,0,1.1404,-2.741,-502.7,-3519,1.43,0.32,12,-500,-236,1015,1,1,0,49428,261,22647,115.17
2009810,18249,-4.721,0.4725,-2.231,-383.96,-400,-16.04,-491178,0,1.1452,-2.605,-501.7,-3512,1.43,0.32,12,-500,-209,1015,1,1,0,48284,9384,22743,115.28
2009920,18250,-0.358,0.002,-0.001,-384.79,-400,-15.21,-491791,0,1.1467,-2.562,-501.4,-3510,1.44,0.32,12,-500,-200,1015,1,1,0,49367,39,22773,115.39
2010030,18251,-0.024,0.008,0,-385.11,-400,-14.89,-491858,0,1.1476,-2.538,-501.6,-3511,1.43,0.32,12,-500,-200,1015,1,1,0,49450,159,22790,115.5
2010140,18252,-2.388,0.2092,-0.5,-384.84,-400,-15.16,-491518,0,1.1476,-2.537,-501.1,-3508,1.42,0.32,12,-500,-220,1015,1,1,0,48863,4154,22791,115.61
2010250,18253,-2.175,0.0517,-0.112,-384.38,-400,-15.62,-491169,0,1.1484,-2.515,-501.3,-3509,1.41,0.31,12,-500,-231,1015,1,1,0,48916,1027,22806,115.72
2010360,18254,-1.136,0.1399,-0.159,-383.7,-400,-16.3,-490660,0,1.149,-2.497,-500.6,-3504,1.43,0.32,12,-500,-247,1015,1,1,0,49174,2779,22819,115.83
2010470,18255,-0.032,0.0587,-0.002,-382.29,-400,-17.71,-489538,0,1.1486,-2.51,-500,-3500,1.5,0.34,12,-500,-286,1015,1,1,0,49448,1165,22810,115.94
2010580,18256,-0.632,0.2063,-0.13,-381.53,-400,-18.47,-489227,0,1.1463,-2.574,-498.9,-3492,1.57,0.35,12,-500,-279,1015,1,1,0,49299,4097,22765,116.05
2010690,18257,0.045,0.0009,0,-381.2,-400,-18.8,-489129,0,1.139,-2.779,-497.4,-3482,1.66,0.38,12,-500,-272,1015,1,1,0,49467,17,22620,116.16
2010800,18258,-3.988,0.1849,-0.737,-381.58,-400,-18.42,-489582,0,1.1356,-2.877,-496.4,-3475,1.75,0.4,12,-500,-247,1015,1,1,0,48466,3671,22551,116.27
2010910,18259,-0.149,0.0136,-0.002,-382.49,-400,-17.51,-490319,0,1.136,-2.865,-496.1,-3473,1.83,0.41,12,-500,-220,1015,1,1,0,49419,270,22560,116.38
2011020,18260,-0.249,0.028,-0.007,-383.58,-400,-16.42,-491081,0,1.1408,-2.728,-497.7,-3484,1.77,0.4,12,-500,-200,1015,1,1,0,49394,557,22656,116.49
2011130,18261,-3.589,0.3095,-1.111,-383.49,-400,-16.51,-490689,0,1.1441,-2.637,-499,-3493,1.67,0.38,12,-500,-234,1015,1,1,0,48565,6146,22720,116.6
2011240,18262,0.029,0.4643,0.013,-383.23,-400,-16.77,-490471,0,1.1435,-2.653,-499.9,-3499,1.63,0.37,12,-500,-242,1015,1,1,0,49463,9221,22709,116.71
2011350,18263,-0.092,0.1048,-0.01,-382.8,-400,-17.2,-490143,0,1.1438,-2.646,-500.3,-3502,1.61,0.36,12,-500,-253,1015,1,1,0,49433,2081,22714,116.82
2011460,18264,-0.398,0.0443,-0.018,-381.63,-400,-18.37,-489175,0,1.1461,-2.579,-501.1,-3508,1.55,0.35,12,-500,-289,1015,1,1,0,49357,880,22761,116.93
2011570,18265,-0.648,0.0029,-0.002,-380.95,-400,-19.05,-488871,0,1.1468,-2.559,-501.9,-3513,1.46,0.33,12,-500,-285,1015,1,1,0,49295,58,22775,117.04
2011680,18266,-4.544,0.2408,-1.094,-380.68,-400,-19.32,-488807,0,1.1465,-2.569,-501.9,-3513,1.44,0.32,12,-500,-278,1015,1,1,0,48328,4783,22768,117.15
2011790,18267,-1.377,0.1807,-0.249,-380.73,-400,-19.27,-488936,0,1.1419,-2.699,-501.6,-3511,1.46,0.33,12,-500,-268,1015,1,1,0,49114,3588,22677,117.26
2011900,18268,-1.78,0.15,-0.267,-381.37,-400,-18.63,-489515,0,1.1371,-2.835,-499.9,-3499,1.54,0.35,12,-500,-243,1015,1,1,0,49014,2978,22581,117.37
2012010,18269,-1.542,0.1306,-0.201,-381.81,-400,-18.19,-489746,0,1.1332,-2.944,-499,-3493,1.64,0.37,12,-500,-243,1015,1,1,0,49073,2594,22504,117.48
2012120,18270,-4.395,0.4308,-1.893,-381.72,-400,-18.28,-489537,0,1.1334,-2.937,-497.6,-3483,1.71,0.39,12,-500,-258,1015,1,1,0,48365,8555,22509,117.59
2012230,18271,-0.064,0.0013,0,-381.16,-400,-18.84,-489037,0,1.1358,-2.87,-497.1,-3480,1.79,0.41,12,-500,-279,1015,1,1,0,49440,25,22556,117.7
2012340,18272,-0.076,0.0008,0,-380.69,-400,-19.31,-488765,0,1.1395,-2.765,-496.7,-3477,1.83,0.42,12,-500,-283,1015,1,1,0,49437,16,22630,117.81
2012450,18273,-3.126,0.3818,-1.193,-379.81,-400,-20.19,-488069,0,1.1401,-2.748,-496.1,-3473,1.87,0.42,12,-500,-307,1015,1,1,0,48680,7583,22642,117.92
2012560,18274,-4.29,0.4752,-2.039,-379.25,-400,-20.75,-487794,0,1.1406,-2.734,-496.7,-3477,1.88,0.43,12,-500,-306,1015,1,1,0,48391,9438,22652,118.03
2012670,18275,-0.068,0.0055,0,-378.87,-400,-21.13,-487597,0,1.1413,-2.714,-498.4,-3489,1.82,0.42,12,-500,-306,1015,1,1,0,49439,109,22666,118.14
2012780,18276,-0.052,0.0002,0,-378.33,-400,-21.67,-487203,0,1.1431,-2.664,-499.3,-3495,1.78,0.4,12,-500,-318,1015,1,1,0,49443,3,22701,118.25
2012890,18277,-2.03,0.0114,-0.023,-377.19,-400,-22.81,-486297,0,1.1424,-2.684,-499.1,-3494,1.76,0.4,12,-500,-350,1015,1,1,0,48952,227,22687,118.36
2013000,18278,-4.511,0.4588,-2.07,-376.59,-400,-23.41,-486051,0,1.1376,-2.819,-498.9,-3492,1.81,0.41,12,-500,-344,1015,1,1,0,48336,9112,22592,118.47
2013110,18279,-3.327,0.4062,-1.351,-376.7,-400,-23.3,-486326,0,1.133,-2.948,-498,-3486,1.83,0.42,12,-500,-323,1015,1,1,0,48630,8067,22501,118.58
2013220,18280,-0.866,0.0962,-0.083,-378.08,-400,-21.92,-487573,0,1.1288,-3.069,-498.9,-3492,1.8,0.41,12,-500,-269,1015,1,1,0,49241,1911,22416,118.69
2013330,18281,-0.169,0.0112,-0.002,-380.19,-400,-19.81,-489151,0,1.1314,-2.995,-499,-3493,1.79,0.41,12,-500,-220,1015,1,1,0,49414,222,22468,118.8
2013440,18282,-0.068,0.0032,0,-382.44,-400,-17.56,-490664,0,1.1347,-2.902,-499,-3493,1.8,0.41,12,-500,-200,1015,1,1,0,49439,63,22534,118.91
2013550,18283,-4.805,0.2865,-1.377,-382.7,-400,-17.3,-490277,0,1.1364,-2.853,-498.9,-3492,1.8,0.41,12,-500,-235,1015,1,1,0,48263,5689,22568,119.02
2013660,18284,-1.103,0.1327,-0.146,-382.54,-400,-17.46,-490049,0,1.1366,-2.848,-499.1,-3494,1.81,0.41,12,-500,-249,1015,1,1,0,49182,2635,22572,119.13
2013770,18285,0.021,0.0004,0,-382.24,-400,-17.76,-489820,0,1.1371,-2.833,-497.9,-3485,1.88,0.43,12,-500,-257,1015,1,1,0,49461,7,22582,119.24
2013880,18286,0.017,0.0121,0,-381.33,-400,-18.67,-489056,0,1.138,-2.809,-497.9,-3485,1.91,0.44,12,-500,-286,1015,1,1,0,49460,240,22599,119.35
2013990,18287,-3.065,0.2239,-0.686,-380.8,-400,-19.2,-488814,0,1.1392,-2.774,-498.4,-3489,1.9,0.43,12,-500,-283,1015,1,1,0,48695,4446,22624,119.46
2014100,18288,0.008,0.1436,0.001,-380.38,-400,-19.62,-488568,0,1.1385,-2.795,-498.1,-3487,1.91,0.44,12,-500,-286,1015,1,1,0,49458,2851,22609,119.57
2014210,18289,-1.41,0.2721,-0.383,-379.68,-400,-20.32,-488042,0,1.1358,-2.87,-499.3,-3495,1.91,0.44,12,-500,-303,1015,1,1,0,49106,5403,22556,119.68
2014320,18290,-3.778,0.2473,-0.935,-378.8,-400,-21.2,-487412,0,1.1297,-3.042,-499.1,-3494,1.86,0.43,12,-500,-321,1015,1,1,0,48518,4912,22435,119.79
2014430,18291,-0.237,0.2982,-0.071,-378.16,-400,-21.84,-487062,0,1.1265,-3.133,-499.3,-3495,1.86,0.42,12,-500,-323,1015,1,1,0,49397,5922,22371,119.9
2014540,18292,-0.145,0.0133,-0.002,-377.42,-400,-22.58,-486557,0,1.1276,-3.102,-499.4,-3496,1.87,0.43,12,-500,-336,1015,1,1,0,49420,264,22393,120.01
2014650,18293,-0.032,0.0034,0,-376.73,-400,-23.27,-486118,0,1.1323,-2.97,-499.1,-3494,1.89,0.43,12,-500,-345,1015,1,1,0,49448,68,22486,120.12
2014760,18294,-4.681,0.3493,-1.635,-376.28,-400,-23.72,-485895,0,1.1353,-2.883,-499.1,-3494,1.9,0.43,12,-500,-344,1015,1,1,0,48294,6936,22547,120.23
2014870,18295,-4.741,0.4779,-2.266,-375.69,-400,-24.31,-485465,0,1.1344,-2.91,-500.1,-3501,1.85,0.42,12,-500,-357,1015,1,1,0,48279,9490,22528,120.34
2014980,18296,-1.381,0.1382,-0.191,-376.01,-400,-23.99,-485931,0,1.1351,-2.889,-500.1,-3501,1.82,0.42,12,-500,-327,1015,1,1,0,49113,2744,22543,120.45
2015090,18297,-0.08,0.0023,0,-376.99,-400,-23.01,-486755,0,1.1355,-2.879,-500.1,-3501,1.82,0.42,12,-500,-295,1015,1,1,0,49436,46,22550,120.56
2015200,18298,-1.115,0.0027,-0.003,-378.46,-550,-171.54,-487848,0,1.1374,-2.826,-499.4,-3496,1.86,0.42,12,-500,-1023,1015,1,1,16,49179,53,22587,120.67
2015310,18299,-2.247,0.2414,-0.543,-379.81,-550,-170.19,-488698,0,1.1363,-2.856,-499.4,-3496,1.88,0.43,12,-500,-1023,1015,1,1,16,48898,4794,22566,120.78
2015420,18300,-1.599,0.1567,-0.25,-383.37,-550,-166.63,-491628,0,1.1337,-2.929,-499.3,-3495,1.91,0.44,12,-500,-1023,1015,1,1,16,49059,3111,22515,120.89
2015530,18301,-1.7,0.2587,-0.44,-394.42,-550,-155.58,-500928,0,1.1261,-3.144,-498.4,-3489,1.94,0.45,12,-500,-1023,1015,1,1,16,49034,5138,22363,121
2015640,18302,-1.542,0.1417,-0.219,-410.76,-550,-139.24,-513045,0,1.1234,-3.22,-497.9,-3485,1.99,0.46,12,-500,-1023,1015,1,1,16,49073,2814,22310,121.11
2015750,18303,-0.382,0.0469,-0.018,-430.95,-550,-119.05,-527279,0,1.1238,-3.208,-498,-3486,2.03,0.46,12,-500,-1023,1015,1,1,16,49361,932,22318,121.22
2015860,18304,-0.076,0.0018,0,-470.32,-550,-79.68,-558287,0,1.1265,-3.133,-497.7,-3484,2.06,0.47,12,-500,-200,1015,1,1,0,49437,35,22371,121.33
2015970,18305,-0.805,0.1213,-0.098,-497.54,-550,-52.46,-572627,0,1.1296,-3.046,-496.7,-3477,2.12,0.49,12,-500,200,1015,1,1,0,49256,2408,22432,121.44
2016080,18306,-0.286,0.1859,-0.053,-519.05,-550,-30.95,-585052,0,1.13,-3.035,-495.7,-3470,2.21,0.51,12,-500,200,1015,1,1,0,49385,3691,22440,121.55
2016190,18307,-2.948,0.2633,-0.776,-531.4,-550,-18.6,-590532,0,1.1297,-3.042,-495,-3465,2.29,0.53,12,-500,200,1015,1,1,0,48724,5229,22435,121.66
2016300,18308,0.004,0.0004,0,-533.48,-550,-16.52,-589022,0,1.1304,-3.022,-496,-3472,2.28,0.53,12,-500,-200,1015,1,1,0,49457,7,22449,121.77
2016410,18309,-1.051,0.312,-0.328,-532.8,-550,-17.2,-587813,0,1.132,-2.978,-498.7,-3491,2.15,0.5,12,-500,-259,1015,1,1,0,49195,6197,22480,121.88
2016520,18310,-1.639,0.1715,-0.281,-531.38,-550,-18.62,-586681,0,1.1301,-3.032,-500.4,-3503,2.03,0.47,12,-500,-299,1015,1,1,0,49049,3406,22442,121.99
2016630,18311,-3.935,0.4692,-1.846,-530.32,-550,-19.68,-586085,0,1.1258,-3.153,-499.7,-3498,2.04,0.47,12,-500,-305,1015,1,1,0,48479,9317,22357,122.1
2016740,18312,-3.396,0.2928,-0.994,-531.9,-550,-18.1,-587852,0,1.12,-3.316,-498.6,-3490,2.11,0.49,12,-500,-210,1015,1,1,0,48613,5815,22242,122.21
2016850,18313,-4.282,0.4276,-1.831,-534.45,-550,-15.55,-589787,0,1.1178,-3.377,-499.9,-3499,2.06,0.48,12,-500,-200,1015,1,1,0,48393,8492,22199,122.32
2016960,18314,-0.153,0.0073,-0.001,-536.79,-550,-13.21,-591252,0,1.1203,-3.306,-500.7,-3505,2.01,0.46,12,-500,-200,1015,1,1,0,49418,144,22249,122.43
2017070,18315,-3.279,0.0747,-0.245,-538.23,-550,-11.77,-591939,0,1.1226,-3.242,-500.9,-3506,1.96,0.45,12,-500,-200,1015,1,1,0,48642,1484,22294,122.54
2017180,18316,-6.352,0.5016,-3.186,-539.04,-550,-10.96,-592294,0,1.1248,-3.181,-500.6,-3504,1.95,0.45,12,-500,-200,1015,1,1,0,47879,9961,22337,122.65
2017290,18317,-1.039,0.1285,-0.134,-539.47,-550,-10.53,-592466,0,1.1237,-3.211,-501,-3507,1.96,0.45,12,-500,-200,1015,1,1,0,49198,2552,22316,122.76
2017400,18318,-0.463,0.0447,-0.021,-539.82,-550,-10.18,-592669,0,1.1245,-3.19,-500.1,-3501,1.97,0.45,12,-500,-200,1015,1,1,0,49341,887,22331,122.87
2017510,18319,-0.282,0.0409,-0.012,-540.25,-550,-9.75,-592972,0,1.1249,-3.177,-500.3,-3502,1.97,0.45,12,-500,-200,1015,1,1,0,49386,812,22340,122.98
2017620,18320,-4.366,0.4398,-1.92,-540.58,-550,-9.42,-593164,0,1.1258,-3.152,-499.6,-3497,2,0.46,12,-500,-200,1015,1,1,0,48372,8734,22358,123.09
2017730,18321,-1.071,0.0423,-0.045,-540.87,-550,-9.13,-593337,0,1.125,-3.174,-497.6,-3483,2.14,0.49,12,-500,-200,1015,1,1,0,49190,840,22342,123.2
2017840,18322,0.037,0.0079,0,-541.04,-550,-8.96,-593417,0,1.1222,-3.254,-496.6,-3476,2.29,0.53,12,-500,-200,1015,1,1,0,49465,156,22286,123.31
2017950,18323,-3.375,0.4825,-1.629,-541,-550,-9,-593334,0,1.1166,-3.413,-496.6,-3476,2.3,0.53,12,-500,-200,1015,1,1,0,48618,9583,22174,123.42
2018060,18324,-3.605,0.4368,-1.575,-540.62,-550,-9.38,-592985,0,1.1123,-3.534,-498.1,-3487,2.21,0.51,12,-500,-200,1015,1,1,0,48561,8674,22089,123.53
2018170,18325,-0.12,0.0063,-0.001,-540.47,-550,-9.53,-592955,0,1.1135,-3.498,-498.3,-3488,2.21,0.51,12,-500,-200,1015,1,1,0,49426,125,22114,123.64
2018280,18326,-0.233,0.0132,-0.003,-540.13,-550,-9.87,-592680,0,1.1197,-3.325,-497.1,-3480,2.29,0.53,12,-500,-200,1015,1,1,0,49398,263,22236,123.75
2018390,18327,-1.309,0.1405,-0.184,-539.6,-550,-10.4,-592280,0,1.1211,-3.285,-497.1,-3480,2.31,0.54,12,-500,-200,1015,1,1,0,49131,2791,22264,123.86
2018500,18328,-5.522,0.418,-2.308,-539.26,-550,-10.74,-592115,0,1.121,-3.286,-499,-3493,2.24,0.52,12,-500,-200,1015,1,1,0,48085,8301,22263,123.97
2018610,18329,-1.752,0.1364,-0.239,-539.01,-550,-10.99,-591980,0,1.1209,-3.291,-500.7,-3505,2.11,0.49,12,-500,-200,1015,1,1,0,49021,2708,22260,124.08
2018720,18330,-0.052,0.0027,0,-538.16,-550,-11.84,-591250,0,1.1223,-3.252,-502.1,-3515,2.02,0.47,12,-500,-200,1015,1,1,0,49443,53,22287,124.19
2018830,18331,0.008,0.0667,0.001,-537.63,-550,-12.37,-591004,0,1.1238,-3.208,-502.9,-3520,1.92,0.44,12,-500,-200,1015,1,1,0,49458,1325,22318,124.3
2018940,18332,-1.655,0.0067,-0.011,-536.94,-550,-13.06,-590500,0,1.1216,-3.272,-503.4,-3524,1.85,0.43,12,-500,-202,1015,1,1,0,49045,134,22273,124.41
2019050,18333,-3.794,0.0225,-0.085,-536.07,-550,-13.93,-589887,0,1.1186,-3.355,-502.7,-3519,1.9,0.44,12,-500,-219,1015,1,1,0,48514,447,22215,124.52
2019160,18334,-1.353,0.0044,-0.006,-534.7,-550,-15.3,-588852,0,1.1141,-3.481,-502.1,-3515,1.91,0.44,12,-500,-252,1015,1,1,0,49120,87,22126,124.63
2019270,18335,-0.749,0.0741,-0.055,-533.69,-550,-16.31,-588299,0,1.1105,-3.583,-502,-3514,1.92,0.44,12,-500,-256,1015,1,1,0,49270,1471,22054,124.74
2019380,18336,-3.935,0.3612,-1.422,-532.89,-550,-17.11,-587835,0,1.1091,-3.623,-500,-3500,1.96,0.45,12,-500,-261,1015,1,1,0,48479,7174,22026,124.85
2019490,18337,-0.08,0.004,0,-533.2,-550,-16.8,-588344,0,1.1123,-3.534,-498.9,-3492,2.09,0.48,12,-500,-227,1015,1,1,0,49436,79,22089,124.96
2019600,18338,-0.89,0.0594,-0.053,-534.4,-550,-15.6,-589375,0,1.1162,-3.423,-498.6,-3490,2.15,0.5,12,-500,-200,1015,1,1,0,49235,1180,22167,125.07
2019710,18339,-0.096,0.0069,-0.001,-536.43,-550,-13.57,-590929,0,1.1173,-3.393,-498.6,-3490,2.13,0.49,12,-500,-200,1015,1,1,0,49432,138,22188,125.18
2019820,18340,-2.775,0.5365,-1.489,-537.36,-550,-12.64,-591231,0,1.1161,-3.426,-498.7,-3491,2.12,0.49,12,-500,-200,1015,1,1,0,48767,10655,22165,125.29
2019930,18341,-1.567,0.1503,-0.235,-537.8,-550,-12.2,-591384,0,1.1167,-3.409,-499,-3493,2.14,0.49,12,-500,-200,1015,1,1,0,49067,2985,22177,125.4
2020040,18342,-0.688,0.08,-0.055,-537.85,-550,-12.15,-591304,0,1.118,-3.373,-498.4,-3489,2.17,0.5,12,-500,-200,1015,1,1,0,49285,1588,22202,125.51
2020150,18343,-1.861,0.0043,-0.008,-537.3,-550,-12.7,-590782,0,1.1178,-3.379,-498.4,-3489,2.21,0.51,12,-500,-200,1015,1,1,0,48994,85,22198,125.62
2020260,18344,-1.937,0.1335,-0.259,-536.97,-550,-13.03,-590624,0,1.1149,-3.46,-497.7,-3484,2.28,0.53,12,-500,-200,1015,1,1,0,48975,2652,22141,125.73
2020370,18345,-4.1,0.4113,-1.687,-536.53,-550,-13.47,-590310,0,1.1091,-3.624,-496.9,-3478,2.36,0.55,12,-500,-200,1015,1,1,0,48438,8168,22025,125.84
2020480,18346,-0.713,0.0949,-0.068,-535.85,-550,-14.15,-589795,0,1.1052,-3.732,-498.3,-3488,2.31,0.54,12,-500,-217,1015,1,1,0,49279,1884,21949,125.95
2020590,18347,-1.333,0.1612,-0.215,-535.45,-550,-14.55,-589611,0,1.1051,-3.735,-499.7,-3498,2.19,0.51,12,-500,-215,1015,1,1,0,49125,3201,21947,126.06
2020700,18348,-0.918,0.0384,-0.035,-534.43,-550,-15.57,-588781,0,1.1083,-3.647,-500.1,-3501,2.14,0.5,12,-500,-246,1015,1,1,0,49228,762,22009,126.17
2020810,18349,-0.318,0.0278,-0.009,-533.38,-550,-16.62,-588082,0,1.1113,-3.561,-500.9,-3506,2.11,0.49,12,-500,-261,1015,1,1,0,49377,552,22070,126.28
2020920,18350,-0.398,0.0461,-0.018,-532.53,-550,-17.47,-587592,0,1.1117,-3.551,-501.1,-3508,2.09,0.48,12,-500,-267,1015,1,1,0,49357,915,22077,126.39
2021030,18351,-3.496,0.306,-1.07,-532.53,-550,-17.47,-587827,0,1.1122,-3.536,-501.3,-3509,2.07,0.48,12,-500,-245,1015,1,1,0,48588,6076,22087,126.5
2021140,18352,-3.307,0.5462,-1.806,-534.74,-550,-15.26,-589880,0,1.1121,-3.539,-501,-3507,2.06,0.48,12,-500,-200,1015,1,1,0,48635,10848,22085,126.61
2021250,18353,-0.813,0.153,-0.124,-536.69,-550,-13.31,-591077,0,1.1133,-3.504,-500.4,-3503,2.08,0.48,12,-500,-200,1015,1,1,0,49254,3038,22110,126.72
2021360,18354,-0.028,0.1666,-0.005,-538.23,-550,-11.77,-591967,0,1.1132,-3.507,-500.1,-3501,2.1,0.48,12,-500,-200,1015,1,1,0,49449,3308,22108,126.83
2021470,18355,-0.757,0.2599,-0.197,-539.17,-550,-10.83,-592415,0,1.1115,-3.556,-499.3,-3495,2.15,0.5,12,-500,-200,1015,1,1,0,49268,5161,22073,126.94
2021580,18356,0.008,0.4157,0.004,-540.31,-550,-9.69,-593208,0,1.1062,-3.705,-499.1,-3494,2.18,0.5,12,-500,-200,1015,1,1,0,49458,8256,21968,127.05
2021690,18357,-0.978,0.0941,-0.092,-541.24,-550,-8.76,-593757,0,1.1006,-3.863,-498.9,-3492,2.21,0.51,12,-500,-200,1015,1,1,0,49213,1869,21857,127.16
2021800,18358,-0.632,0.0783,-0.049,-542.05,-550,-7.95,-594254,0,1.0992,-3.903,-498.1,-3487,2.28,0.53,12,-500,-200,1015,1,1,0,49299,1555,21829,127.27
2021910,18359,-0.197,0.0107,-0.002,-542.68,-550,-7.32,-594615,0,1.103,-3.795,-497.6,-3483,2.33,0.54,12,-500,-200,1015,1,1,0,49407,213,21905,127.38
2022020,18360,-3.557,0.3528,-1.255,-543.34,-550,-6.66,-595047,0,1.1075,-3.668,-498.9,-3492,2.27,0.53,12,-500,-200,1015,1,1,0,48573,7007,21994,127.49
2022130,18361,-4.834,0.4772,-2.307,-544.17,-550,-5.83,-595642,0,1.1075,-3.67,-500.9,-3506,2.14,0.5,12,-500,-200,1015,1,1,0,48256,9477,21993,127.6
2022240,18362,-4.411,0.4489,-1.98,-544.7,-550,-5.3,-595903,0,1.1064,-3.7,-501.7,-3512,2.06,0.48,12,-500,-200,1015,1,1,0,48361,8914,21972,127.71
2022350,18363,-3.033,0.4117,-1.249,-545.25,-550,-4.75,-596264,0,1.1074,-3.673,-502,-3514,2,0.46,12,-500,-200,1015,1,1,0,48703,8175,21991,127.82
2022460,18364,-1.365,0.1539,-0.21,-545.73,-550,-4.27,-596557,0,1.1098,-3.603,-502.7,-3519,1.95,0.45,12,-500,-200,1015,1,1,0,49117,3056,22040,127.93
2022570,18365,-1.542,0.239,-0.369,-545.99,-550,-4.27,-596668,0,1.1088,-3.632,-502.1,-3515,1.94,0.45,12,-500,1000,1015,2,1,0,49073,4747,22020,128.04
2022680,18366,-1.615,0.126,-0.203,-546.13,-550,-4.27,-596727,0,1.1079,-3.657,-501.9,-3513,1.96,0.45,12,-500,1000,1015,2,1,0,49055,2502,22002,128.15
2022790,18367,-4.088,0.4023,-1.645,-544.1,-550,-4.27,-594795,0,1.104,-3.766,-501,-3507,2.01,0.47,12,-500,1000,1015,2,1,0,48441,7990,21925,128.26
2022900,18368,-2.94,0.3502,-1.03,-533.47,-550,-4.27,-585468,0,1.0993,-3.9,-500,-3500,2.06,0.48,12,-500,1000,1015,2,1,0,48726,6955,21831,128.37
2023010,18369,-1.26,0.052,-0.066,-514.9,-550,-4.27,-571154,0,1.0983,-3.928,-500,-3500,2.06,0.47,12,-500,1000,1015,2,1,0,49143,1033,21811,128.48
2023120,18370,-0.298,0.0272,-0.008,-478.15,-550,-4.27,-542133,0,1.0983,-3.928,-501.4,-3510,2,0.46,12,-500,1000,1015,2,1,0,49382,540,21811,128.59
2023230,18371,-0.06,0.0019,0,-450.85,-550,-4.27,-526979,0,1.1026,-3.806,-502.3,-3516,1.92,0.44,12,-500,1000,1015,2,1,0,49441,38,21897,128.7
2023340,18372,-4.572,0.4265,-1.95,-426.31,-550,-4.27,-511766,0,1.1059,-3.714,-503,-3521,1.84,0.42,12,-500,1000,1015,2,1,0,48321,8469,21962,128.81
2023450,18373,-3.947,0.4155,-1.64,-402.07,-550,-4.27,-496053,0,1.1064,-3.698,-503.6,-3525,1.76,0.41,12,-500,1000,1015,2,1,0,48476,8252,21973,128.92
2023560,18374,-0.024,0.1762,-0.004,-360.42,-550,-4.27,-464050,0,1.1067,-3.691,-503.7,-3526,1.71,0.39,12,-500,1000,1015,2,1,0,49450,3500,21978,129.03
2023670,18375,-0.334,0.123,-0.041,-333.01,-550,-4.27,-450173,0,1.1073,-3.674,-504.4,-3531,1.67,0.38,12,-500,1000,1015,2,1,0,49373,2442,21990,129.14
2023780,18376,-1.103,0.135,-0.149,-310.29,-550,-4.27,-436674,0,1.1097,-3.607,-504.9,-3534,1.6,0.37,12,-500,1000,1015,2,1,0,49182,2680,22037,129.25
2023890,18377,-3.839,0.3238,-1.243,-288.59,-550,-4.27,-422825,0,1.1107,-3.578,-505.3,-3537,1.51,0.34,12,-500,1000,1015,2,1,0,48503,6431,22058,129.36
2024000,18378,-1.273,0.1234,-0.157,-251.13,-550,-4.27,-394019,0,1.1103,-3.589,-506,-3542,1.44,0.32,12,-500,1000,1015,2,1,0,49140,2451,22050,129.47
2024110,18379,-4.213,0.4033,-1.699,-223.99,-550,-4.27,-379208,0,1.1068,-3.687,-506.1,-3543,1.38,0.31,12,-500,1000,1015,2,1,0,48410,8010,21981,129.58
2024220,18380,-3.049,0.2854,-0.87,-200.46,-550,-4.27,-364889,0,1.1017,-3.833,-505.6,-3539,1.35,0.3,12,-500,1000,1015,2,1,0,48699,5667,21878,129.69
2024330,18381,-2.139,0.1919,-0.41,-179.06,-550,-4.27,-351543,0,1.0988,-3.914,-505.7,-3540,1.32,0.3,12,-500,1000,1015,2,1,0,48925,3810,21821,129.8
2024440,18382,-0.088,0.0017,0,-158.71,-550,-4.27,-338572,0,1.0994,-3.896,-505.3,-3537,1.29,0.29,12,-500,1000,1015,2,1,0,49434,33,21834,129.91
2024550,18383,-0.008,0.0001,0,-124.94,-550,-4.27,-312826,0,1.1029,-3.799,-505.3,-3537,1.25,0.28,12,-500,1000,1015,2,1,0,49454,2,21902,130.02
2024660,18384,-0.064,0.0007,0,-100.75,-550,-4.27,-299739,0,1.1084,-3.644,-505.3,-3537,1.21,0.27,12,-500,1000,1015,2,1,0,49440,14,22011,130.13
2024770,18385,-0.318,0.0241,-0.008,-81.27,-550,-4.27,-288363,0,1.1112,-3.565,-505.3,-3537,1.18,0.26,12,-500,1000,1015,2,1,0,49377,478,22067,130.24
2024880,18386,-0.036,0.0002,0,-64.1,-550,-4.27,-277815,0,1.1125,-3.528,-505,-3535,1.14,0.25,12,-500,1000,1015,2,1,0,49447,3,22093,130.35
2024990,18387,0.045,0.0019,0,-34.37,-550,-4.27,-254942,0,1.1226,-3.244,-505,-3535,1.1,0.24,12,-500,1000,1015,2,1,0,49467,38,22293,130.46
2025100,18388,-0.076,0.0008,0,-15.72,-550,-4.27,-245888,0,1.1331,-2.947,-504.7,-3533,1.08,0.24,12,-500,1000,1015,2,1,0,49437,15,22502,130.57
2025210,18389,0.029,0.0002,0,-5.87,-550,-4.27,-241922,0,1.1406,-2.735,-504.1,-3529,1.08,0.23,12,-500,1000,1015,2,1,0,49463,3,22651,130.68
2025320,18390,0.041,0.0038,0,-2.76,-550,-4.27,-241781,0,1.1509,-2.446,-504.3,-3530,1.06,0.23,12,-500,1000,1015,2,1,0,49466,76,22855,130.79
2025430,18391,0.037,0.0005,0,0.14,-550,-4.27,-239946,0,1.1625,-2.118,-503.7,-3526,1.05,0.23,12,-500,1000,1015,2,1,0,49465,9,23086,130.9
2025540,18392,-0.016,0.0004,0,2.01,-550,-4.27,-239013,0,1.1713,-1.869,-503.4,-3524,1.04,0.23,12,-500,1000,1015,2,1,0,49452,8,23261,131.01
2025650,18393,0.021,0.0001,0,2.33,-550,-4.27,-239245,0,1.1828,-1.546,-503,-3521,1.05,0.23,12,-500,1000,1015,2,1,0,49461,2,23489,131.12
2025760,18394,-0.032,0.0011,0,2.84,-550,-4.27,-238851,0,1.1934,-1.246,-503.4,-3524,1.05,0.23,12,-500,1000,1015,2,1,0,49448,22,23700,131.23
2025870,18395,-0.076,0.0001,0,2.7,-550,-4.27,-239133,0,1.204,-0.946,-503,-3521,1.04,0.23,12,-500,1000,1015,2,1,0,49437,2,23911,131.34
2025980,18396,-0.012,0.002,0,2.81,-550,-4.27,-238986,0,1.2151,-0.635,-502,-3514,1.03,0.22,12,-500,1000,1015,2,1,0,49453,40,24130,131.45
2026090,18397,-0.044,0.0001,0,3.04,-550,-4.27,-238803,0,1.2262,-0.321,-502.3,-3516,1.02,0.22,12,-500,1000,1015,2,1,0,49445,2,24351,131.56
2026200,18398,-0.112,0.0022,0,2.78,-550,-4.27,-239111,0,1.2347,-0.081,-502.1,-3515,1.01,0.22,12,-500,1000,1015,2,1,0,49428,43,24520,131.67
2026310,18399,-0.04,0.0018,0,3.08,-550,-4.27,-238761,0,1.2435,0.166,-502,-3514,1,0.21,12,-500,1000,1015,2,1,0,49446,35,24694,131.78
2026420,18400,-0.044,0.001,0,5.05,-550,-4.27,-237004,0,1.2562,0.523,-501.7,-3512,1,0.21,12,-500,1000,1015,2,1,0,49445,19,24946,131.89
2026530,18401,-0.068,0.0034,0,7.52,-550,-4.27,-235265,0,1.2664,0.812,-501.6,-3511,0.99,0.21,12,-500,1000,1015,2,1,0,49439,68,25149,132
2026640,18402,0,0.0001,0,8.58,-550,-4.27,-234960,0,1.279,1.167,-501.9,-3513,0.99,0.21,12,-500,1000,1015,2,1,0,49456,2,25399,132.11
2026750,18403,-0.012,0.0017,0,8.66,-550,-4.27,-235180,0,1.29,1.478,-501.9,-3513,0.98,0.21,12,-500,1000,1015,2,1,0,49453,33,25618,132.22
2026860,18404,-0.04,0.0024,0,7.91,-550,-4.27,-235902,0,1.3007,1.78,-501.7,-3512,0.97,0.21,12,-500,1000,1015,2,1,0,49446,48,25831,132.33
2026970,18405,-0.004,0.0011,0,6.68,-550,-4.27,-236845,0,1.312,2.1,-501.7,-3512,0.98,0.21,12,-500,1000,1015,2,1,0,49455,22,26056,132.44
2027080,18406,0.004,0.001,0,4.52,-550,-4.27,-238502,0,1.3241,2.439,-500.9,-3506,0.97,0.21,12,-500,1000,1015,2,1,0,49457,19,26295,132.55
2027190,18407,-0.012,0.0003,0,2.21,-550,-4.27,-240057,0,1.334,2.72,-501,-3507,0.98,0.21,12,-500,1000,1015,2,1,0,49453,6,26493,132.66
2027300,18408,0,0.0018,0,0.66,-550,-4.27,-240848,0,1.3462,3.062,-500.9,-3506,0.99,0.21,12,-500,1000,1015,2,1,0,49456,36,26734,132.77
2027410,18409,0.025,0.0002,0,-0.36,-550,-4.27,-241374,0,1.3562,3.344,-500.6,-3504,0.98,0.21,12,-500,1000,1015,2,1,0,49462,3,26932,132.88
2027520,18410,-0.02,0.0001,0,-0.27,-550,-4.27,-241001,0,1.3665,3.636,-500.6,-3504,0.98,0.21,12,-500,1000,1015,2,1,0,49451,2,27138,132.99
2027630,18411,-0.036,0.0011,0,-0.56,-550,-4.27,-241297,0,1.3771,3.933,-500.3,-3502,0.98,0.21,12,-500,1000,1015,2,1,0,49447,21,27347,133.1
2027740,18412,-0.08,0.0001,0,-1.09,-550,-4.27,-241709,0,1.3857,4.176,-500.1,-3501,0.99,0.21,12,-500,1000,1015,2,1,0,49436,2,27518,133.21
2027850,18413,0.053,0.0001,0,-0.94,-550,-4.27,-241422,0,1.3961,4.471,-500.6,-3504,0.99,0.21,12,-500,1000,1015,2,1,0,49469,2,27726,133.32
2027960,18414,0.037,0.001,0,-0.88,-550,-4.27,-241408,0,1.4071,4.781,-500.1,-3501,0.99,0.21,12,-500,1000,1015,2,1,0,49465,20,27944,133.43
2028070,18415,-0.032,0.0001,0,-0.8,-550,-4.27,-241346,0,1.4184,5.1,-500,-3500,0.97,0.21,12,-500,1000,1015,2,1,0,49448,2,28169,133.54
2028180,18416,-0.048,0.0008,0,-0.94,-550,-4.27,-241499,0,1.4287,5.388,-500.7,-3505,0.96,0.2,12,-500,1000,1015,2,1,0,49444,16,28372,133.65
2028290,18417,0.057,0.0009,0,-1.09,-550,-4.27,-241605,0,1.44,5.708,-500.7,-3505,0.97,0.21,12,-500,1000,1015,2,1,0,49470,18,28597,133.76
2028400,18418,-0.004,0.0001,0,-1.29,-550,-4.27,-241744,0,1.4511,6.02,-500.7,-3505,0.98,0.21,12,-500,1000,1015,2,1,0,49455,2,28817,133.87
2028510,18419,0.025,0.0004,0,-1.32,-550,-4.27,-241717,0,1.4627,6.348,-499.9,-3499,0.98,0.21,12,-500,1000,1015,2,1,0,49462,7,29048,133.98
2028620,18420,-0.024,0.0008,0,-1.31,-550,-4.27,-241699,0,1.4733,6.646,-500.1,-3501,0.99,0.21,12,-500,1000,1015,2,1,0,49450,15,29258,134.09
2028730,18421,0.025,0.0002,0,-0.37,-550,-4.27,-240824,0,1.4841,6.952,-500,-3500,0.99,0.21,12,-500,1000,1015,2,1,0,49462,3,29473,134.2
2028840,18422,0.029,0.001,0,0.84,-550,-4.27,-239964,0,1.4943,7.24,-499.7,-3498,0.99,0.21,12,-500,1000,1015,2,1,0,49463,19,29676,134.31
2028950,18423,0.012,0.0055,0,0.81,-550,-4.27,-240330,0,1.5039,7.511,-499.9,-3499,0.99,0.21,12,-500,1000,1015,2,1,0,49459,109,29867,134.42
2029060,18424,0.012,0.0008,0,0.49,-550,-4.27,-240619,0,1.5146,7.812,-499.9,-3499,0.99,0.21,12,-500,1000,1015,2,1,0,49459,15,30079,134.53
2029170,18425,0.025,0.0013,0,0.3,-550,-4.27,-240703,0,1.5266,8.15,-499.9,-3499,1.01,0.22,12,-500,1000,1015,2,1,0,49462,26,30317,134.64
2029280,18426,0.053,0.0001,0,0.06,-550,-4.27,-240881,0,1.5362,8.421,-500,-3500,0.98,0.21,12,-500,1000,1015,2,1,0,49469,2,30508,134.75
2029390,18427,0.008,0.0002,0,0.02,-550,-4.27,-240850,0,1.548,8.752,-499.6,-3497,0.99,0.21,12,-500,1000,1015,2,1,0,49458,4,30741,134.86
2029500,18428,-0.096,0.001,0,0.25,-550,-4.27,-240623,0,1.5583,9.045,-499.7,-3498,1,0.21,12,-500,1000,1015,2,1,0,49432,19,30947,134.97
2029610,18429,0.037,0.0005,0,0.55,-550,-4.27,-240406,0,1.5689,9.342,-500.1,-3501,1,0.21,12,-500,1000,1015,2,1,0,49465,10,31156,135.08
2029720,18430,0.037,0.0004,0,0.64,-550,-4.27,-240403,0,1.5801,9.658,-499.9,-3499,1,0.21,12,-500,1000,1015,2,1,0,49465,8,31379,135.19
2029830,18431,0.061,0.0001,0,0.98,-550,-4.27,-240121,0,1.5916,9.982,-499.9,-3499,0.99,0.21,12,-500,1000,1015,2,1,0,49471,2,31607,135.3
2029940,18432,-0.1,0.0006,0,1.26,-550,-4.27,-239948,0,1.6026,10.294,-500.3,-3502,0.97,0.21,12,-500,1000,1015,2,1,0,49431,11,31827,135.41
2030050,18433,-0.024,0.0043,0,1.62,-550,-4.27,-239689,0,1.6151,10.645,-499.9,-3499,0.98,0.21,12,-500,1000,1015,2,1,0,49450,85,32074,135.52
2030160,18434,0.021,0.0011,0,1.65,-550,-4.27,-239771,0,1.6269,10.978,-500,-3500,0.98,0.21,12,-500,1000,1015,2,1,0,49461,22,32308,135.63
2030270,18435,-0.004,0.0004,0,1.58,-550,-4.27,-239837,0,1.6375,11.279,-499.9,-3499,0.97,0.21,12,-500,1000,1015,2,1,0,49455,8,32520,135.74
2030380,18436,-0.032,0.0005,0,1.93,-550,-4.27,-239498,0,1.6472,11.551,-500.3,-3502,0.99,0.21,12,-500,1000,1015,2,1,0,49448,10,32712,135.85
2030490,18437,-0.028,0.0007,0,2.27,-550,-4.27,-239271,0,1.66,11.913,-500.3,-3502,0.98,0.21,12,-500,1000,1015,2,1,0,49449,13,32967,135.96
2030600,18438,-0.024,0.0036,0,2.72,-550,-4.27,-238955,0,1.6702,12.2,-500,-3500,0.96,0.21,12,-500,1000,1015,2,1,0,49450,72,33169,136.07
2030710,18439,-0.016,0.0006,0,2.75,-550,-4.27,-239051,0,1.6828,12.555,-499.9,-3499,0.98,0.21,12,-500,1000,1015,2,1,0,49452,11,33419,136.18
2030820,18440,0.025,0.0005,0,2.53,-550,-4.27,-239259,0,1.6934,12.853,-500,-3500,0.98,0.21,12,-500,1000,1015,2,1,0,49462,9,33629,136.29
2030930,18441,0.057,0.0067,0,2.49,-550,-4.27,-239240,0,1.7049,13.177,-500,-3500,0.98,0.21,12,-500,1000,1015,2,1,0,49470,134,33857,136.4
2031040,18442,0.093,0.0002,0,2.82,-550,-4.27,-238916,0,1.7163,13.499,-500.3,-3502,0.96,0.2,12,-500,1000,1015,2,1,0,49479,3,34084,136.51
2031150,18443,0.041,0.0026,0,3.28,-550,-4.27,-238580,0,1.7283,13.837,-500.1,-3501,0.97,0.21,12,-500,1000,1015,2,1,0,49466,51,34322,136.62
2031260,18444,-0.048,0.0008,0,4.71,-550,-4.27,-237381,0,1.7391,14.141,-499.9,-3499,0.97,0.21,12,-500,1000,1015,2,1,0,49444,16,34536,136.73
2031370,18445,0.033,0.0055,0,5.4,-550,-4.27,-237139,0,1.75,14.449,-500.3,-3502,0.97,0.21,12,-500,1000,1015,2,1,0,49464,110,34753,136.84
2031480,18446,-0.032,0.0005,0,5.49,-550,-4.27,-237249,0,1.7619,14.785,-500,-3500,0.96,0.2,12,-500,1000,1015,2,1,0,49448,10,34989,136.95
2031590,18447,0.037,0.001,0,5.09,-550,-4.27,-237646,0,1.7711,15.046,-500.3,-3502,0.96,0.2,12,-500,1000,1015,2,1,0,49465,20,35173,137.06
2031700,18448,0,0.0001,0,5.34,-550,-4.27,-237298,0,1.7819,15.35,-500,-3500,0.96,0.2,12,-500,1000,1015,2,1,0,49456,2,35387,137.17
2031810,18449,0.012,0.0001,0,6.02,-550,-4.27,-236735,0,1.7922,15.641,-500.1,-3501,0.97,0.21,12,-500,1000,1015,2,1,0,49459,2,35592,137.28
2031920,18450,0,0.0001,0,6.78,-550,-4.27,-236221,0,1.8041,15.975,-500.9,-3506,0.97,0.21,12,-500,1000,1015,2,1,0,49456,2,35827,137.39
2032030,18451,0.012,0.0003,0,7.3,-550,-4.27,-235948,0,1.8144,16.267,-500.1,-3501,0.97,0.21,12,-500,1000,1015,2,1,0,49459,6,36033,137.5
2032140,18452,-0.004,0.0011,0,7.59,-550,-4.27,-235827,0,1.8262,16.599,-500,-3500,0.98,0.21,12,-500,1000,1015,2,1,0,49455,21,36267,137.61
2032250,18453,-0.064,0.0016,0,7.2,-550,-4.27,-236269,0,1.8367,16.895,-500,-3500,0.98,0.21,12,-500,1000,1015,2,1,0,49440,32,36475,137.72
2032360,18454,-0.02,0.0002,0,6.97,-550,-4.27,-236372,0,1.8467,17.177,-499.9,-3499,0.98,0.21,12,-500,1000,1015,2,1,0,49451,4,36674,137.83
2032470,18455,0.037,0.0004,0,7.64,-550,-4.27,-235679,0,1.8558,17.434,-499.7,-3498,0.98,0.21,12,-500,1000,1015,2,1,0,49465,8,36855,137.94
2032580,18456,0.045,0.0018,0,9.44,-550,-4.27,-234198,0,1.8684,17.789,-499.7,-3498,0.97,0.21,12,-500,1000,1015,2,1,0,49467,36,37105,138.05
2032691,18457,0.017,0.0001,0,10.05,-550,-4.27,-234130,0,1.8781,18.062,-500,-3500,0.97,0.2,12,-500,0,1015,0,1,0,49460,2,37297,138.161
2032800,18458,0,0.0001,0,10.9,-550,-4.27,-233509,0,1.8808,18.139,-500.3,-3502,0.96,0.2,12,-500,0,1015,0,1,0,49456,2,37351,138.27
2032910,18459,0.077,0.0002,0,10.98,-550,-4.27,-233674,0,1.8806,18.134,-499.7,-3498,0.98,0.21,12,-500,0,1015,0,1,0,49475,4,37348,138.38
2033020,18460,0.025,0.0049,0,9.5,-550,-4.27,-235076,0,1.8804,18.129,-499.6,-3497,0.97,0.2,12,-500,0,1015,0,1,0,49462,97,37344,138.49
2033130,18461,-0.024,0.0002,0,8.17,-550,-4.27,-235899,0,1.8803,18.124,-500.3,-3502,0.96,0.2,12,-500,0,1015,0,1,0,49450,3,37341,138.6
2033240,18462,0.061,0.0003,0,7.07,-550,-4.27,-236550,0,1.8809,18.14,-500.4,-3503,0.94,0.2,12,-500,0,1015,0,1,0,49471,6,37352,138.71
2033350,18463,-0.008,0.0002,0,6.38,-550,-4.27,-236880,0,1.8808,18.139,-500.4,-3503,0.95,0.2,12,-500,0,1015,0,1,0,49454,4,37351,138.82
2033460,18464,-0.012,0.0017,0,5.92,-550,-4.27,-237119,0,1.8813,18.151,-500,-3500,0.94,0.2,12,-500,0,1015,0,1,0,49453,33,37360,138.93
2033570,18465,-0.024,0.0001,0,5.55,-550,-4.27,-237337,0,1.881,18.143,-500.4,-3503,0.93,0.2,12,-500,0,1015,0,1,0,49450,2,37354,139.04
2033680,18466,0.045,0.0001,0,5.01,-550,-4.27,-237739,0,1.881,18.143,-500.1,-3501,0.95,0.2,12,-500,0,1015,0,1,0,49467,2,37354,139.15
2033790,18467,-0.004,0.0001,0,4.42,-550,-4.27,-238132,0,1.8811,18.147,-499.7,-3498,0.96,0.2,12,-500,0,1015,0,1,0,49455,2,37357,139.26
2033900,18468,-0.052,0.0003,0,4.06,-550,-4.27,-238304,0,1.8812,18.15,-499.6,-3497,0.97,0.21,12,-500,0,1015,0,1,0,49443,6,37359,139.37
2034010,18469,0.073,0.0002,0,4,-550,-4.27,-238256,0,1.8813,18.153,-499.9,-3499,0.97,0.2,12,-500,0,1015,0,1,0,49474,3,37361,139.48
2034120,18470,-0.02,0.0008,0,3.99,-550,-4.27,-238253,0,1.8811,18.147,-499.9,-3499,0.98,0.21,12,-500,0,1015,0,1,0,49451,15,37357,139.59
2034230,18471,0.025,0.0001,0,3.88,-550,-4.27,-238354,0,1.8816,18.16,-499.9,-3499,0.97,0.21,12,-500,0,1015,0,1,0,49462,2,37366,139.7
2034340,18472,-0.004,0.0004,0,3.88,-550,-4.27,-238316,0,1.8812,18.15,-499.7,-3498,0.96,0.2,12,-500,0,1015,0,1,0,49455,8,37359,139.81
2034450,18473,0.025,0.0004,0,3.9,-550,-4.27,-238305,0,1.8816,18.161,-499.9,-3499,0.95,0.2,12,-500,0,1015,0,1,0,49462,8,37367,139.92
2034560,18474,-0.004,0.0002,0,3.84,-550,-4.27,-238365,0,1.8816,18.161,-500.1,-3501,0.96,0.21,12,-500,0,1015,0,1,0,49455,3,37367,140.03
2034670,18475,0.025,0.0001,0,3.66,-550,-4.27,-238512,0,1.8819,18.17,-500,-3500,0.96,0.2,12,-500,0,1015,0,1,0,49462,2,37373,140.14
2034780,18476,0.045,0.0007,0,3.72,-550,-4.27,-238409,0,1.8812,18.149,-500,-3500,0.96,0.2,12,-500,0,1015,0,1,0,49467,14,37358,140.25
2034890,18477,0.033,0.0022,0,3.84,-550,-4.27,-238314,0,1.8817,18.163,-500,-3500,0.96,0.2,12,-500,0,1015,0,1,0,49464,44,37368,140.36
2035000,18478,0.041,0.0002,0,3.8,-550,-4.27,-238383,0,1.8817,18.163,-499.9,-3499,0.96,0.2,12,-500,0,1015,0,1,0,49466,3,37368,140.47
2035110,18479,-0.016,0.0006,0,3.7,-550,-4.27,-238463,0,1.8815,18.157,-499.9,-3499,0.96,0.2,12,-500,0,1015,0,1,0,49452,11,37364,140.58
2035220,18480,-0.06,0.0027,0,3.52,-550,-4.27,-238606,0,1.8817,18.164,-500.1,-3501,0.95,0.2,12,-500,0,1015,0,1,0,49441,54,37369,140.69
2035330,18481,-0.016,0.0011,0,3.45,-550,-4.27,-238622,0,1.8815,18.157,-500,-3500,0.96,0.2,12,-500,0,1015,0,1,0,49452,21,37364,140.8
2035440,18482,0.025,0.0016,0,3.36,-550,-4.27,-238684,0,1.8817,18.164,-500.3,-3502,0.96,0.2,12,-500,0,1015,0,1,0,49462,31,37369,140.91
2035550,18483,0.065,0.0003,0,3.21,-550,-4.27,-238802,0,1.8817,18.164,-500,-3500,0.95,0.2,12,-500,0,1015,0,1,0,49472,5,37369,141.02
2035660,18484,-0.004,0.0129,0,3.01,-550,-4.27,-238946,0,1.8814,18.156,-500,-3500,0.96,0.2,12,-500,0,1015,0,1,0,49455,256,37363,141.13
2035770,18485,-0.044,0.002,0,2.83,-550,-4.27,-239051,0,1.8818,18.166,-500,-3500,0.97,0.2,12,-500,0,1015,0,1,0,49445,40,37370,141.24
2035880,18486,0.085,0.0005,0,2.75,-550,-4.27,-239080,0,1.8819,18.168,-499.7,-3498,0.98,0.21,12,-500,0,1015,0,1,0,49477,10,37372,141.35
2035990,18487,-0.004,0.0039,0,2.7,-550,-4.27,-239104,0,1.8818,18.166,-500.1,-3501,0.97,0.21,12,-500,0,1015,0,1,0,49455,77,37370,141.46
2036100,18488,0.008,0.0004,0,2.59,-550,-4.27,-239195,0,1.8823,18.18,-499.9,-3499,0.97,0.21,12,-500,0,1015,0,1,0,49458,7,37380,141.57
2036210,18489,-0.02,0.0001,0,2.5,-550,-4.27,-239241,0,1.8819,18.17,-499.6,-3497,0.97,0.21,12,-500,0,1015,0,1,0,49451,2,37373,141.68
2036320,18490,0.029,0.0001,0,2.52,-550,-4.27,-239206,0,1.8827,18.193,-499.9,-3499,0.98,0.21,12,-500,0,1015,0,1,0,49463,2,37389,141.79
2036430,18491,0.053,0.0001,0,2.55,-550,-4.27,-239179,0,1.8823,18.181,-499.4,-3496,0.97,0.21,12,-500,0,1015,0,1,0,49469,2,37381,141.9
2036540,18492,-0.012,0.0001,0,2.57,-550,-4.27,-239173,0,1.8826,18.19,-499.9,-3499,0.98,0.21,12,-500,0,1015,0,1,0,49453,2,37387,142.01
2036650,18493,-0.048,0.001,0,2.46,-550,-4.27,-239277,0,1.8817,18.163,-500.1,-3501,0.97,0.21,12,-500,0,1015,0,1,0,49444,19,37368,142.12
2036760,18494,-0.084,0.0045,0,2.55,-550,-4.27,-239161,0,1.8814,18.156,-500.1,-3501,0.96,0.21,12,-500,0,1015,0,1,0,49435,90,37363,142.23
2036870,18495,-0.056,0.0004,0,2.71,-550,-4.27,-239042,0,1.8816,18.16,-500.6,-3504,0.95,0.2,12,-500,0,1015,0,1,0,49442,8,37366,142.34
2036980,18496,-0.016,0.0043,0,2.84,-550,-4.27,-238959,0,1.8817,18.164,-499.9,-3499,0.95,0.2,12,-500,0,1015,0,1,0,49452,85,37369,142.45
2037090,18497,-0.052,0.0001,0,2.88,-550,-4.27,-238963,0,1.8818,18.167,-500.3,-3502,0.95,0.2,12,-500,0,1015,0,1,0,49443,2,37371,142.56
2037200,18498,0.109,0.0001,0,3,-550,-4.27,-238857,0,1.8827,18.191,-500.1,-3501,0.95,0.2,12,-500,0,1015,0,1,0,49483,2,37388,142.67
2037310,18499,0.012,0.0003,0,3.03,-550,-4.27,-238864,0,1.8825,18.185,-500.1,-3501,0.95,0.2,12,-500,0,1015,0,1,0,49459,6,37384,142.78
2037420,18500,0.045,0.0001,0,3.04,-550,-4.27,-238866,0,1.8828,18.195,-499.9,-3499,0.96,0.2,12,-500,0,1015,0,1,0,49467,2,37391,142.89
2037530,18501,-0.008,0.0013,0,2.98,-550,-4.27,-238920,0,1.882,18.171,-499.9,-3499,0.95,0.2,12,-500,0,1015,0,1,0,49454,26,37374,143
2037640,18502,-0.084,0.0006,0,2.93,-550,-4.27,-238954,0,1.8824,18.184,-499.9,-3499,0.95,0.2,12,-500,0,1015,0,1,0,49435,12,37383,143.11
2037750,18503,-0.016,0.003,0,2.92,-550,-4.27,-238946,0,1.8825,18.185,-500.1,-3501,0.95,0.2,12,-500,0,1015,0,1,0,49452,59,37384,143.22
2037860,18504,-0.068,0.0006,0,2.95,-550,-4.27,-238917,0,1.8825,18.187,-499.4,-3496,0.96,0.2,12,-500,0,1015,0,1,0,49439,11,37385,143.33
2037970,18505,-0.032,0.0001,0,2.96,-550,-4.27,-238921,0,1.8825,18.187,-499.6,-3497,0.95,0.2,12,-500,0,1015,0,1,0,49448,2,37385,143.44
2038080,18506,0.037,0.0004,0,2.91,-550,-4.27,-238970,0,1.8821,18.174,-500,-3500,0.96,0.2,12,-500,0,1015,0,1,0,49465,7,37376,143.55
2038190,18507,0.008,0.0006,0,2.82,-550,-4.27,-239035,0,1.8827,18.193,-500.4,-3503,0.97,0.2,12,-500,0,1015,0,1,0,49458,11,37389,143.66
2038300,18508,0.101,0.0005,0,2.8,-550,-4.27,-239029,0,1.8824,18.184,-499.7,-3498,0.98,0.21,12,-500,0,1015,0,1,0,49481,9,37383,143.77
2038410,18509,0.041,0.0006,0,2.69,-550,-4.27,-239130,0,1.8819,18.17,-499.9,-3499,0.97,0.2,12,-500,0,1015,0,1,0,49466,12,37373,143.88
2038520,18510,0.004,0.001,0,2.34,-550,-4.27,-239417,0,1.8821,18.176,-499.7,-3498,0.98,0.21,12,-500,0,1015,0,1,0,49457,19,37377,143.99
2038630,18511,-0.016,0.001,0,2.23,-550,-4.27,-239430,0,1.8823,18.181,-499.9,-3499,0.97,0.2,12,-500,0,1015,0,1,0,49452,19,37381,144.1
2038740,18512,0.012,0.0003,0,2.24,-550,-4.27,-239388,0,1.8825,18.187,-499.4,-3496,0.97,0.2,12,-500,0,1015,0,1,0,49459,6,37385,144.21
2038850,18513,-0.024,0.0001,0,2.38,-550,-4.27,-239263,0,1.8826,18.19,-499.9,-3499,0.96,0.2,12,-500,0,1015,0,1,0,49450,2,37387,144.32
2038960,18514,-0.004,0.0003,0,2.33,-550,-4.27,-239342,0,1.8828,18.195,-499.9,-3499,0.95,0.2,12,-500,0,1015,0,1,0,49455,5,37391,144.43
2039070,18515,0.049,0.0001,0,2.1,-550,-4.27,-239549,0,1.8825,18.187,-500,-3500,0.95,0.2,12,-500,0,1015,0,1,0,49468,2,37385,144.54
2039180,18516,0.065,0.0012,0,1.95,-550,-4.27,-239622,0,1.8826,18.188,-499.6,-3497,0.95,0.2,12,-500,0,1015,0,1,0,49472,24,37386,144.65
2039290,18517,0.008,0.0024,0,1.89,-550,-4.27,-239635,0,1.8826,18.188,-499.7,-3498,0.94,0.2,12,-500,0,1015,0,1,0,49458,47,37386,144.76
2039400,18518,-0.056,0.0005,0,1.85,-550,-4.27,-239656,0,1.8821,18.174,-499.7,-3498,0.96,0.2,12,-500,0,1015,0,1,0,49442,10,37376,144.87
2039510,18519,-0.028,0.001,0,2.01,-550,-4.27,-239498,0,1.8823,18.18,-500.6,-3504,0.96,0.2,12,-500,0,1015,0,1,0,49449,19,37380,144.98
2039620,18520,-0.02,0.0043,0,1.9,-550,-4.27,-239641,0,1.8824,18.183,-499.7,-3498,0.95,0.2,12,-500,0,1015,0,1,0,49451,85,37382,145.09
2039730,18521,0.008,0.0007,0,1.77,-550,-4.27,-239733,0,1.8824,18.183,-499.7,-3498,0.96,0.2,12,-500,0,1015,0,1,0,49458,14,37382,145.2
2039840,18522,0.061,0.0006,0,1.73,-550,-4.27,-239728,0,1.8827,18.193,-499.7,-3498,0.97,0.2,12,-500,0,1015,0,1,0,49471,11,37389,145.31
2039950,18523,0.041,0.0002,0,1.82,-550,-4.27,-239642,0,1.8825,18.185,-499.9,-3499,0.96,0.2,12,-500,0,1015,0,1,0,49466,3,37384,145.42
2040060,18524,0.097,0.0002,0,1.78,-550,-4.27,-239695,0,1.8825,18.187,-499.7,-3498,0.96,0.2,12,-500,0,1015,0,1,0,49480,3,37385,145.53
2040170,18525,0.025,0.0006,0,1.76,-550,-4.27,-239707,0,1.8827,18.193,-499.9,-3499,0.96,0.2,12,-500,0,1015,0,1,0,49462,12,37389,145.64
2040280,18526,-0.02,0.002,0,1.79,-550,-4.27,-239673,0,1.8823,18.181,-499.7,-3498,0.97,0.2,12,-500,0,1015,0,1,0,49451,39,37381,145.75
2040390,18527,0.008,0.0007,0,1.77,-550,-4.27,-239703,0,1.8827,18.191,-500.3,-3502,0.96,0.21,12,-500,0,1015,0,1,0,49458,14,37388,145.86
2040500,18528,0.045,0.001,0,1.58,-550,-4.27,-239872,0,1.8821,18.174,-499.7,-3498,0.97,0.2,12,-500,0,1015,0,1,0,49467,20,37376,145.97
2040610,18529,0.041,0.0001,0,1.59,-550,-4.27,-239811,0,1.8816,18.16,-500,-3500,0.96,0.2,12,-500,0,1015,0,1,0,49466,2,37366,146.08
2040720,18530,-0.008,0.0001,0,1.55,-550,-4.27,-239850,0,1.8829,18.197,-500,-3500,0.95,0.2,12,0,0,1015,0,1,0,49454,2,37392,146.19
2040830,18531,-0.02,0.0003,0,1.58,-550,-4.27,-239811,0,1.883,18.201,-493.1,-3452,0,0,12,0,0,1015,0,1,0,49451,5,37395,146.3
2040940,18532,0.029,0.0002,0,1.75,-550,-4.27,-239664,0,1.8832,18.207,-480.3,-3362,0,0,12,0,0,1015,0,1,0,49463,3,37399,146.41
2041050,18533,-0.032,0.0001,0,1.77,-550,-4.27,-239692,0,1.8829,18.198,-467.7,-3274,0,0,12,0,0,1015,0,1,0,49448,2,37393,146.52
2041160,18534,-0.036,0.0009,0,1.72,-550,-4.27,-239739,0,1.8826,18.19,-455.6,-3189,0,0,12,0,0,1015,0,1,0,49447,18,37387,146.63
2041270,18535,-0.02,0.0001,0,1.58,-550,-4.27,-239857,0,1.8832,18.207,-442.9,-3100,0,0,12,0,0,1015,0,1,0,49451,2,37399,146.74
2041380,18536,-0.012,0.0003,0,1.49,-550,-4.27,-239901,0,1.8833,18.21,-430.1,-3011,0,0,12,0,0,1015,0,1,0,49453,5,37401,146.85
2041490,18537,0.004,0.0001,0,1.54,-550,-4.27,-239834,0,1.883,18.2,-416.6,-2916,0,0,12,0,0,1015,0,1,0,49457,2,37394,146.96
2041600,18538,-0.012,0.0001,0,1.58,-550,-4.27,-239806,0,1.8834,18.211,-403.9,-2827,0,0,12,0,0,1015,0,1,0,49453,2,37402,147.07
2041710,18539,0.041,0.0001,0,1.6,-550,-4.27,-239797,0,1.8832,18.207,-390.4,-2733,0,0,12,0,0,1015,0,1,0,49466,2,37399,147.18
2041820,18540,0,0.0003,0,1.67,-550,-4.27,-239741,0,1.8831,18.202,-378.6,-2650,0,0,12,0,0,1015,0,1,0,49456,6,37396,147.29
2041930,18541,-0.016,0.0001,0,1.75,-550,-4.27,-239683,0,1.8832,18.205,-365.9,-2561,0,0,12,0,0,1015,0,1,0,49452,2,37398,147.4
2042040,18542,0.025,0.0001,0,1.74,-550,-4.27,-239715,0,1.8828,18.195,-353,-2471,0,0,12,0,0,1015,0,1,0,49462,2,37391,147.51
2042150,18543,0.008,0.0001,0,1.71,-550,-4.27,-239749,0,1.883,18.2,-341.7,-2392,0,0,12,0,0,0,0,1,0,49458,2,37394,147.62
2042260,18544,0.004,0.0002,0,1.67,-550,-4.27,-239767,0,1.883,18.201,-329.1,-2304,0,0,12,0,0,0,0,1,0,49457,3,37395,147.73
2042370,18545,-0.036,0.0002,0,1.53,-550,-4.27,-239889,0,1.8827,18.191,-316.6,-2216,0,0,12,0,0,0,0,1,0,49447,4,37388,147.84
2042480,18546,0.017,0.0001,0,1.63,-550,-4.27,-239757,0,1.8827,18.191,-304.9,-2134,0,0,12,0,0,0,0,1,0,49460,2,37388,147.95
2042590,18547,0.012,0.0001,0,1.73,-550,-4.27,-239696,0,1.883,18.2,-294,-2058,0,0,12,0,0,0,0,1,0,49459,2,37394,148.06
2042700,18548,0.041,0.0003,0,1.83,-550,-4.27,-239628,0,1.8829,18.198,-280.1,-1961,0,0,12,0,0,0,0,1,0,49466,5,37393,148.17
2042810,18549,-0.068,0.0001,0,1.86,-550,-4.27,-239629,0,1.883,18.201,-268.3,-1878,0,0,12,0,0,0,0,1,0,49439,2,37395,148.28
2042920,18550,0.004,0.0001,0,1.79,-550,-4.27,-239703,0,1.8822,18.178,-255.4,-1788,0,0,12,0,0,0,0,1,0,49457,2,37379,148.39
2043030,18551,0,0.0001,0,1.87,-550,-4.27,-239604,0,1.8829,18.198,-241,-1687,0,0,12,0,0,0,0,1,0,49456,2,37393,148.5
2043140,18552,-0.024,0.0001,0,1.94,-550,-4.27,-239569,0,1.883,18.2,-227.6,-1593,0,0,12,0,0,0,0,1,0,49450,2,37394,148.61
2043250,18553,0.004,0.0002,0,1.92,-550,-4.27,-239600,0,1.8826,18.188,-214,-1498,0,0,12,0,0,0,0,1,0,49457,4,37386,148.72
2043360,18554,0.021,0.0001,0,2,-550,-4.27,-239522,0,1.8828,18.194,-198.6,-1390,0,0,12,0,0,0,0,1,0,49461,2,37390,148.83
2043470,18555,0.037,0.0001,0,2.06,-550,-4.27,-239487,0,1.8831,18.204,-186.4,-1305,0,0,12,0,0,0,0,1,0,49465,2,37397,148.94
2043580,18556,-0.016,0.0001,0,2.11,-550,-4.27,-239465,0,1.8829,18.197,-172,-1204,0,0,12,0,0,0,0,1,0,49452,2,37392,149.05
2043690,18557,-0.04,0.0001,0,2.08,-550,-4.27,-239505,0,1.883,18.2,-157,-1099,0,0,12,0,0,0,0,1,0,49446,2,37394,149.16
2043800,18558,0.061,0.0002,0,2.08,-550,-4.27,-239489,0,1.8831,18.202,-142.9,-1000,0,0,12,0,0,0,0,1,0,49471,4,37396,149.27
2043910,18559,-0.044,0.0001,0,2.26,-550,-4.27,-239327,0,1.8827,18.193,-130,-910,0,0,12,0,0,0,0,1,0,49445,2,37389,149.38
2044020,18560,0.004,0.0003,0,2.31,-550,-4.27,-239334,0,1.8829,18.197,-116.1,-813,0,0,12,0,0,0,0,1,0,49457,6,37392,149.49
2044130,18561,-0.016,0.0001,0,2.35,-550,-4.27,-239305,0,1.883,18.201,-103,-721,0,0,12,0,0,0,0,1,0,49452,2,37395,149.6
2044240,18562,0.061,0.0001,0,2.33,-550,-4.27,-239335,0,1.8828,18.194,-86.1,-603,0,0,12,0,0,0,0,1,0,49471,2,37390,149.71
2044350,18563,-0.048,0.0001,0,2.26,-550,-4.27,-239401,0,1.8827,18.193,-51,-357,0,0,12,0,0,0,0,1,0,49444,2,37389,149.82
2044460,18564,-0.036,0.0003,0,2.3,-550,-4.27,-239336,0,1.8829,18.198,-55.1,-386,0,0,12,0,0,0,0,1,0,49447,6,37393,149.93
2044570,18565,-0.024,0.0001,0,2.33,-550,-4.27,-239323,0,1.8831,18.204,-31.9,-223,0,0,12,0,0,0,0,1,0,49450,2,37397,150.04
2044680,18566,0.012,0.0002,0,2.4,-550,-4.27,-239270,0,1.8826,18.19,-25.3,-177,0,0,12,0,0,0,0,1,0,49459,4,37387,150.15
2044790,18567,-0.004,0.0001,0,2.42,-550,-4.27,-239264,0,1.8832,18.207,-16.7,-117,0,0,12,0,0,0,0,1,0,49455,2,37399,150.26
2044900,18568,0.012,0.0001,0,2.51,-550,-4.27,-239190,0,1.8832,18.205,0,0,0,0,12,0,0,0,0,1,0,49459,2,37398,150.37
2045010,18569,0.004,0.0001,0,2.69,-550,-4.27,-239050,0,1.8834,18.212,-0.6,-4,0,0,12,0,0,0,0,1,0,49457,2,37403,150.48
2045120,18570,0.057,0.0003,0,2.69,-550,-4.27,-239096,0,1.8823,18.18,0,0,0,0,12,0,0,0,0,1,0,49470,6,37380,150.59
2045230,18571,-0.02,0.0001,0,2.57,-550,-4.27,-239207,0,1.8843,18.237,0,0,0,0,12,0,0,0,0,1,0,49451,2,37420,150.7
2045340,18572,0.041,0.0001,0,2.5,-550,-4.27,-239238,0,1.8812,18.149,0,0,0,0,12,0,0,0,0,1,0,49466,2,37358,150.81
2045450,18573,-0.008,0.0004,0,2.51,-550,-4.27,-239207,0,1.8824,18.183,0,0,0,0,12,0,0,0,0,1,0,49454,7,37382,150.92
2045560,18574,-0.052,0.0001,0,2.5,-550,-4.27,-239227,0,1.8821,18.174,0,0,0,0,12,0,0,0,0,1,0,49443,2,37376,151.03
2045670,18575,-0.004,0.0003,0,2.49,-550,-4.27,-239233,0,1.8845,18.244,0,0,0,0,12,0,0,0,0,1,0,49455,6,37425,151.14
2045780,18576,0.073,0.0001,0,2.53,-550,-4.27,-239185,0,1.8837,18.221,0,0,0,0,12,0,0,0,0,1,0,49474,2,37409,151.25
2045890,18577,-0.044,0.0001,0,2.51,-550,-4.27,-239224,0,1.8828,18.194,0,0,0,0,12,0,0,0,0,1,0,49445,2,37390,151.36
2046000,18578,-0.008,0.0001,0,2.49,-550,-4.27,-239232,0,1.8818,18.166,0,0,0,0,12,0,0,0,0,1,0,49454,2,37370,151.47
2046110,18579,-0.044,0.0001,0,2.5,-550,-4.27,-239220,0,1.8832,18.205,0,0,0,0,12,0,0,0,0,1,0,49445,2,37398,151.58
2046220,18580,0.004,0.0002,0,2.45,-550,-4.27,-239263,0,1.8836,18.218,0,0,0,0,12,0,0,0,0,1,0,49457,4,37407,151.69
2046330,18581,0.081,0.0001,0,2.47,-550,-4.27,-239233,0,1.8833,18.208,0,0,0,0,12,0,0,0,0,1,0,49476,2,37400,151.8
2046440,18582,-0.004,0.0001,0,2.47,-550,-4.27,-239244,0,1.8826,18.19,0,0,0,0,12,0,0,0,0,1,0,49455,2,37387,151.91
2046550,18583,-0.076,0.0003,0,2.55,-550,-4.27,-239164,0,1.8825,18.185,0,0,0,0,12,0,0,0,0,1,0,49437,5,37384,152.02
2046660,18584,-0.04,0.0002,0,2.58,-550,-4.27,-239156,0,1.883,18.2,0,0,0,0,12,0,0,0,0,1,0,49446,3,37394,152.13
2046770,18585,0.033,0.0002,0,2.56,-550,-4.27,-239191,0,1.8825,18.187,0,0,0,0,12,0,0,0,0,1,0,49464,3,37385,152.24
2046880,18586,-0.044,0.0001,0,2.55,-550,-4.27,-239191,0,1.8827,18.193,0,0,0,0,12,0,0,0,0,1,0,49445,2,37389,152.35
2046990,18587,-0.036,0.0002,0,2.58,-550,-4.27,-239160,0,1.8831,18.204,0,0,0,0,12,0,0,0,0,1,0,49447,3,37397,152.46
2047100,18588,-0.052,0.0001,0,2.64,-550,-4.27,-239110,0,1.8826,18.188,0,0,0,0,12,0,0,0,0,1,0,49443,2,37386,152.57
2047210,18589,-0.016,0.0001,0,2.62,-550,-4.27,-239147,0,1.8835,18.215,0,0,0,0,12,0,0,0,0,1,0,49452,2,37405,152.68
2047320,18590,-0.036,0.0001,0,2.63,-550,-4.27,-239130,0,1.8827,18.193,0,0,0,0,12,0,0,0,0,1,0,49447,2,37389,152.79
2047430,18591,-0.044,0.0001,0,2.69,-550,-4.27,-239076,0,1.8826,18.19,0,0,0,0,12,0,0,0,0,1,0,49445,2,37387,152.9
2047540,18592,0.049,0.0001,0,2.72,-550,-4.27,-239069,0,1.8826,18.19,0,0,0,0,12,0,0,0,0,1,0,49468,2,37387,153.01
2047650,18593,-0.004,0.0002,0,2.67,-550,-4.27,-239127,0,1.883,18.2,0,0,0,0,12,0,0,0,0,1,0,49455,4,37394,153.12
2047760,18594,-0.064,0.0002,0,2.59,-550,-4.27,-239181,0,1.8824,18.184,0,0,0,0,12,0,0,0,0,1,0,49440,3,37383,153.23
2047870,18595,0.008,0.0001,0,2.6,-550,-4.27,-239153,0,1.8834,18.212,0,0,0,0,12,0,0,0,0,1,0,49458,2,37403,153.34
2047980,18596,0,0.0001,0,2.61,-550,-4.27,-239149,0,1.8827,18.193,0,0,0,0,12,0,0,0,0,1,0,49456,2,37389,153.45
2048090,18597,0.057,0.0001,0,2.61,-550,-4.27,-239146,0,1.8825,18.187,0,0,0,0,12,0,0,0,0,1,0,49470,2,37385,153.56
2048200,18598,0,0.0003,0,2.68,-550,-4.27,-239084,0,1.8822,18.177,0,0,0,0,12,0,0,0,0,1,0,49456,6,37378,153.67
2048310,18599,0.029,0.0001,0,2.69,-550,-4.27,-239093,0,1.8826,18.188,0,0,0,0,12,0,0,0,0,1,0,49463,2,37386,153.78
2048420,18600,-0.012,0.0001,0,2.74,-550,-4.27,-239047,0,1.8829,18.197,0,0,0,0,12,0,0,0,0,1,0,49453,2,37392,153.89
2048530,18601,-0.052,0.0002,0,2.71,-550,-4.27,-239089,0,1.8834,18.212,0,0,0,0,12,0,0,0,0,1,0,49443,4,37403,154
2048640,18602,0.033,0.0002,0,2.63,-550,-4.27,-239158,0,1.8829,18.197,0,0,0,0,12,0,0,0,0,1,0,49464,4,37392,154.11
2048750,18603,-0.012,0.0001,0,2.69,-550,-4.27,-239078,0,1.8834,18.211,0,0,0,0,12,0,0,0,0,1,0,49453,2,37402,154.22
2048860,18604,-0.012,0.0002,0,2.77,-550,-4.27,-239018,0,1.8821,18.176,0,0,0,0,12,0,0,0,0,1,0,49453,4,37377,154.33
2048970,18605,-0.008,0.0002,0,2.77,-550,-4.27,-239045,0,1.8826,18.188,0,0,0,0,12,0,0,0,0,1,0,49454,3,37386,154.44
2049080,18606,-0.02,0.0001,0,2.74,-550,-4.27,-239075,0,1.8829,18.198,0,0,0,0,12,0,0,0,0,1,0,49451,2,37393,154.55
2049190,18607,-0.076,0.0003,0,2.75,-550,-4.27,-239055,0,1.8824,18.184,0,0,0,0,12,0,0,0,0,1,0,49437,6,37383,154.66
2049300,18608,-0.048,0.0001,0,2.84,-550,-4.27,-238971,0,1.8825,18.185,0,0,0,0,12,0,0,0,0,1,0,49444,2,37384,154.77
2049410,18609,0.029,0.0001,0,2.86,-550,-4.27,-238982,0,1.883,18.2,0,0,0,0,12,0,0,0,0,1,0,49463,2,37394,154.88
2049520,18610,-0.036,0.0002,0,2.84,-550,-4.27,-239000,0,1.8822,18.178,0,0,0,0,12,0,0,0,0,1,0,49447,3,37379,154.99
2049630,18611,0.045,0.0001,0,2.81,-550,-4.27,-239023,0,1.8829,18.198,0,0,0,0,12,0,0,0,0,1,0,49467,2,37393,155.1
2049740,18612,0,0.0001,0,2.84,-550,-4.27,-238995,0,1.8824,18.184,0,0,0,0,12,0,0,0,0,1,0,49456,2,37383,155.21
2049850,18613,-0.044,0.0001,0,2.79,-550,-4.27,-239041,0,1.8825,18.187,0,0,0,0,12,0,0,0,0,1,0,49445,2,37385,155.32
2049960,18614,-0.06,0.0001,0,2.74,-550,-4.27,-239078,0,1.8829,18.197,0,0,0,0,12,0,0,0,0,1,0,49441,2,37392,155.43
2050070,18615,-0.024,0.0002,0,2.7,-550,-4.27,-239099,0,1.8826,18.19,0,0,0,0,12,0,0,0,0,1,0,49450,3,37387,155.54
2050180,18616,0.025,0.0002,0,2.71,-550,-4.27,-239082,0,1.8829,18.198,0,0,0,0,12,0,0,0,0,1,0,49462,3,37393,155.65
2050290,18617,-0.004,0.0001,0,2.77,-550,-4.27,-239031,0,1.8828,18.194,0,0,0,0,12,0,0,0,0,1,0,49455,2,37390,155.76
2050400,18618,-0.02,0.0001,0,2.79,-550,-4.27,-239020,0,1.8831,18.202,0,0,0,0,12,0,0,0,0,1,0,49451,2,37396,155.87
2050510,18619,0.012,0.0002,0,2.78,-550,-4.27,-239042,0,1.8819,18.17,0,0,0,0,12,0,0,0,0,1,0,49459,3,37373,155.98
2050620,18620,-0.036,0.0001,0,2.83,-550,-4.27,-238991,0,1.8827,18.191,0,0,0,0,12,0,0,0,0,1,0,49447,2,37388,156.09
2050730,18621,-0.036,0.0002,0,2.85,-550,-4.27,-238990,0,1.8825,18.187,0,0,0,0,12,0,0,0,0,1,0,49447,3,37385,156.2
2050840,18622,-0.04,0.0001,0,2.82,-550,-4.27,-239019,0,1.8828,18.195,0,0,0,0,12,0,0,0,0,1,0,49446,2,37391,156.31
2050950,18623,0.012,0.0003,0,2.79,-550,-4.27,-239038,0,1.8833,18.208,0,0,0,0,12,0,0,0,0,1,0,49459,5,37400,156.42
2051060,18624,-0.008,0.0001,0,2.84,-550,-4.27,-238986,0,1.8831,18.202,0,0,0,0,12,0,0,0,0,1,0,49454,2,37396,156.53
2051170,18625,-0.064,0.0001,0,2.81,-550,-4.27,-239024,0,1.8827,18.191,0,0,0,0,12,0,0,0,0,1,0,49440,2,37388,156.64
2051280,18626,-0.02,0.0002,0,2.81,-550,-4.27,-239023,0,1.8827,18.193,0,0,0,0,12,0,0,0,0,1,0,49451,3,37389,156.75
2051390,18627,-0.072,0.0001,0,2.8,-550,-4.27,-239028,0,1.8826,18.188,0,0,0,0,12,0,0,0,0,1,0,49438,2,37386,156.86
2051500,18628,-0.036,0.0001,0,2.77,-550,-4.27,-239054,0,1.883,18.201,0,0,0,0,12,0,0,0,0,1,0,49447,2,37395,156.97
2051610,18629,-0.016,0.0001,0,2.8,-550,-4.27,-239020,0,1.8834,18.212,0,0,0,0,12,0,0,0,0,1,0,49452,2,37403,157.08
2051720,18630,-0.064,0.0001,0,2.88,-550,-4.27,-238945,0,1.8829,18.198,0,0,0,0,12,0,0,0,0,1,0,49440,2,37393,157.19
2051830,18631,-0.036,0.0001,0,2.87,-550,-4.27,-238982,0,1.8836,18.217,0,0,0,0,12,0,0,0,0,1,0,49447,2,37406,157.3
2051940,18632,-0.016,0.0001,0,2.79,-550,-4.27,-239055,0,1.8832,18.207,0,0,0,0,12,0,0,0,0,1,0,49452,2,37399,157.41
2052050,18633,-0.012,0.0002,0,2.71,-550,-4.27,-239104,0,1.8829,18.197,0,0,0,0,12,0,0,0,0,1,0,49453,3,37392,157.52
2052160,18634,-0.012,0.0002,0,2.69,-550,-4.27,-239101,0,1.8828,18.195,0,0,0,0,12,0,0,0,0,1,0,49453,3,37391,157.63
2052270,18635,0.053,0.0001,0,2.72,-550,-4.27,-239071,0,1.8824,18.184,0,0,0,0,12,0,0,0,0,1,0,49469,2,37383,157.74
2052380,18636,0.025,0.0002,0,2.72,-550,-4.27,-239076,0,1.8829,18.198,0,0,0,0,12,0,0,0,0,1,0,49462,3,37393,157.85
2052490,18637,-0.012,0.0002,0,2.76,-550,-4.27,-239041,0,1.8829,18.198,0,0,0,0,12,0,0,0,0,1,0,49453,4,37393,157.96
2052600,18638,0.008,0.0002,0,2.78,-550,-4.27,-239029,0,1.8827,18.193,0,0,0,0,12,0,0,0,0,1,0,49458,4,37389,158.07
2052710,18639,-0.028,0.0003,0,2.8,-550,-4.27,-239023,0,1.883,18.2,0,0,0,0,12,0,0,0,0,1,0,49449,5,37394,158.18
2052820,18640,0.049,0.0003,0,2.78,-550,-4.27,-239042,0,1.8825,18.187,0,0,0,0,12,0,0,0,0,1,0,49468,5,37385,158.29
2052930,18641,-0.004,0.0001,0,2.72,-550,-4.27,-239094,0,1.8825,18.185,0,0,0,0,12,0,0,0,0,1,0,49455,2,37384,158.4
2053040,18642,-0.036,0.0001,0,2.71,-550,-4.27,-239082,0,1.8829,18.197,0,0,0,0,12,0,0,0,0,1,0,49447,2,37392,158.51
2053150,18643,0.029,0.0001,0,2.71,-550,-4.27,-239083,0,1.8824,18.183,0,0,0,0,12,0,0,0,0,1,0,49463,2,37382,158.62
2053260,18644,0.004,0.0001,0,2.74,-550,-4.27,-239059,0,1.8831,18.204,0,0,0,0,12,0,0,0,0,1,0,49457,2,37397,158.73
2053370,18645,-0.028,0.0001,0,2.76,-550,-4.27,-239047,0,1.8826,18.188,0,0,0,0,12,0,0,0,0,1,0,49449,2,37386,158.84
2053480,18646,-0.016,0.0001,0,2.81,-550,-4.27,-239004,0,1.8832,18.205,0,0,0,0,12,0,0,0,0,1,0,49452,2,37398,158.95
2053590,18647,-0.016,0.0001,0,2.8,-550,-4.27,-239025,0,1.8829,18.198,0,0,0,0,12,0,0,0,0,1,0,49452,2,37393,159.06
2053700,18648,0.033,0.0002,0,2.78,-550,-4.27,-239045,0,1.8826,18.19,0,0,0,0,12,0,0,0,0,1,0,49464,3,37387,159.17
2053810,18649,-0.06,0.0002,0,2.76,-550,-4.27,-239054,0,1.8829,18.198,0,0,0,0,12,0,0,0,0,1,0,49441,3,37393,159.28
2053920,18650,-0.02,0.0003,0,2.72,-550,-4.27,-239087,0,1.8827,18.193,0,0,0,0,12,0,0,0,0,1,0,49451,6,37389,159.39
2054030,18651,-0.016,0.0001,0,2.82,-550,-4.27,-238982,0,1.8828,18.194,0,0,0,0,12,0,0,0,0,1,0,49452,2,37390,159.5
2054140,18652,-0.032,0.0001,0,2.79,-550,-4.27,-239040,0,1.883,18.201,0,0,0,0,12,0,0,0,0,1,0,49448,2,37395,159.61
2054250,18653,-0.028,0.0001,0,2.77,-550,-4.27,-239052,0,1.8825,18.187,0,0,0,0,12,0,0,0,0,1,0,49449,2,37385,159.72
2054360,18654,-0.004,0.0001,0,2.7,-550,-4.27,-239112,0,1.8828,18.195,0,0,0,0,12,0,0,0,0,1,0,49455,2,37391,159.83
2054470,18655,-0.016,0.0003,0,2.76,-550,-4.27,-239032,0,1.8826,18.188,0,0,0,0,12,0,0,0,0,1,0,49452,5,37386,159.94
2054580,18656,-0.012,0.0001,0,2.74,-550,-4.27,-239068,0,1.8827,18.193,0,0,0,0,12,0,0,0,0,1,0,49453,2,37389,160.05
2054690,18657,-0.064,0.0002,0,2.72,-550,-4.27,-239080,0,1.8826,18.188,0,0,0,0,12,0,0,0,0,1,0,49440,4,37386,160.16
2054800,18658,-0.028,0.0001,0,2.72,-550,-4.27,-239075,0,1.8828,18.194,0,0,0,0,12,0,0,0,0,1,0,49449,2,37390,160.27
2054910,18659,0.041,0.0002,0,2.67,-550,-4.27,-239121,0,1.883,18.2,0,0,0,0,12,0,0,0,0,1,0,49466,4,37394,160.38
2055020,18660,-0.052,0.0001,0,2.72,-550,-4.27,-239065,0,1.8828,18.195,0,0,0,0,12,0,0,0,0,1,0,49443,2,37391,160.49
2055130,18661,-0.048,0.0001,0,2.78,-550,-4.27,-239022,0,1.8824,18.184,0,0,0,0,12,0,0,0,0,1,0,49444,2,37383,160.6
2055240,18662,0.045,0.0001,0,2.73,-550,-4.27,-239088,0,1.8825,18.187,0,0,0,0,12,0,0,0,0,1,0,49467,2,37385,160.71
2055350,18663,-0.016,0.0001,0,2.71,-550,-4.27,-239083,0,1.883,18.2,0,0,0,0,12,0,0,0,0,1,0,49452,2,37394,160.82
2055460,18664,-0.052,0.0001,0,2.79,-550,-4.27,-239012,0,1.8826,18.188,0,0,0,0,12,0,0,0,0,1,0,49443,2,37386,160.93
2055570,18665,0.045,0.0002,0,2.8,-550,-4.27,-239022,0,1.8831,18.202,0,0,0,0,12,0,0,0,0,1,0,49467,4,37396,161.04
2055680,18666,-0.004,0.0001,0,2.77,-550,-4.27,-239050,0,1.8832,18.205,0,0,0,0,12,0,0,0,0,1,0,49455,2,37398,161.15
2055790,18667,0.012,0.0001,0,2.77,-550,-4.27,-239049,0,1.8826,18.19,0,0,0,0,12,0,0,0,0,1,0,49459,2,37387,161.26
2055900,18668,-0.016,0.0001,0,2.76,-550,-4.27,-239051,0,1.8829,18.197,0,0,0,0,12,0,0,0,0,1,0,49452,2,37392,161.37
2056010,18669,-0.016,0.0001,0,2.72,-550,-4.27,-239089,0,1.8822,18.177,0,0,0,0,12,0,0,0,0,1,0,49452,2,37378,161.48
2056120,18670,0.069,0.0003,0,2.72,-550,-4.27,-239072,0,1.8825,18.187,0,0,0,0,12,0,0,0,0,1,0,49473,5,37385,161.59
2056230,18671,-0.044,0.0003,0,2.75,-550,-4.27,-239053,0,1.8825,18.185,0,0,0,0,12,0,0,0,0,1,0,49445,5,37384,161.7
2056340,18672,-0.068,0.0001,0,2.78,-550,-4.27,-239024,0,1.8828,18.194,0,0,0,0,12,0,0,0,0,1,0,49439,2,37390,161.81
2056450,18673,-0.032,0.0002,0,2.74,-550,-4.27,-239079,0,1.8826,18.188,0,0,0,0,12,0,0,0,0,1,0,49448,3,37386,161.92
2056560,18674,0.029,0.0001,0,2.69,-550,-4.27,-239111,0,1.8828,18.194,0,0,0,0,12,0,0,0,0,1,0,49463,2,37390,162.03
2056670,18675,-0.012,0.0002,0,2.67,-550,-4.27,-239119,0,1.883,18.2,0,0,0,0,12,0,0,0,0,1,0,49453,3,37394,162.14
2056780,18676,0.017,0.0001,0,2.75,-550,-4.27,-239033,0,1.8828,18.194,0,0,0,0,12,0,0,0,0,1,0,49460,2,37390,162.25
2056890,18677,0.004,0.0001,0,2.8,-550,-4.27,-239015,0,1.8827,18.193,0,0,0,0,12,0,0,0,0,1,0,49457,2,37389,162.36
2057000,18678,-0.052,0.0001,0,2.78,-550,-4.27,-239043,0,1.8824,18.184,0,0,0,0,12,0,0,0,0,1,0,49443,2,37383,162.47
2057110,18679,0.008,0.0001,0,2.77,-550,-4.27,-239043,0,1.8828,18.194,0,0,0,0,12,0,0,0,0,1,0,49458,2,37390,162.58
2057220,18680,0.025,0.0002,0,2.77,-550,-4.27,-239048,0,1.883,18.2,0,0,0,0,12,0,0,0,0,1,0,49462,3,37394,162.69
2057330,18681,-0.004,0.0001,0,2.74,-550,-4.27,-239070,0,1.8828,18.194,0,0,0,0,12,0,0,0,0,1,0,49455,2,37390,162.8
2057440,18682,0.061,0.0001,0,2.77,-550,-4.27,-239032,0,1.8824,18.184,0,0,0,0,12,0,0,0,0,1,0,49471,2,37383,162.91
2057550,18683,-0.004,0.0001,0,2.75,-550,-4.27,-239066,0,1.8818,18.166,0,0,0,0,12,0,0,0,0,1,0,49455,2,37370,163.02
2057660,18684,0.017,0.0001,0,2.75,-550,-4.27,-239060,0,1.8823,18.18,0,0,0,0,12,0,0,0,0,1,0,49460,2,37380,163.13
2057770,18685,-0.04,0.0001,0,2.73,-550,-4.27,-239079,0,1.8825,18.187,0,0,0,0,12,0,0,0,0,1,0,49446,2,37385,163.24
2057880,18686,-0.064,0.0002,0,2.79,-550,-4.27,-239013,0,1.8829,18.198,0,0,0,0,12,0,0,0,0,1,0,49440,4,37393,163.35
2057990,18687,-0.064,0.0001,0,2.76,-550,-4.27,-239060,0,1.883,18.201,0,0,0,0,12,0,0,0,0,1,0,49440,2,37395,163.46
2058100,18688,-0.024,0.0001,0,2.79,-550,-4.27,-239027,0,1.8827,18.193,0,0,0,0,12,0,0,0,0,1,0,49450,2,37389,163.57
2058210,18689,-0.064,0.0001,0,2.76,-550,-4.27,-239060,0,1.8831,18.202,0,0,0,0,12,0,0,0,0,1,0,49440,2,37396,163.68
2058320,18690,-0.004,0.0002,0,2.76,-550,-4.27,-239053,0,1.8827,18.191,0,0,0,0,12,0,0,0,0,1,0,49455,3,37388,163.79
2058430,18691,0,0.0001,0,2.82,-550,-4.27,-238994,0,1.883,18.2,0,0,0,0,12,0,0,0,0,1,0,49456,2,37394,163.9
2058540,18692,0.004,0.0004,0,2.8,-550,-4.27,-239031,0,1.8829,18.198,0,0,0,0,12,0,0,0,0,1,0,49457,7,37393,164.01
2058650,18693,-0.068,0.0001,0,2.77,-550,-4.27,-239055,0,1.8832,18.207,0,0,0,0,12,0,0,0,0,1,0,49439,2,37399,164.12
2058760,18694,0,0.0001,0,2.75,-550,-4.27,-239063,0,1.8835,18.215,0,0,0,0,12,0,0,0,0,1,0,49456,2,37405,164.23
2058870,18695,0.025,0.0002,0,2.73,-550,-4.27,-239078,0,1.883,18.201,0,0,0,0,12,0,0,0,0,1,0,49462,3,37395,164.34
2058980,18696,-0.06,0.0002,0,2.72,-550,-4.27,-239082,0,1.8832,18.207,0,0,0,0,12,0,0,0,0,1,0,49441,3,37399,164.45
2059090,18697,-0.008,0.0001,0,2.73,-550,-4.27,-239067,0,1.8833,18.21,0,0,0,0,12,0,0,0,0,1,0,49454,2,37401,164.56
2059200,18698,-0.04,0.0001,0,2.75,-550,-4.27,-239050,0,1.8824,18.183,0,0,0,0,12,0,0,0,0,1,0,49446,2,37382,164.67
2059310,18699,0.017,0.0001,0,2.79,-550,-4.27,-239016,0,1.883,18.201,0,0,0,0,12,0,0,0,0,1,0,49460,2,37395,164.78
2059420,18700,0.012,0.0001,0,2.86,-550,-4.27,-238967,0,1.8834,18.211,0,0,0,0,12,0,0,0,0,1,0,49459,2,37402,164.89
2059530,18701,0.004,0.0002,0,2.81,-550,-4.27,-239028,0,1.8836,18.217,0,0,0,0,12,0,0,0,0,1,0,49457,3,37406,165
2059640,18702,-0.02,0.0001,0,2.79,-550,-4.27,-239039,0,1.8836,18.217,0,0,0,0,12,0,0,0,0,1,0,49451,2,37406,165.11
2059750,18703,-0.036,0.0001,0,2.89,-550,-4.27,-238938,0,1.8829,18.198,0,0,0,0,12,0,0,0,0,1,0,49447,2,37393,165.22
2059860,18704,-0.028,0.0003,0,2.86,-550,-4.27,-238992,0,1.8835,18.214,0,0,0,0,12,0,0,0,0,1,0,49449,6,37404,165.33
2059970,18705,-0.02,0.0001,0,2.86,-550,-4.27,-238988,0,1.883,18.201,0,0,0,0,12,0,0,0,0,1,0,49451,2,37395,165.44
2060080,18706,-0.048,0.0001,0,2.81,-550,-4.27,-239031,0,1.883,18.2,0,0,0,0,12,0,0,0,0,1,0,49444,2,37394,165.55
2060190,18707,-0.004,0.0001,0,2.76,-550,-4.27,-239068,0,1.8832,18.207,0,0,0,0,12,0,0,0,0,1,0,49455,2,37399,165.66
2060300,18708,-0.016,0.0002,0,2.72,-550,-4.27,-239084,0,1.8827,18.193,0,0,0,0,12,0,0,0,0,1,0,49452,3,37389,165.77
2060410,18709,-0.056,0.0002,0,2.76,-550,-4.27,-239037,0,1.8835,18.214,0,0,0,0,12,0,0,0,0,1,0,49442,3,37404,165.88
2060520,18710,-0.064,0.0001,0,2.8,-550,-4.27,-239014,0,1.8832,18.205,0,0,0,0,12,0,0,0,0,1,0,49440,2,37398,165.99
2060630,18711,0.025,0.0002,0,2.79,-550,-4.27,-239030,0,1.8832,18.205,0,0,0,0,12,0,0,0,0,1,0,49462,3,37398,166.1
2060740,18712,-0.048,0.0001,0,2.75,-550,-4.27,-239071,0,1.883,18.201,0,0,0,0,12,0,0,0,0,1,0,49444,2,37395,166.21
2060850,18713,-0.012,0.0001,0,2.75,-550,-4.27,-239059,0,1.8832,18.207,0,0,0,0,12,0,0,0,0,1,0,49453,2,37399,166.32
2060960,18714,0.008,0.0002,0,2.79,-550,-4.27,-239018,0,1.8831,18.204,0,0,0,0,12,0,0,0,0,1,0,49458,3,37397,166.43
2061070,18715,-0.004,0.0001,0,2.75,-550,-4.27,-239071,0,1.8831,18.204,0,0,0,0,12,0,0,0,0,1,0,49455,2,37397,166.54
2061180,18716,-0.02,0.0001,0,2.77,-550,-4.27,-239039,0,1.8835,18.214,0,0,0,0,12,0,0,0,0,1,0,49451,2,37404,166.65
2061290,18717,-0.028,0.0001,0,2.71,-550,-4.27,-239097,0,1.8837,18.22,0,0,0,0,12,0,0,0,0,1,0,49449,2,37408,166.76
2061400,18718,-0.036,0.0001,0,2.77,-550,-4.27,-239030,0,1.8826,18.188,0,0,0,0,12,0,0,0,0,1,0,49447,2,37386,166.87
2061510,18719,-0.036,0.0002,0,2.82,-550,-4.27,-238995,0,1.8828,18.194,0,0,0,0,12,0,0,0,0,1,0,49447,3,37390,166.98
2061620,18720,0.025,0.0001,0,2.85,-550,-4.27,-238988,0,1.8832,18.207,0,0,0,0,12,0,0,0,0,1,0,49462,2,37399,167.09
2061730,18721,-0.052,0.0001,0,2.84,-550,-4.27,-238997,0,1.8828,18.194,0,0,0,0,12,0,0,0,0,1,0,49443,2,37390,167.2
2061840,18722,-0.056,0.0001,0,2.8,-550,-4.27,-239041,0,1.8829,18.198,0,0,0,0,12,0,0,0,0,1,0,49442,2,37393,167.31
2061950,18723,-0.012,0.0003,0,2.78,-550,-4.27,-239039,0,1.8829,18.197,0,0,0,0,12,0,0,0,0,1,0,49453,5,37392,167.42
2062060,18724,0.004,0.0001,0,2.76,-550,-4.27,-239053,0,1.8834,18.212,0,0,0,0,12,0,0,0,0,1,0,49457,2,37403,167.53
2062170,18725,-0.012,0.0001,0,2.77,-550,-4.27,-239042,0,1.8831,18.202,0,0,0,0,12,0,0,0,0,1,0,49453,2,37396,167.64
2062280,18726,-0.04,0.0001,0,2.72,-550,-4.27,-239092,0,1.883,18.201,0,0,0,0,12,0,0,0,0,1,0,49446,2,37395,167.75
2062390,18727,0.008,0.0001,0,2.73,-550,-4.27,-239071,0,1.8833,18.208,0,0,0,0,12,0,0,0,0,1,0,49458,2,37400,167.86
2062500,18728,-0.044,0.0001,0,2.78,-550,-4.27,-239023,0,1.8835,18.214,0,0,0,0,12,0,0,0,0,1,0,49445,2,37404,167.97
2062610,18729,-0.044,0.0002,0,2.79,-550,-4.27,-239030,0,1.8829,18.197,0,0,0,0,12,0,0,0,0,1,0,49445,3,37392,168.08
2062720,18730,-0.024,0.0001,0,2.84,-550,-4.27,-238982,0,1.8832,18.205,0,0,0,0,12,0,0,0,0,1,0,49450,2,37398,168.19
2062830,18731,-0.032,0.0001,0,2.81,-550,-4.27,-239026,0,1.8831,18.204,0,0,0,0,12,0,0,0,0,1,0,49448,2,37397,168.3
2062940,18732,0.004,0.0001,0,2.78,-550,-4.27,-239045,0,1.8835,18.214,0,0,0,0,12,0,0,0,0,1,0,49457,2,37404,168.41
2063050,18733,-0.008,0.0001,0,2.8,-550,-4.27,-239022,0,1.8828,18.195,0,0,0,0,12,0,0,0,0,1,0,49454,2,37391,168.52
2063160,18734,0.033,0.0001,0,2.83,-550,-4.27,-238999,0,1.8827,18.193,0,0,0,0,12,0,0,0,0,1,0,49464,2,37389,168.63
2063270,18735,-0.028,0.0001,0,2.75,-550,-4.27,-239074,0,1.8833,18.21,0,0,0,0,12,0,0,0,0,1,0,49449,2,37401,168.74
2063380,18736,-0.064,0.0001,0,2.79,-550,-4.27,-239023,0,1.8834,18.211,0,0,0,0,12,0,0,0,0,1,0,49440,2,37402,168.85
2063490,18737,0.033,0.0001,0,2.87,-550,-4.27,-238956,0,1.8831,18.202,0,0,0,0,12,0,0,0,0,1,0,49464,2,37396,168.96
2063600,18738,0,0.0001,0,2.87,-550,-4.27,-238979,0,1.8825,18.185,0,0,0,0,12,0,0,0,0,1,0,49456,2,37384,169.07
2063710,18739,-0.036,0.0002,0,2.75,-550,-4.27,-239094,0,1.8835,18.214,0,0,0,0,12,0,0,0,0,1,0,49447,3,37404,169.18
2063820,18740,-0.016,0.0002,0,2.7,-550,-4.27,-239103,0,1.883,18.2,0,0,0,0,12,0,0,0,0,1,0,49452,3,37394,169.29
2063930,18741,0.065,0.0002,0,2.72,-550,-4.27,-239069,0,1.8832,18.207,0,0,0,0,12,0,0,0,0,1,0,49472,3,37399,169.4
2064040,18742,-0.088,0.0001,0,2.74,-550,-4.27,-239059,0,1.8833,18.21,0,0,0,0,12,0,0,0,0,1,0,49434,2,37401,169.51
2064150,18743,0.004,0.0001,0,2.71,-550,-4.27,-239096,0,1.8833,18.208,0,0,0,0,12,0,0,0,0,1,0,49457,2,37400,169.62
2064260,18744,-0.032,0.0001,0,2.79,-550,-4.27,-239012,0,1.8833,18.208,0,0,0,0,12,0,0,0,0,1,0,49448,2,37400,169.73
2064370,18745,-0.028,0.0001,0,2.8,-550,-4.27,-239023,0,1.8832,18.207,0,0,0,0,12,0,0,0,0,1,0,49449,2,37399,169.84
2064480,18746,-0.008,0.0001,0,2.85,-550,-4.27,-238980,0,1.8836,18.217,0,0,0,0,12,0,0,0,0,1,0,49454,2,37406,169.95
2064590,18747,-0.06,0.0002,0,2.87,-550,-4.27,-238976,0,1.8833,18.208,0,0,0,0,12,0,0,0,0,1,0,49441,3,37400,170.06
2064700,18748,-0.032,0.0001,0,2.82,-550,-4.27,-239023,0,1.8831,18.202,0,0,0,0,12,0,0,0,0,1,0,49448,2,37396,170.17
2064810,18749,-0.008,0.0002,0,2.84,-550,-4.27,-238996,0,1.8833,18.21,0,0,0,0,12,0,0,0,0,1,0,49454,3,37401,170.28
2064920,18750,-0.072,0.0001,0,2.86,-550,-4.27,-238978,0,1.8829,18.198,0,0,0,0,12,0,0,0,0,1,0,49438,2,37393,170.39
2065030,18751,0.008,0.0001,0,2.85,-550,-4.27,-238991,0,1.8833,18.21,0,0,0,0,12,0,0,0,0,1,0,49458,2,37401,170.5
2065140,18752,-0.036,0.0002,0,2.86,-550,-4.27,-238983,0,1.8832,18.205,0,0,0,0,12,0,0,0,0,1,0,49447,3,37398,170.61
2065250,18753,-0.052,0.0001,0,2.79,-550,-4.27,-239047,0,1.8828,18.194,0,0,0,0,12,0,0,0,0,1,0,49443,2,37390,170.72
2065360,18754,-0.04,0.0001,0,2.72,-550,-4.27,-239095,0,1.8833,18.208,0,0,0,0,12,0,0,0,0,1,0,49446,2,37400,170.83
2065470,18755,0.008,0.0001,0,2.73,-550,-4.27,-239066,0,1.8832,18.207,0,0,0,0,12,0,0,0,0,1,0,49458,2,37399,170.94
2065580,18756,0.029,0.0001,0,2.77,-550,-4.27,-239032,0,1.8835,18.214,0,0,0,0,12,0,0,0,0,1,0,49463,2,37404,171.05
2065690,18757,-0.004,0.0001,0,2.84,-550,-4.27,-238979,0,1.8832,18.207,0,0,0,0,12,0,0,0,0,1,0,49455,2,37399,171.16
2065800,18758,0.025,0.0001,0,2.85,-550,-4.27,-238993,0,1.8832,18.205,0,0,0,0,12,0,0,0,0,1,0,49462,2,37398,171.27
2065910,18759,0.008,0.0001,0,2.81,-550,-4.27,-239032,0,1.8836,18.218,0,0,0,0,12,0,0,0,0,1,0,49458,2,37407,171.38
2066020,18760,0.008,0.0002,0,2.83,-550,-4.27,-238999,0,1.8829,18.198,0,0,0,0,12,0,0,0,0,1,0,49458,3,37393,171.49
2066130,18761,0.008,0.0001,0,2.8,-550,-4.27,-239036,0,1.8835,18.215,0,0,0,0,12,0,0,0,0,1,0,49458,2,37405,171.6
2066240,18762,-0.052,0.0002,0,2.77,-550,-4.27,-239056,0,1.8833,18.208,0,0,0,0,12,0,0,0,0,1,0,49443,4,37400,171.71
2066350,18763,-0.08,0.0001,0,2.76,-550,-4.27,-239049,0,1.8831,18.204,0,0,0,0,12,0,0,0,0,1,0,49436,2,37397,171.82
2066460,18764,-0.04,0.0001,0,2.77,-550,-4.27,-239043,0,1.8836,18.217,0,0,0,0,12,0,0,0,0,1,0,49446,2,37406,171.93
2066570,18765,-0.04,0.0001,0,2.84,-550,-4.27,-238975,0,1.8836,18.217,0,0,0,0,12,0,0,0,0,1,0,49446,2,37406,172.04
2066680,18766,-0.012,0.0001,0,2.86,-550,-4.27,-238978,0,1.8828,18.194,0,0,0,0,12,0,0,0,0,1,0,49453,2,37390,172.15
2066790,18767,0.004,0.0001,0,2.84,-550,-4.27,-239005,0,1.8831,18.202,0,0,0,0,12,0,0,0,0,1,0,49457,2,37396,172.26
2066900,18768,-0.02,0.0001,0,2.88,-550,-4.27,-238958,0,1.883,18.201,0,0,0,0,12,0,0,0,0,1,0,49451,2,37395,172.37
2067010,18769,-0.016,0.0002,0,2.94,-550,-4.27,-238915,0,1.8831,18.202,0,0,0,0,12,0,0,0,0,1,0,49452,3,37396,172.48
2067120,18770,-0.012,0.0001,0,2.87,-550,-4.27,-238996,0,1.8829,18.197,0,0,0,0,12,0,0,0,0,1,0,49453,2,37392,172.59