t,n,ji,jv,jw,f,fsp,perr,fr,busy,d,dmm,rpm,erpm,mi,ii,iv,rsp,lp,pmp,md,vok,flg,jir,jvr,dr,rt
2511,0,0.033,0.0945,0.003,0,0,0,0,0,2.0673,23.398,0,0,0,0,0,0,0,0,0,0,9,49464,1877,41055,0
3133,5,0.085,0.0945,0.008,7.67,0,0,-257327,0,2.0672,23.394,0,0,0,0,0,0,0,0,0,0,1,49477,1876,41052,0.622
3235,6,0.109,0.0945,0.01,7.72,0,0,-257275,0,2.067,23.39,0,0,0,0,0,0,0,0,0,0,1,49483,1876,41049,0.724
3336,7,0.073,0.0944,0.007,7.73,0,0,-257282,0,2.0673,23.398,0,0,0,0,0,0,0,0,0,0,1,49474,1874,41055,0.825
3437,8,0.097,0.0947,0.009,7.69,0,0,-257323,0,2.0671,23.391,0,0,0,0,0,0,0,0,0,0,1,49480,1881,41050,0.926
3538,9,0.077,0.0948,0.007,7.68,0,0,-257317,0,2.0672,23.395,0,0,0,0,0,0,0,0,0,0,1,49475,1883,41053,1.027
3639,10,0.093,0.0946,0.009,7.7,0,0,-257302,0,2.0671,23.393,0,0,0,0,0,0,0,0,0,0,1,49479,1878,41051,1.128
3740,11,0.029,0.0945,0.003,7.75,0,0,-257254,0,2.0673,23.397,0,0,0,0,0,0,0,0,0,0,1,49463,1876,41054,1.229
3841,12,0.117,0.0953,0.011,7.8,0,0,-257229,0,2.0671,23.391,0,0,0,0,0,0,0,0,0,0,1,49485,1892,41050,1.33
3942,13,0.085,0.094,0.008,7.72,0,0,-257310,0,2.0672,23.394,0,0,0,0,0,0,0,0,0,0,1,49477,1867,41052,1.431
4051,14,0.077,0.0946,0.007,7.72,0,0,-257290,0,2.0673,23.398,0,0,0,0,0,0,0,0,0,0,1,49475,1879,41055,1.54
4161,15,0.085,0.0941,0.008,7.69,0,0,-257318,0,2.0671,23.391,0,0,0,0,0,0,0,0,0,0,1,49477,1869,41050,1.65
4271,16,0.133,0.0946,0.013,7.67,0,0,-257332,0,2.0671,23.391,0,0,0,0,0,0,0,0,0,0,1,49489,1879,41050,1.76
4381,17,0.081,0.0945,0.008,7.64,0,0,-257352,0,2.0672,23.395,0,0,0,0,0,0,0,0,0,0,1,49476,1876,41053,1.87
4491,18,0.101,0.0947,0.01,7.66,0,0,-257326,0,2.0675,23.403,0,0,0,0,0,0,0,0,0,0,1,49481,1880,41058,1.98
4601,19,0.073,0.095,0.007,7.68,0,0,-257314,0,2.067,23.388,0,0,0,0,0,0,0,0,0,0,1,49474,1887,41048,2.09
4711,20,0.125,0.0945,0.012,7.59,0,0,-257402,0,2.0673,23.398,0,0,0,0,0,0,0,0,0,0,1,49487,1877,41055,2.2
4821,21,0.153,0.0949,0.015,7.56,0,0,-257400,0,2.0673,23.398,0,0,0,0,0,0,0,0,0,0,1,49494,1885,41055,2.31
4931,22,0.093,0.0949,0.009,7.64,0,0,-257326,0,2.0671,23.391,0,0,0,0,0,0,0,0,0,0,1,49479,1884,41050,2.42
5041,23,0.077,0.095,0.007,7.63,0,0,-257355,0,2.0672,23.394,0,0,0,0,0,0,0,0,0,0,1,49475,1887,41052,2.53
5151,24,0.029,0.0946,0.003,7.64,0,0,-257337,0,2.0669,23.386,0,0,0,0,0,0,0,0,0,0,1,49463,1878,41046,2.64
5261,25,0.109,0.0949,0.01,7.66,0,0,-257331,0,2.0674,23.4,0,0,0,0,0,0,0,0,0,0,1,49483,1885,41056,2.75
5371,26,0.129,0.0941,0.012,7.67,0,0,-257316,0,2.0669,23.387,0,0,0,0,0,0,0,0,0,0,1,49488,1868,41047,2.86
5481,27,0.037,0.0949,0.003,7.66,0,0,-257334,0,2.0671,23.393,0,0,0,0,0,0,0,0,0,0,1,49465,1884,41051,2.97
5500,28,0.105,0.0947,0.01,7.63,0,0,-257355,0,2.0672,23.394,0,0,0,0,12,0,0,0,0,1,0,49482,1880,41052,2.989
5610,29,0.073,0.0949,0.007,7.67,0,0,-257314,0,2.0674,23.4,0,0,0,0,12,-500,0,0,0,1,0,49474,1884,41056,3.099
5720,30,0.093,0.0949,0.009,7.66,0,0,-257333,0,2.0671,23.391,0,0,0,0,12,-500,0,0,0,1,0,49479,1885,41050,3.209
5830,31,0.097,0.0937,0.009,7.61,0,0,-257381,0,2.0671,23.393,0,0,-0.01,-0.02,12,-500,0,0,0,1,0,49480,1861,41051,3.319
5940,32,0.105,0.0944,0.01,7.65,0,0,-257324,0,2.0669,23.387,0,0,-0.01,-0.02,12,-500,0,0,0,1,0,49482,1875,41047,3.429
6050,33,0.081,0.095,0.008,7.74,0,0,-257254,0,2.0673,23.398,0,0,-0.02,-0.02,12,-500,0,0,0,1,0,49476,1886,41055,3.539
6160,34,0.101,0.0951,0.01,7.79,0,0,-257229,0,2.067,23.388,0,0,-0.02,-0.02,12,-500,0,0,0,1,0,49481,1889,41048,3.649
6270,35,0.145,0.0948,0.014,7.79,0,0,-257251,0,2.0673,23.397,0,0,-0.02,-0.03,12,-500,0,0,0,1,0,49492,1883,41054,3.759
6380,36,0.097,0.0942,0.009,7.73,0,0,-257300,0,2.0673,23.397,0,0,-0.02,-0.02,12,-500,0,0,0,1,0,49480,1871,41054,3.869
6490,37,0.097,0.0943,0.009,7.67,0,0,-257343,0,2.0673,23.398,0,0,-0.01,-0.02,12,-500,0,0,0,1,0,49480,1873,41055,3.979
6600,38,0.085,0.095,0.008,7.71,0,0,-257289,0,2.067,23.388,0,0,-0.02,-0.03,12,-500,0,0,0,1,0,49477,1886,41048,4.089
6710,39,0.021,0.0951,0.002,7.76,0,0,-257255,0,2.0672,23.394,0,0,-0.02,-0.02,12,-500,0,0,0,1,0,49461,1889,41052,4.199
6820,40,0.105,0.0948,0.01,7.75,0,0,-257274,0,2.0672,23.394,0,0,-0.02,-0.04,12,-500,0,0,0,1,0,49482,1882,41052,4.309
6930,41,0.093,0.0948,0.009,7.7,0,0,-257322,0,2.0673,23.397,0,0,-0.02,-0.03,12,-500,0,0,0,1,0,49479,1882,41054,4.419
7040,42,0.121,0.094,0.011,7.63,0,0,-257371,0,2.067,23.39,0,0,-0.02,-0.03,12,-500,0,0,0,1,0,49486,1866,41049,4.529
7150,43,0.117,0.0946,0.011,7.63,0,0,-257352,0,2.0672,23.395,0,0,-0.02,-0.03,12,-500,0,0,0,1,0,49485,1879,41053,4.639
7260,44,0.065,0.0941,0.006,7.68,0,0,-257304,0,2.0673,23.398,0,0,-0.02,-0.04,12,-500,0,0,0,1,0,49472,1868,41055,4.749
7370,45,0.097,0.0944,0.009,7.66,0,0,-257341,0,2.067,23.39,0,0,-0.01,-0.02,12,-500,0,0,0,1,0,49480,1875,41049,4.859
7480,46,0.194,0.0943,0.018,7.66,0,0,-257327,0,2.0673,23.398,0,0,0.21,0.27,12,-500,0,0,0,1,0,49504,1873,41055,4.969
7590,47,0.097,0.0943,0.009,7.67,0,0,-257318,0,2.0673,23.397,0,0,0,0,12,-500,0,0,0,1,0,49480,1872,41054,5.079
7700,48,0.093,0.0944,0.009,7.58,0,0,-257406,0,2.0673,23.398,0,0,0,0,12,-500,0,0,0,1,0,49479,1874,41055,5.189
7810,49,0.033,0.0948,0.003,7.49,0,0,-257465,0,2.0666,23.377,0,0,0,0,12,-500,0,0,0,1,0,49464,1883,41040,5.299
7920,50,0.109,0.1063,0.012,7.41,0,0,-257521,0,2.0671,23.393,0,0,0,0,12,-500,0,0,0,1,0,49483,2112,41051,5.409
8030,51,0.073,0.0995,0.007,7.4,0,0,-257506,0,2.0673,23.398,-9.3,-65,3.94,0.23,12,-500,0,0,0,1,0,49474,1975,41055,5.519
8140,52,0.069,0.0911,0.006,7.39,0,0,-257509,0,2.0673,23.398,-127,-889,13.94,1.63,12,-500,0,0,0,1,0,49473,1809,41055,5.629
8250,53,0.008,0.0951,0.001,7.33,0,0,-257561,0,2.0671,23.393,-294.4,-2061,15.22,3.13,11.9,-500,0,0,0,1,0,49458,1888,41051,5.739
8360,54,0.105,0.0945,0.01,7.2,0,0,-257666,0,2.0671,23.391,-453.4,-3174,10.17,2.63,12,-500,0,0,0,1,0,49482,1876,41050,5.849
8470,55,0.133,0.0942,0.013,7.21,0,0,-257619,0,2.0673,23.397,-528.4,-3699,3.11,0.8,12,-500,0,0,0,1,0,49489,1871,41054,5.959
8580,56,0.061,0.0944,0.006,7.24,0,0,-257594,0,2.0672,23.395,-547.6,-3833,0.73,0.17,12,-500,0,0,0,1,0,49471,1874,41053,6.069
8690,57,0.073,0.0939,0.007,7.18,0,0,-257666,0,2.0674,23.401,-544.7,-3813,0.27,0.06,12,-500,0,0,0,1,0,49474,1865,41057,6.179
8800,58,0.121,0.1032,0.013,7.19,0,0,-257630,0,2.0675,23.404,-538,-3766,0.41,0.09,12,-500,0,0,0,1,0,49486,2050,41059,6.289
8910,59,0.069,0.0971,0.007,7.11,0,0,-257714,0,2.0675,23.404,-531.9,-3723,0.59,0.13,12,-500,0,0,0,1,0,49473,1928,41059,6.399
9020,60,0.117,0.0974,0.011,7.07,0,0,-257726,0,2.0675,23.403,-527.4,-3692,0.69,0.16,12,-500,0,0,0,1,0,49485,1934,41058,6.509
9130,61,0.125,0.0944,0.012,7.05,0,0,-257733,0,2.0669,23.387,-523.7,-3666,0.76,0.17,12,-500,0,0,0,1,0,49487,1874,41047,6.619
9240,62,0.012,0.0943,0.001,7.06,0,0,-257715,0,2.0673,23.397,-520.9,-3646,0.8,0.18,12,-500,0,0,0,1,0,49459,1872,41054,6.729
9350,63,0.057,0.095,0.005,7.09,0,0,-257695,0,2.067,23.388,-518.3,-3628,0.82,0.18,12,-500,0,0,0,1,0,49470,1886,41048,6.839
9460,64,0.077,0.094,0.007,7.1,0,0,-257690,0,2.0669,23.386,-516.4,-3615,0.85,0.19,12,-500,0,0,0,1,0,49475,1867,41046,6.949
9570,65,0.158,0.0946,0.015,7.09,0,0,-257703,0,2.067,23.39,-514.3,-3600,0.87,0.19,12,-500,0,0,0,1,0,49495,1879,41049,7.059
9680,66,0.133,0.0962,0.013,7.09,0,0,-257707,0,2.0671,23.393,-512,-3584,0.88,0.2,12,-500,0,0,0,1,0,49489,1911,41051,7.169
9790,67,0.093,0.0946,0.009,7.12,0,0,-257672,0,2.0677,23.41,-510.7,-3575,0.9,0.2,12,-500,0,0,0,1,0,49479,1878,41063,7.279
9900,68,0.117,0.0944,0.011,7.14,0,0,-257668,0,2.0672,23.395,-509.4,-3566,0.91,0.2,12,-500,0,0,0,1,0,49485,1874,41053,7.389
10010,69,0.133,0.0942,0.013,7.11,0,0,-257695,0,2.0669,23.387,-508.3,-3558,0.92,0.2,12,-500,0,0,0,1,0,49489,1870,41047,7.499
10120,70,0.065,0.0943,0.006,7.09,0,0,-257704,0,2.0672,23.395,-507,-3549,0.93,0.2,12,-500,0,0,0,1,0,49472,1872,41053,7.609
10230,71,0.089,0.0944,0.008,7.04,0,0,-257749,0,2.0671,23.393,-506.3,-3544,0.93,0.2,12,-500,0,0,0,1,0,49478,1874,41051,7.719
10340,72,0.033,0.095,0.003,7,0,0,-257769,0,2.067,23.39,-505.6,-3539,0.95,0.21,12,-500,0,0,0,1,0,49464,1886,41049,7.829
10450,73,0.105,0.0948,0.01,7.01,0,0,-257749,0,2.0671,23.391,-504.9,-3534,0.94,0.21,12,-500,0,0,0,1,0,49482,1883,41050,7.939
10560,74,0.129,0.0944,0.012,7.01,0,0,-257756,0,2.0671,23.393,-504.6,-3532,0.93,0.2,12,-500,0,0,0,1,0,49488,1874,41051,8.049
10670,75,0.045,0.0949,0.004,7.03,0,0,-257740,0,2.0673,23.398,-504.1,-3529,0.94,0.21,12,-500,0,0,0,1,0,49467,1884,41055,8.159
10780,76,0.089,0.0952,0.008,7.11,0,0,-257668,0,2.0673,23.398,-503.6,-3525,0.95,0.21,12,-500,0,0,0,1,0,49478,1890,41055,8.269
10890,77,0.093,0.0948,0.009,7.06,0,0,-257736,0,2.067,23.39,-503.3,-3523,0.97,0.21,12,-500,0,0,0,1,0,49479,1883,41049,8.379
11000,78,0.041,0.0951,0.004,7.04,0,0,-257740,0,2.0673,23.397,-502.9,-3520,0.98,0.21,12,-500,0,0,0,1,0,49466,1888,41054,8.489
11110,79,0.125,0.0949,0.012,7.03,0,0,-257742,0,2.0671,23.393,-502.3,-3516,0.98,0.21,12,-500,0,0,0,1,0,49487,1885,41051,8.599
11220,80,0.093,0.096,0.009,7.02,0,0,-257748,0,2.0672,23.395,-502.3,-3516,0.98,0.21,12,-500,0,0,0,1,0,49479,1907,41053,8.709
11330,81,0.109,0.0956,0.01,7.06,0,0,-257716,0,2.0673,23.397,-501.6,-3511,0.98,0.21,12,-500,0,0,0,1,0,49483,1898,41054,8.819
11440,82,0.089,0.0948,0.008,7.06,0,0,-257717,0,2.067,23.39,-501.3,-3509,0.98,0.21,12,-500,0,0,0,1,0,49478,1883,41049,8.929
11550,83,0.113,0.095,0.011,7.04,0,0,-257740,0,2.0674,23.4,-501.1,-3508,0.98,0.21,12,-500,0,0,0,1,0,49484,1887,41056,9.039
11660,84,0.061,0.0935,0.006,7.04,0,0,-257732,0,2.0671,23.393,-500.9,-3506,0.99,0.22,12,-500,0,0,0,1,0,49471,1856,41051,9.149
11770,85,0.037,0.095,0.003,7.06,0,0,-257722,0,2.067,23.39,-501,-3507,0.99,0.21,12,-500,0,0,0,1,0,49465,1887,41049,9.259
11880,86,0.065,0.0947,0.006,7.08,0,0,-257704,0,2.0673,23.398,-500.4,-3503,0.98,0.21,12,-500,0,0,0,1,0,49472,1881,41055,9.369
11990,87,0.105,0.0944,0.01,7.07,0,0,-257714,0,2.0671,23.393,-500.9,-3506,0.98,0.21,12,-500,0,0,0,1,0,49482,1874,41051,9.479
12100,88,0.008,0.094,0.001,7.07,0,0,-257716,0,2.067,23.39,-500.7,-3505,0.99,0.21,12,-500,0,0,0,1,0,49458,1867,41049,9.589
12210,89,0.037,0.095,0.003,7.03,0,0,-257755,0,2.0671,23.391,-500.7,-3505,0.99,0.22,12,-500,0,0,0,1,0,49465,1887,41050,9.699
12320,90,0.109,0.0958,0.01,7.03,0,0,-257739,0,2.0667,23.38,-500.4,-3503,0.99,0.22,12,-500,0,0,0,1,0,49483,1902,41042,9.809
12430,91,0.085,0.0941,0.008,7.06,0,0,-257712,0,2.0674,23.4,-500.1,-3501,0.98,0.22,12,-500,0,0,0,1,0,49477,1869,41056,9.919
12540,92,0.008,0.0948,0.001,7.12,0,0,-257668,0,2.0669,23.386,-500,-3500,0.99,0.21,12,-500,0,0,0,1,0,49458,1883,41046,10.029
12650,93,0.141,0.0949,0.013,7.11,0,0,-257688,0,2.067,23.388,-500.4,-3503,0.99,0.22,12,-500,0,0,0,1,0,49491,1885,41048,10.139
12760,94,0.113,0.0942,0.011,7.05,0,0,-257746,0,2.0666,23.377,-499.9,-3499,0.99,0.22,12,-500,0,0,0,1,0,49484,1871,41040,10.249
12870,95,0.097,0.0947,0.009,7.1,0,0,-257685,0,2.0669,23.386,-500.1,-3501,0.99,0.22,12,-500,0,0,0,1,0,49480,1881,41046,10.359
12980,96,0.045,0.0949,0.004,7.1,0,0,-257692,0,2.0666,23.377,-500.3,-3502,0.98,0.21,12,-500,0,0,0,1,0,49467,1885,41040,10.469
13090,97,0.049,0.0945,0.005,7.07,0,0,-257724,0,2.0669,23.387,-500.1,-3501,0.98,0.21,12,-500,0,0,0,1,0,49468,1877,41047,10.579
13200,98,0.053,0.0944,0.005,7.08,0,0,-257704,0,2.0673,23.398,-500.4,-3503,0.98,0.21,12,-500,0,0,0,1,0,49469,1875,41055,10.689
13310,99,0.025,0.0953,0.002,7.14,0,0,-257658,0,2.0674,23.401,-500.6,-3504,0.98,0.21,12,-500,0,0,0,1,0,49462,1893,41057,10.799
13420,100,0.012,0.0954,0.001,7.08,0,0,-257720,0,2.067,23.39,-500.6,-3504,0.99,0.21,12,-500,0,0,0,1,0,49459,1894,41049,10.909
13530,101,0.069,0.0933,0.006,7.04,0,0,-257745,0,2.0672,23.394,-500.6,-3504,0.99,0.21,12,-500,0,0,0,1,0,49473,1853,41052,11.019
13640,102,0.093,0.0946,0.009,7.1,0,0,-257681,0,2.0671,23.393,-500.3,-3502,0.97,0.21,12,-500,0,0,0,1,0,49479,1879,41051,11.129
13750,103,0.085,0.0953,0.008,7.11,0,0,-257685,0,2.0672,23.394,-500,-3500,0.99,0.21,12,-500,0,0,0,1,0,49477,1893,41052,11.239
13860,104,0.061,0.0958,0.006,7.06,0,0,-257737,0,2.067,23.388,-500,-3500,0.99,0.21,12,-500,0,0,0,1,0,49471,1903,41048,11.349
13970,105,0.041,0.0949,0.004,7.08,0,0,-257700,0,2.0671,23.393,-499.7,-3498,0.99,0.21,12,-500,0,0,0,1,0,49466,1884,41051,11.459
14080,106,0.073,0.0956,0.007,7.12,0,0,-257672,0,2.067,23.388,-500,-3500,0.99,0.21,12,-500,0,0,0,1,0,49474,1898,41048,11.569
14190,107,0.093,0.0958,0.009,7.09,0,0,-257712,0,2.0673,23.398,-499.9,-3499,0.99,0.21,12,-500,0,0,0,1,0,49479,1903,41055,11.679
14300,108,0.069,0.0952,0.007,7.08,0,0,-257712,0,2.067,23.388,-499.7,-3498,0.98,0.21,12,-500,0,0,0,1,0,49473,1891,41048,11.789
14410,109,0.057,0.0931,0.005,7.15,0,0,-257643,0,2.0671,23.391,-500.1,-3501,0.99,0.21,12,-500,0,0,0,1,0,49470,1848,41050,11.899
14520,110,0.133,0.0972,0.013,7.21,0,0,-257605,0,2.0672,23.394,-499.9,-3499,0.98,0.21,12,-500,0,0,0,1,0,49489,1930,41052,12.009
14630,111,0.061,0.095,0.006,7.09,0,0,-257733,0,2.0672,23.395,-500.3,-3502,0.99,0.22,12,-500,0,0,0,1,0,49471,1886,41053,12.119
14740,112,0.085,0.0946,0.008,7.13,0,0,-257663,0,2.0669,23.386,-500.1,-3501,0.99,0.22,12,-500,0,0,0,1,0,49477,1879,41046,12.229
14850,113,0.081,0.0924,0.007,7.13,0,0,-257678,0,2.0671,23.393,-500,-3500,0.99,0.22,12,-500,0,0,0,1,0,49476,1835,41051,12.339
14960,114,0.097,0.0954,0.009,7.11,0,0,-257699,0,2.0669,23.386,-500.4,-3503,0.99,0.21,12,-500,0,0,0,1,0,49480,1894,41046,12.449
15070,115,0.033,0.0964,0.003,7.08,0,0,-257714,0,2.067,23.388,-499.6,-3497,0.99,0.22,12,-500,0,0,0,1,0,49464,1915,41048,12.559
15180,116,0.101,0.095,0.01,7.12,0,0,-257671,0,2.0669,23.386,-499.4,-3496,1,0.22,12,-500,0,0,0,1,0,49481,1887,41046,12.669
15290,117,0.085,0.0952,0.008,7.09,0,0,-257713,0,2.0673,23.398,-499.9,-3499,1,0.22,12,-500,0,0,0,1,0,49477,1891,41055,12.779
15400,118,0.113,0.094,0.011,7.12,0,0,-257676,0,2.0674,23.4,-499.9,-3499,0.99,0.21,12,-500,0,0,0,1,0,49484,1867,41056,12.889
15510,119,0.069,0.0951,0.007,7.13,0,0,-257671,0,2.0671,23.393,-499.7,-3498,1,0.22,12,-500,0,0,0,1,0,49473,1889,41051,12.999
15620,120,0.081,0.0949,0.008,7.07,0,0,-257731,0,2.0668,23.384,-499.7,-3498,0.99,0.21,12,-500,0,0,0,1,0,49476,1885,41045,13.109
15730,121,0.053,0.0967,0.005,6.99,0,0,-257786,0,2.0669,23.387,-500,-3500,1,0.22,12,-500,0,0,0,1,0,49469,1920,41047,13.219
15840,122,0.141,0.0944,0.013,7.02,0,0,-257741,0,2.0671,23.393,-500.3,-3502,0.98,0.21,12,-500,0,0,0,1,0,49491,1875,41051,13.329
15950,123,0.097,0.0951,0.009,7.03,0,0,-257741,0,2.0672,23.395,-500,-3500,0.99,0.21,12,-500,0,0,0,1,0,49480,1888,41053,13.439
16060,124,0.053,0.0953,0.005,7.01,0,0,-257764,0,2.067,23.39,-499.9,-3499,0.98,0.21,12,-500,0,0,0,1,0,49469,1892,41049,13.549
16170,125,0.101,0.0946,0.01,6.99,0,0,-257769,0,2.0671,23.391,-500.1,-3501,0.98,0.21,12,-500,0,0,0,1,0,49481,1878,41050,13.659
16280,126,-0.016,0.0953,-0.001,7.01,0,0,-257751,0,2.0669,23.386,-500.6,-3504,0.98,0.21,12,-500,0,0,0,1,0,49452,1892,41046,13.769
16390,127,0.129,0.0954,0.012,7.04,0,0,-257726,0,2.0668,23.383,-499.9,-3499,1,0.21,12,-500,0,0,0,1,0,49488,1895,41044,13.879
16500,128,0.141,0.0948,0.013,7.03,0,0,-257741,0,2.0671,23.391,-499.6,-3497,0.99,0.21,12,-500,0,0,0,1,0,49491,1882,41050,13.989
16610,129,0.101,0.0943,0.01,6.99,0,0,-257777,0,2.0672,23.394,-499.9,-3499,1,0.21,12,-500,0,0,0,1,0,49481,1873,41052,14.099
16720,130,0.077,0.0953,0.007,6.97,0,0,-257785,0,2.0673,23.397,-499.9,-3499,0.99,0.21,12,-500,0,0,0,1,0,49475,1892,41054,14.209
16830,131,0.105,0.0962,0.01,7.03,0,0,-257730,0,2.0669,23.387,-499.9,-3499,0.98,0.21,12,-500,0,0,0,1,0,49482,1910,41047,14.319
16940,132,0.125,0.0953,0.012,7.05,0,0,-257717,0,2.067,23.388,-500,-3500,0.98,0.21,12,-500,0,0,0,1,0,49487,1892,41048,14.429
17050,133,0.105,0.0948,0.01,7.1,0,0,-257683,0,2.0672,23.395,-500,-3500,1,0.21,12,-500,0,0,0,1,0,49482,1883,41053,14.539
17160,134,0.045,0.0974,0.004,7.08,0,0,-257713,0,2.0669,23.387,-500.1,-3501,1,0.22,12,-500,0,0,0,1,0,49467,1935,41047,14.649
17270,135,0.053,0.0949,0.005,7.05,0,0,-257738,0,2.0671,23.391,-499.7,-3498,1,0.22,12,-500,0,0,0,1,0,49469,1885,41050,14.759
17380,136,0.113,0.0949,0.011,7.05,0,0,-257727,0,2.0672,23.395,-499.7,-3498,0.98,0.21,12,-500,0,0,0,1,0,49484,1884,41053,14.869
17490,137,0.117,0.095,0.011,7.06,0,0,-257715,0,2.0666,23.377,-499.6,-3497,0.99,0.21,12,-500,0,0,0,1,0,49485,1886,41040,14.979
17600,138,0.101,0.0955,0.01,7.03,0,0,-257752,0,2.067,23.39,-500.1,-3501,0.99,0.21,12,-500,0,0,0,1,0,49481,1897,41049,15.089
17710,139,0.081,0.0954,0.008,7.03,0,0,-257745,0,2.0667,23.38,-499.7,-3498,0.99,0.21,12,-500,0,0,0,1,0,49476,1895,41042,15.199
17820,140,0.117,0.0952,0.011,7.03,0,0,-257744,0,2.0671,23.393,-499.7,-3498,0.98,0.21,12,-500,0,0,0,1,0,49485,1891,41051,15.309
17930,141,0.045,0.0944,0.004,7.11,0,0,-257665,0,2.067,23.39,-500,-3500,0.98,0.21,12,-500,0,0,0,1,0,49467,1875,41049,15.419
18040,142,0.093,0.0976,0.009,7.14,0,0,-257660,0,2.0671,23.391,-500,-3500,0.99,0.21,12,-500,0,0,0,1,0,49479,1939,41050,15.529
18150,143,0.137,0.0963,0.013,7.14,0,0,-257674,0,2.0669,23.386,-500,-3500,0.99,0.21,12,-500,0,0,0,1,0,49490,1913,41046,15.639
18260,144,0.137,0.0942,0.013,7.12,0,0,-257688,0,2.0674,23.4,-500.1,-3501,0.99,0.21,12,-500,0,0,0,1,0,49490,1871,41056,15.749
18370,145,0.081,0.0952,0.008,7.06,0,0,-257739,0,2.0664,23.371,-499.9,-3499,0.99,0.21,12,-500,0,0,0,1,0,49476,1890,41036,15.859
18480,146,0.065,0.0949,0.006,7.05,0,0,-257727,0,2.0672,23.395,-500.3,-3502,0.99,0.22,12,-500,0,0,0,1,0,49472,1884,41053,15.969
18590,147,0.133,0.0952,0.013,7.08,0,0,-257699,0,2.0668,23.383,-499.9,-3499,0.98,0.21,12,-500,0,0,0,1,0,49489,1891,41044,16.079
18700,148,0.121,0.0963,0.012,7.13,0,0,-257666,0,2.0672,23.394,-499.9,-3499,0.98,0.21,12,-500,0,0,0,1,0,49486,1912,41052,16.189
18810,149,0.105,0.0953,0.01,7.1,0,0,-257701,0,2.067,23.388,-499.9,-3499,0.98,0.21,12,-500,0,0,0,1,0,49482,1893,41048,16.299
18920,150,0.097,0.0956,0.009,7.13,0,0,-257669,0,2.0674,23.4,-500,-3500,0.99,0.21,12,-500,0,0,0,1,0,49480,1898,41056,16.409
19030,151,0.025,0.0952,0.002,7.17,0,0,-257639,0,2.067,23.39,-499.7,-3498,0.98,0.21,12,-500,0,0,0,1,0,49462,1891,41049,16.519
19140,152,0.085,0.0953,0.008,7.22,0,0,-257608,0,2.0671,23.391,-500,-3500,0.98,0.21,12,-500,0,0,0,1,0,49477,1893,41050,16.629
19250,153,0.093,0.0948,0.009,7.19,0,0,-257649,0,2.0672,23.395,-499.7,-3498,0.98,0.21,12,-500,0,0,0,1,0,49479,1883,41053,16.739
19360,154,0.129,0.0945,0.012,7.06,0,0,-257753,0,2.0672,23.395,-500.3,-3502,0.98,0.21,12,-500,0,0,0,1,0,49488,1876,41053,16.849
19470,155,-0.008,0.0922,-0.001,6.99,0,0,-257784,0,2.0671,23.391,-500.1,-3501,0.98,0.21,12,-500,0,0,0,1,0,49454,1831,41050,16.959
19580,156,0.049,0.0947,0.005,6.99,0,0,-257769,0,2.0671,23.391,-500.3,-3502,0.99,0.21,12,-500,0,0,0,1,0,49468,1881,41050,17.069
19690,157,0.033,0.0932,0.003,7.04,0,0,-257721,0,2.0669,23.387,-500.6,-3504,0.99,0.21,12,-500,0,0,0,1,0,49464,1850,41047,17.179
19800,158,0.033,0.0949,0.003,7.02,0,0,-257755,0,2.0667,23.381,-500.1,-3501,0.98,0.21,12,-500,0,0,0,1,0,49464,1884,41043,17.289
19910,159,0.053,0.0913,0.005,7.07,0,0,-257699,0,2.0672,23.395,-500.3,-3502,0.98,0.21,12,-500,0,0,0,1,0,49469,1814,41053,17.399
20020,160,0.097,0.095,0.009,7.12,0,0,-257671,0,2.0672,23.394,-499.9,-3499,0.99,0.21,12,-500,0,0,0,1,0,49480,1887,41052,17.509
20130,161,0.101,0.093,0.009,7.11,0,0,-257694,0,2.0671,23.393,-499.7,-3498,0.99,0.21,12,-500,0,0,0,1,0,49481,1846,41051,17.619
20240,162,0.073,0.0948,0.007,7.04,0,0,-257753,0,2.067,23.388,-500,-3500,0.99,0.21,12,-500,0,0,0,1,0,49474,1883,41048,17.729
20350,163,0.069,0.097,0.007,7.07,0,0,-257708,0,2.0672,23.395,-499.7,-3498,0.99,0.21,12,-500,0,0,0,1,0,49473,1927,41053,17.839
20460,164,0.093,0.095,0.009,7.05,0,0,-257737,0,2.0669,23.386,-499.9,-3499,0.99,0.21,12,-500,0,0,0,1,0,49479,1887,41046,17.949
20570,165,0.105,0.095,0.01,7.04,0,0,-257741,0,2.0669,23.387,-500.1,-3501,0.97,0.21,12,-500,0,0,0,1,0,49482,1886,41047,18.059
20680,166,0.097,0.0954,0.009,7.06,0,0,-257715,0,2.0668,23.384,-500.1,-3501,0.98,0.21,12,-500,0,0,0,1,0,49480,1894,41045,18.169
20790,167,0.089,0.0964,0.009,7.04,0,0,-257744,0,2.0669,23.387,-500.4,-3503,0.99,0.21,12,-500,0,0,0,1,0,49478,1915,41047,18.279
20900,168,0.069,0.095,0.007,7.07,0,0,-257704,0,2.0666,23.378,-499.7,-3498,0.99,0.21,12,-500,0,0,0,1,0,49473,1887,41041,18.389
21010,169,0.041,0.0944,0.004,7.12,0,0,-257669,0,2.0671,23.391,-499.9,-3499,0.98,0.21,12,-500,0,0,0,1,0,49466,1875,41050,18.499
21120,170,0.037,0.0952,0.003,7.13,0,0,-257670,0,2.0662,23.367,-500,-3500,0.99,0.21,12,-500,0,0,0,1,0,49465,1891,41033,18.609
21230,171,0.113,0.0954,0.011,7.14,0,0,-257664,0,2.0671,23.391,-500.1,-3501,0.98,0.21,12,-500,0,0,0,1,0,49484,1895,41050,18.719
21340,172,0.137,0.0947,0.013,7.08,0,0,-257724,0,2.0672,23.394,-499.4,-3496,0.98,0.21,12,-500,0,0,0,1,0,49490,1881,41052,18.829
21450,173,0.105,0.0957,0.01,7.03,0,0,-257753,0,2.0672,23.394,-499.9,-3499,0.98,0.21,12,-500,0,0,0,1,0,49482,1900,41052,18.939
21560,174,0.101,0.0959,0.01,7.01,0,0,-257764,0,2.0669,23.386,-499.6,-3497,0.98,0.21,12,-500,0,0,0,1,0,49481,1905,41046,19.049
21670,175,0.097,0.0956,0.009,7.04,0,0,-257723,0,2.0672,23.394,-500,-3500,0.98,0.21,12,-500,0,0,0,1,0,49480,1899,41052,19.159
21780,176,0.069,0.0978,0.007,7.02,0,0,-257757,0,2.067,23.388,-499.6,-3497,0.98,0.21,12,-500,0,0,0,1,0,49473,1943,41048,19.269
21890,177,0.089,0.0947,0.008,6.96,0,0,-257800,0,2.0672,23.394,-500.1,-3501,0.98,0.21,12,-500,0,0,0,1,0,49478,1881,41052,19.379
22000,178,0.105,0.0954,0.01,7.01,0,0,-257741,0,2.0673,23.398,-500,-3500,0.99,0.21,12,-500,0,0,0,1,0,49482,1894,41055,19.489
22110,179,0.145,0.0963,0.014,7.02,0,0,-257743,0,2.0668,23.384,-500,-3500,0.99,0.21,12,-500,0,0,0,1,0,49492,1913,41045,19.599
22220,180,0.105,0.0985,0.01,7.09,0,0,-257685,0,2.0671,23.393,-499.3,-3495,0.99,0.21,12,-500,0,0,0,1,0,49482,1956,41051,19.709
22330,181,0.089,0.0953,0.008,7.06,0,0,-257733,0,2.0671,23.391,-499.7,-3498,0.98,0.21,12,-500,0,0,0,1,0,49478,1893,41050,19.819
22440,182,0.121,0.0955,0.012,7.06,0,0,-257719,0,2.0668,23.384,-499.6,-3497,0.99,0.21,12,-500,0,0,0,1,0,49486,1896,41045,19.929
22550,183,0.049,0.0951,0.005,7.07,0,0,-257716,0,2.0667,23.381,-500.1,-3501,0.99,0.21,12,-500,0,0,0,1,0,49468,1889,41043,20.039
22660,184,0.085,0.0951,0.008,7.01,0,0,-257770,0,2.0669,23.387,-499.3,-3495,0.99,0.21,12,-500,0,0,0,1,0,49477,1889,41047,20.149
22770,185,0.004,0.0953,0,7.08,0,0,-257685,0,2.0668,23.383,-499.7,-3498,0.98,0.21,12,-500,0,0,0,1,0,49457,1892,41044,20.259
22880,186,0.117,0.0945,0.011,7.07,0,0,-257724,0,2.067,23.39,-499.7,-3498,0.99,0.21,12,-500,0,0,0,1,0,49485,1876,41049,20.369
22990,187,0.061,0.0947,0.006,7.05,0,0,-257737,0,2.067,23.39,-499.9,-3499,0.98,0.21,12,-500,0,0,0,1,0,49471,1881,41049,20.479
23100,188,0.125,0.0952,0.012,7,0,0,-257771,0,2.0671,23.391,-499.9,-3499,0.98,0.21,12,-500,0,0,0,1,0,49487,1891,41050,20.589
23210,189,0.121,0.099,0.012,7.08,0,0,-257687,0,2.0671,23.391,-500.3,-3502,0.99,0.21,12,-500,0,0,0,1,0,49486,1967,41050,20.699
23320,190,0.141,0.0964,0.014,7.05,0,0,-257738,0,2.067,23.39,-500,-3500,1,0.21,12,-500,0,0,0,1,0,49491,1915,41049,20.809
23430,191,0.129,0.0938,0.012,7.04,0,0,-257742,0,2.0668,23.384,-500.3,-3502,0.99,0.21,12,-500,0,0,0,1,0,49488,1863,41045,20.919
23540,192,0.109,0.0947,0.01,7.01,0,0,-257763,0,2.0672,23.395,-499.6,-3497,0.98,0.21,12,-500,0,0,0,1,0,49483,1880,41053,21.029
23650,193,0.077,0.0954,0.007,6.96,0,0,-257801,0,2.0666,23.378,-499.7,-3498,0.98,0.21,12,-500,0,0,0,1,0,49475,1895,41041,21.139
23760,194,0.073,0.0944,0.007,6.95,0,0,-257796,0,2.0673,23.397,-499.7,-3498,0.99,0.21,12,-500,0,0,0,1,0,49474,1875,41054,21.249
23870,195,0.037,0.0945,0.003,6.97,0,0,-257776,0,2.0671,23.391,-499.7,-3498,0.98,0.21,12,-500,0,0,0,1,0,49465,1877,41050,21.359
23980,196,0.105,0.0947,0.01,7.05,0,0,-257708,0,2.0669,23.387,-499.4,-3496,0.99,0.21,12,-500,0,0,0,1,0,49482,1881,41047,21.469
24090,197,0.105,0.0955,0.01,7.15,0,0,-257635,0,2.0667,23.38,-499.9,-3499,0.98,0.21,12,-500,0,0,0,1,0,49482,1897,41042,21.579
24200,198,0.158,0.0952,0.015,7.17,0,0,-257649,0,2.0669,23.386,-499.6,-3497,1,0.21,12,-500,0,0,0,1,0,49495,1891,41046,21.689
24310,199,0.141,0.0946,0.013,7.15,0,0,-257668,0,2.0673,23.397,-500.1,-3501,0.99,0.21,12,-500,0,0,0,1,0,49491,1879,41054,21.799
24420,200,0.029,0.0903,0.003,7.13,0,0,-257680,0,2.067,23.388,-500,-3500,0.98,0.21,12,-500,0,0,0,1,0,49463,1794,41048,21.909
24530,201,0.081,0.0946,0.008,7.08,0,0,-257721,0,2.0669,23.387,-500.3,-3502,0.99,0.21,12,-500,0,0,0,1,0,49476,1879,41047,22.019
24640,202,0.073,0.0928,0.007,7.09,0,0,-257703,0,2.0668,23.384,-500.6,-3504,0.99,0.21,12,-500,0,0,0,1,0,49474,1842,41045,22.129
24750,203,0.081,0.0951,0.008,7.07,0,0,-257716,0,2.0668,23.384,-500,-3500,0.98,0.21,12,-500,0,0,0,1,0,49476,1889,41045,22.239
24860,204,0.065,0.0944,0.006,7.1,0,0,-257691,0,2.0671,23.391,-500,-3500,0.99,0.22,12,-500,0,0,0,1,0,49472,1875,41050,22.349
24970,205,0.077,0.0951,0.007,7.13,0,0,-257669,0,2.067,23.388,-499.7,-3498,0.98,0.21,12,-500,0,0,0,1,0,49475,1888,41048,22.459
25080,206,0.061,0.0949,0.006,7,0,0,-257796,0,2.067,23.388,-499.7,-3498,0.98,0.21,12,-500,0,0,0,1,0,49471,1885,41048,22.569
25190,207,0.053,0.0948,0.005,7.02,0,0,-257741,0,2.0667,23.381,-500,-3500,0.98,0.21,12,-500,0,0,0,1,0,49469,1882,41043,22.679
25300,208,0.093,0.0955,0.009,7.01,0,0,-257754,0,2.0671,23.393,-499.9,-3499,0.98,0.21,12,-500,0,0,0,1,0,49479,1897,41051,22.789
25410,209,0.061,0.095,0.006,7.02,0,0,-257749,0,2.067,23.39,-499.9,-3499,0.99,0.21,12,-500,0,0,0,1,0,49471,1886,41049,22.899
25520,210,0.101,0.0907,0.009,7.04,0,0,-257729,0,2.0669,23.387,-500.3,-3502,0.98,0.21,12,-500,0,0,0,1,0,49481,1801,41047,23.009
25630,211,0.073,0.094,0.007,7.07,0,0,-257710,0,2.0673,23.397,-500.1,-3501,0.98,0.21,12,-500,0,0,0,1,0,49474,1866,41054,23.119
25740,212,0.069,0.0943,0.006,7.08,0,0,-257706,0,2.0669,23.387,-500.4,-3503,0.98,0.21,12,-500,0,0,0,1,0,49473,1873,41047,23.229
25850,213,0.117,0.0944,0.011,7.11,0,0,-257681,0,2.0671,23.391,-500.3,-3502,0.97,0.21,12,-500,0,0,0,1,0,49485,1875,41050,23.339
25960,214,0.105,0.0946,0.01,7.14,0,0,-257658,0,2.0671,23.393,-500.3,-3502,0.97,0.21,12,-500,0,0,0,1,0,49482,1879,41051,23.449
26070,215,0.109,0.0946,0.01,7.01,0,0,-257794,0,2.0669,23.386,-500.4,-3503,0.97,0.21,12,-500,0,0,0,1,0,49483,1878,41046,23.559
26180,216,0.073,0.0953,0.007,7.06,0,0,-257705,0,2.0665,23.374,-500.3,-3502,0.98,0.21,12,-500,0,0,0,1,0,49474,1892,41038,23.669
26290,217,0.077,0.0952,0.007,7.08,0,0,-257700,0,2.0669,23.386,-499.6,-3497,0.98,0.21,12,-500,0,0,0,1,0,49475,1890,41046,23.779
26400,218,0.061,0.0946,0.006,7.06,0,0,-257726,0,2.067,23.39,-499.9,-3499,0.98,0.21,12,-500,0,0,0,1,0,49471,1878,41049,23.889
26510,219,0.037,0.0939,0.003,7.15,0,0,-257643,0,2.0669,23.386,-499.7,-3498,0.97,0.21,12,-500,0,0,0,1,0,49465,1864,41046,23.999
26620,220,0.065,0.0949,0.006,7.14,0,0,-257674,0,2.0667,23.381,-499.7,-3498,0.99,0.21,12,-500,0,0,0,1,0,49472,1885,41043,24.109
26730,221,0.089,0.0958,0.009,7.12,0,0,-257692,0,2.0673,23.397,-499.7,-3498,0.99,0.21,12,-500,0,0,0,1,0,49478,1902,41054,24.219
26840,222,0.073,0.0936,0.007,7.08,0,0,-257719,0,2.0672,23.394,-500.1,-3501,0.99,0.21,12,-500,0,0,0,1,0,49474,1858,41052,24.329
26950,223,0.105,0.094,0.01,7.06,0,0,-257729,0,2.0671,23.391,-500.3,-3502,0.99,0.21,12,-500,0,0,0,1,0,49482,1866,41050,24.439
27060,224,0.097,0.0988,0.01,7.17,0,0,-257622,0,2.0668,23.383,-500,-3500,0.99,0.21,12,-500,0,0,0,1,0,49480,1962,41044,24.549
27170,225,0.037,0.0946,0.003,7.24,0,0,-257586,0,2.0667,23.38,-499.4,-3496,0.99,0.21,12,-500,0,0,0,1,0,49465,1879,41042,24.659
27280,226,0.081,0.0951,0.008,7.21,0,0,-257634,0,2.0671,23.391,-500.1,-3501,0.99,0.21,12,-500,0,0,0,1,0,49476,1889,41050,24.769
27390,227,0.077,0.0946,0.007,7.1,0,0,-257729,0,2.0672,23.394,-500.1,-3501,0.98,0.21,12,-500,0,0,0,1,0,49475,1878,41052,24.879
27500,228,0.073,0.0944,0.007,7.07,0,0,-257724,0,2.0666,23.378,-500.1,-3501,0.97,0.21,12,-500,0,0,0,1,0,49474,1874,41041,24.989
27610,229,0.065,0.0948,0.006,7.07,0,0,-257718,0,2.0673,23.397,-499.7,-3498,0.97,0.21,12,-500,0,0,0,1,0,49472,1883,41054,25.099
27720,230,0.069,0.0944,0.007,7.03,0,0,-257751,0,2.067,23.39,-499.9,-3499,0.98,0.21,12,-500,0,0,0,1,0,49473,1874,41049,25.209
27830,231,0.041,0.0948,0.004,7.06,0,0,-257711,0,2.0672,23.395,-499.9,-3499,0.99,0.21,12,-500,0,0,0,1,0,49466,1883,41053,25.319
27940,232,0.129,0.0993,0.013,7.12,0,0,-257670,0,2.0671,23.391,-499.9,-3499,0.98,0.21,12,-500,0,0,0,1,0,49488,1973,41050,25.429
28050,233,0.105,0.0941,0.01,7.09,0,0,-257706,0,2.0666,23.377,-500,-3500,0.97,0.21,12,-500,0,0,0,1,0,49482,1868,41040,25.539
28160,234,0.041,0.0947,0.004,7.07,0,0,-257721,0,2.067,23.39,-500.1,-3501,0.97,0.21,12,-500,0,0,0,1,0,49466,1881,41049,25.649
28270,235,0.057,0.094,0.005,7.1,0,0,-257692,0,2.0668,23.384,-500.3,-3502,0.98,0.21,12,-500,0,0,0,1,0,49470,1866,41045,25.759
28380,236,0.081,0.0921,0.007,7.06,0,0,-257733,0,2.0671,23.391,-500.1,-3501,0.98,0.21,12,-500,0,0,0,1,0,49476,1829,41050,25.869
28490,237,0.049,0.0935,0.005,7.14,0,0,-257648,0,2.0673,23.398,-499.6,-3497,0.98,0.21,12,-500,0,0,0,1,0,49468,1856,41055,25.979
28600,238,0.081,0.0932,0.008,7.16,0,0,-257652,0,2.0671,23.391,-499.3,-3495,0.99,0.21,12,-500,0,0,0,1,0,49476,1851,41050,26.089
28710,239,0.101,0.0946,0.01,7.15,0,0,-257668,0,2.0669,23.387,-499.9,-3499,0.98,0.21,12,-500,0,0,0,1,0,49481,1879,41047,26.199
28820,240,0.097,0.0952,0.009,7.14,0,0,-257669,0,2.0671,23.391,-499.9,-3499,0.98,0.21,12,-500,0,0,0,1,0,49480,1891,41050,26.309
28930,241,0.073,0.0917,0.007,7.04,0,0,-257760,0,2.0671,23.391,-499.7,-3498,0.99,0.21,12,-500,0,0,0,1,0,49474,1821,41050,26.419
29040,242,0.117,0.0936,0.011,7.04,0,0,-257739,0,2.0671,23.393,-500,-3500,0.99,0.21,12,-500,0,0,0,1,0,49485,1859,41051,26.529
29150,243,0.105,0.0945,0.01,7.08,0,0,-257693,0,2.0667,23.381,-499.9,-3499,0.99,0.21,12,-500,0,0,0,1,0,49482,1876,41043,26.639
29260,244,0.004,0.0962,0,7.12,0,0,-257677,0,2.0667,23.381,-500,-3500,0.98,0.21,12,-500,0,0,0,1,0,49457,1910,41043,26.749
29370,245,0.049,0.0961,0.005,7.12,0,0,-257679,0,2.0669,23.387,-500.3,-3502,0.98,0.21,12,-500,0,0,0,1,0,49468,1908,41047,26.859
29480,246,0.077,0.1023,0.008,7.2,0,0,-257606,0,2.0669,23.386,-500,-3500,0.98,0.21,12,-500,0,0,0,1,0,49475,2031,41046,26.969
29590,247,0.081,0.0945,0.008,7.23,0,0,-257604,0,2.0668,23.384,-500.3,-3502,0.98,0.21,12,-500,0,0,0,1,0,49476,1877,41045,27.079
29700,248,0.077,0.0943,0.007,7.18,0,0,-257662,0,2.067,23.39,-499.9,-3499,0.97,0.21,12,-500,0,0,0,1,0,49475,1872,41049,27.189
29810,249,0.113,0.0946,0.011,7.15,0,0,-257674,0,2.0671,23.393,-499.9,-3499,0.98,0.21,12,-500,0,0,0,1,0,49484,1878,41051,27.299
29920,250,0.041,0.0947,0.004,7.13,0,0,-257683,0,2.0669,23.386,-499.9,-3499,0.97,0.21,12,-500,0,0,0,1,0,49466,1880,41046,27.409
30030,251,0.089,0.0946,0.008,7.15,0,0,-257653,0,2.0671,23.391,-499.7,-3498,0.98,0.21,12,-500,0,0,0,1,0,49478,1879,41050,27.519
30140,252,0.105,0.0959,0.01,7.14,0,0,-257676,0,2.0671,23.391,-499.9,-3499,0.97,0.21,12,-500,0,0,0,1,0,49482,1905,41050,27.629
30250,253,0.077,0.0942,0.007,7.07,0,0,-257731,0,2.0672,23.395,-500,-3500,0.98,0.21,12,-500,0,0,0,1,0,49475,1870,41053,27.739
30360,254,0.049,0.0948,0.005,7.1,0,0,-257686,0,2.0671,23.393,-499.9,-3499,0.98,0.21,12,-500,0,0,0,1,0,49468,1883,41051,27.849
30470,255,0.073,0.0944,0.007,7.12,0,0,-257674,0,2.0668,23.383,-500.1,-3501,0.97,0.21,12,-500,0,0,0,1,0,49474,1874,41044,27.959
30580,256,0.081,0.0958,0.008,7.13,0,0,-257678,0,2.067,23.39,-500,-3500,0.97,0.21,12,-500,0,0,0,1,0,49476,1902,41049,28.069
30690,257,0.129,0.0939,0.012,7.09,0,0,-257713,0,2.0671,23.391,-500.1,-3501,0.98,0.21,12,-500,0,0,0,1,0,49488,1864,41050,28.179
30800,258,0.033,0.0953,0.003,7.15,0,0,-257645,0,2.0671,23.391,-500.3,-3502,0.97,0.21,12,-500,0,0,0,1,0,49464,1893,41050,28.289
30910,259,0.077,0.0937,0.007,7.23,0,0,-257591,0,2.0668,23.384,-500.1,-3501,0.97,0.21,12,-500,0,0,0,1,0,49475,1860,41045,28.399
31020,260,0.037,0.0943,0.003,7.27,0,0,-257569,0,2.067,23.388,-500.3,-3502,0.96,0.21,12,-500,0,0,0,1,0,49465,1872,41048,28.509
31130,261,0.081,0.0935,0.008,7.28,0,0,-257578,0,2.0667,23.381,-499.7,-3498,0.97,0.21,12,-500,0,0,0,1,0,49476,1856,41043,28.619
31240,262,0.073,0.0936,0.007,7.22,0,0,-257631,0,2.0669,23.387,-499.6,-3497,0.97,0.21,12,-500,0,0,0,1,0,49474,1859,41047,28.729
31350,263,0.069,0.0926,0.006,7.18,0,0,-257652,0,2.0668,23.384,-499.9,-3499,0.98,0.21,12,-500,0,0,0,1,0,49473,1838,41045,28.839
31460,264,0.145,0.0943,0.014,7.19,0,0,-257637,0,2.067,23.388,-499.9,-3499,0.98,0.21,12,-500,0,0,0,1,0,49492,1873,41048,28.949
31570,265,0.053,0.0935,0.005,7.2,0,0,-257627,0,2.0671,23.393,-499.7,-3498,0.98,0.21,12,-500,0,0,0,1,0,49469,1856,41051,29.059
31680,266,0.073,0.0925,0.007,7.16,0,0,-257667,0,2.0668,23.384,-499.9,-3499,0.97,0.21,12,-500,0,0,0,1,0,49474,1836,41045,29.169
31790,267,0.041,0.0944,0.004,7.12,0,0,-257698,0,2.0671,23.391,-499.9,-3499,0.97,0.21,12,-500,0,0,0,1,0,49466,1875,41050,29.279
31900,268,0.109,0.0944,0.01,7.1,0,0,-257696,0,2.0667,23.38,-500.3,-3502,0.98,0.21,12,-500,0,0,0,1,0,49483,1875,41042,29.389
32010,269,0.029,0.0927,0.003,7.12,0,0,-257680,0,2.0669,23.387,-499.7,-3498,0.99,0.21,12,-500,0,0,0,1,0,49463,1840,41047,29.499
32120,270,0.133,0.0934,0.012,7.16,0,0,-257645,0,2.0668,23.383,-499.9,-3499,0.97,0.21,12,-500,0,0,0,1,0,49489,1855,41044,29.609
32230,271,0.093,0.0945,0.009,7.11,0,0,-257699,0,2.0671,23.393,-500,-3500,0.97,0.21,12,-500,0,0,0,1,0,49479,1877,41051,29.719
32340,272,0.101,0.0944,0.01,7.21,0,0,-257598,0,2.0673,23.397,-500.6,-3504,0.97,0.21,12,-500,0,0,0,1,0,49481,1874,41054,29.829
32450,273,0.069,0.1008,0.007,7.23,0,0,-257601,0,2.0669,23.386,-499.7,-3498,0.98,0.21,12,-500,0,0,0,1,0,49473,2001,41046,29.939
32560,274,0.105,0.094,0.01,7.12,0,0,-257712,0,2.067,23.388,-499.7,-3498,0.97,0.21,12,-500,0,0,0,1,0,49482,1866,41048,30.049
32670,275,0.065,0.0943,0.006,7.1,0,0,-257703,0,2.0667,23.381,-499.6,-3497,0.99,0.21,12,-500,0,0,0,1,0,49472,1873,41043,30.159
32780,276,0.085,0.0946,0.008,7.09,0,0,-257701,0,2.0671,23.393,-500,-3500,0.98,0.21,12,-500,0,0,0,1,0,49477,1878,41051,30.269
32890,277,0.057,0.0944,0.005,7.12,0,0,-257673,0,2.0669,23.387,-499.7,-3498,0.97,0.21,12,-500,0,0,0,1,0,49470,1874,41047,30.379
33000,278,0.117,0.0944,0.011,7.14,0,0,-257668,0,2.0669,23.387,-499.9,-3499,0.97,0.21,12,-500,0,0,0,1,0,49485,1875,41047,30.489
33110,279,0.057,0.0949,0.005,7.14,0,0,-257672,0,2.0671,23.391,-499.9,-3499,0.98,0.21,12,-500,0,0,0,1,0,49470,1885,41050,30.599
33220,280,0.089,0.0945,0.008,7.12,0,0,-257691,0,2.0669,23.387,-500,-3500,0.99,0.21,12,-500,0,0,0,1,0,49478,1877,41047,30.709
33330,281,0.069,0.094,0.006,7.15,0,0,-257655,0,2.0667,23.38,-499.6,-3497,0.99,0.21,12,-500,0,0,0,1,0,49473,1866,41042,30.819
33440,282,0.093,0.0946,0.009,7.17,0,0,-257640,0,2.0669,23.387,-499.6,-3497,0.98,0.21,12,-500,0,0,0,1,0,49479,1879,41047,30.929
33550,283,0.105,0.0944,0.01,7.2,0,0,-257623,0,2.0667,23.381,-499.6,-3497,0.99,0.21,12,-500,0,0,0,1,0,49482,1874,41043,31.039
33660,284,0.061,0.0936,0.006,7.16,0,0,-257664,0,2.0671,23.391,-500.1,-3501,0.99,0.21,12,-500,0,0,0,1,0,49471,1858,41050,31.149
33770,285,0.125,0.0907,0.011,7.14,0,0,-257677,0,2.0666,23.378,-499.7,-3498,0.98,0.21,12,-500,0,0,0,1,0,49487,1802,41041,31.259
33880,286,0.089,0.1043,0.009,7.14,0,0,-257668,0,2.0671,23.393,-499.6,-3497,0.97,0.21,12,-500,0,0,0,1,0,49478,2072,41051,31.369
33990,287,0.109,0.0941,0.01,7.14,0,0,-257671,0,2.067,23.388,-499.9,-3499,0.98,0.21,12,-500,0,0,0,1,0,49483,1868,41048,31.479
34100,288,0.029,0.0937,0.003,7.11,0,0,-257699,0,2.0671,23.393,-500,-3500,0.98,0.21,12,-500,0,0,0,1,0,49463,1861,41051,31.589
34210,289,0.093,0.0899,0.008,7.19,0,0,-257614,0,2.0667,23.38,-500.1,-3501,0.98,0.21,12,-500,0,0,0,1,0,49479,1785,41042,31.699
34320,290,0.085,0.0937,0.008,7.19,0,0,-257642,0,2.0668,23.384,-500.3,-3502,0.97,0.21,12,-500,0,0,0,1,0,49477,1861,41045,31.809
34430,291,0.053,0.0954,0.005,7.16,0,0,-257660,0,2.0666,23.377,-500.1,-3501,0.98,0.21,12,-500,0,0,0,1,0,49469,1894,41040,31.919
34540,292,0.077,0.094,0.007,7.22,0,0,-257605,0,2.067,23.388,-500.4,-3503,0.98,0.21,12,-500,0,0,0,1,0,49475,1866,41048,32.029
34650,293,0.097,0.092,0.009,7.25,0,0,-257592,0,2.0665,23.374,-499.9,-3499,0.98,0.21,12,-500,0,0,0,1,0,49480,1827,41038,32.139
34760,294,0.077,0.0936,0.007,7.28,0,0,-257574,0,2.0667,23.381,-499.6,-3497,0.98,0.21,12,-500,0,0,0,1,0,49475,1858,41043,32.249
34870,295,0.012,0.094,0.001,7.24,0,0,-257618,0,2.0671,23.393,-499.9,-3499,0.98,0.21,12,-500,0,0,0,1,0,49459,1867,41051,32.359
34980,296,0.061,0.0936,0.006,7.22,0,0,-257621,0,2.0667,23.38,-500,-3500,0.97,0.21,12,-500,0,0,0,1,0,49471,1858,41042,32.469
35090,297,0.057,0.0934,0.005,7.18,0,0,-257659,0,2.0671,23.393,-499.7,-3498,0.97,0.21,12,-500,0,0,0,1,0,49470,1854,41051,32.579
35200,298,0.089,0.0944,0.008,7.19,0,0,-257635,0,2.0672,23.395,-500,-3500,0.96,0.21,12,-500,0,0,0,1,0,49478,1874,41053,32.689
35310,299,0.105,0.0938,0.01,7.15,0,0,-257674,0,2.0671,23.391,-499.6,-3497,0.96,0.21,12,-500,0,0,0,1,0,49482,1862,41050,32.799
35420,300,0.065,0.0946,0.006,7.09,0,0,-257720,0,2.0667,23.38,-500.1,-3501,0.96,0.21,12,-500,0,0,0,1,0,49472,1878,41042,32.909
35530,301,0.065,0.0939,0.006,7.11,0,0,-257680,0,2.067,23.388,-500,-3500,0.97,0.21,12,-500,0,0,0,1,0,49472,1864,41048,33.019
35640,302,0.089,0.094,0.008,7.1,0,0,-257702,0,2.0669,23.387,-500.3,-3502,0.98,0.21,12,-500,0,0,0,1,0,49478,1866,41047,33.129
35750,303,0.073,0.0937,0.007,7.1,0,0,-257694,0,2.067,23.388,-500.6,-3504,0.98,0.21,12,-500,0,0,0,1,0,49474,1861,41048,33.239
35860,304,0.049,0.0946,0.005,7.19,0,0,-257612,0,2.0669,23.386,-500.3,-3502,0.97,0.21,12,-500,0,0,0,1,0,49468,1878,41046,33.349
35970,305,0.109,0.0942,0.01,7.22,0,0,-257613,0,2.067,23.39,-500.3,-3502,0.98,0.21,12,-500,0,0,0,1,0,49483,1870,41049,33.459
36080,306,0.109,0.0943,0.01,7.19,0,0,-257647,0,2.0666,23.378,-499.9,-3499,0.97,0.21,12,-500,0,0,0,1,0,49483,1872,41041,33.569
36190,307,0.097,0.0946,0.009,7.13,0,0,-257689,0,2.0667,23.381,-499.9,-3499,0.97,0.21,12,-500,0,0,0,1,0,49480,1878,41043,33.679
36300,308,0.093,0.0939,0.009,7.1,0,0,-257702,0,2.0669,23.387,-500,-3500,0.96,0.21,12,-500,0,0,0,1,0,49479,1865,41047,33.789
36410,309,0.145,0.0932,0.014,7.17,0,0,-257633,0,2.0669,23.387,-499.9,-3499,0.96,0.21,12,-500,0,0,0,1,0,49492,1850,41047,33.899
36520,310,0.093,0.0932,0.009,7.16,0,0,-257662,0,2.0666,23.378,-500,-3500,0.97,0.21,12,-500,0,0,0,1,0,49479,1850,41041,34.009
36630,311,0.125,0.0928,0.012,7.13,0,0,-257684,0,2.0669,23.387,-500.4,-3503,0.97,0.21,12,-500,0,0,0,1,0,49487,1843,41047,34.119
36740,312,0.097,0.0939,0.009,7.15,0,0,-257654,0,2.0668,23.383,-500.1,-3501,0.96,0.21,12,-500,0,0,0,1,0,49480,1864,41044,34.229
36850,313,0.129,0.0943,0.012,7.2,0,0,-257620,0,2.0668,23.383,-500.3,-3502,0.97,0.21,12,-500,0,0,0,1,0,49488,1873,41044,34.339
36960,314,0.149,0.0936,0.014,7.17,0,0,-257660,0,2.0669,23.387,-500,-3500,0.97,0.21,12,-500,0,0,0,1,0,49493,1858,41047,34.449
37070,315,0.101,0.0941,0.01,7.18,0,0,-257641,0,2.0669,23.386,-500.3,-3502,0.95,0.21,12,-500,0,0,0,1,0,49481,1869,41046,34.559
37180,316,0.077,0.0935,0.007,7.22,0,0,-257610,0,2.0668,23.383,-500.3,-3502,0.96,0.21,12,-500,0,0,0,1,0,49475,1856,41044,34.669
37290,317,0.109,0.0949,0.01,7.19,0,0,-257647,0,2.0673,23.397,-500.3,-3502,0.95,0.21,12,-500,0,0,0,1,0,49483,1885,41054,34.779
37400,318,0.113,0.0943,0.011,7.09,0,0,-257728,0,2.0668,23.383,-499.6,-3497,0.96,0.21,12,-500,0,0,0,1,0,49484,1872,41044,34.889
37510,319,0.117,0.0921,0.011,7.18,0,0,-257617,0,2.0671,23.393,-499.9,-3499,0.96,0.21,12,-500,0,0,0,1,0,49485,1830,41051,34.999
37620,320,0.101,0.094,0.01,7.2,0,0,-257623,0,2.0673,23.397,-499.7,-3498,0.97,0.21,12,-500,0,0,0,1,0,49481,1866,41054,35.109
37730,321,0.041,0.0952,0.004,7.18,0,0,-257651,0,2.0671,23.391,-499.9,-3499,0.97,0.21,12,-500,0,0,0,1,0,49466,1891,41050,35.219
37840,322,0.085,0.0941,0.008,7.12,0,0,-257695,0,2.067,23.388,-499.4,-3496,0.97,0.21,12,-500,0,0,0,1,0,49477,1869,41048,35.329
37950,323,0.089,0.0937,0.008,7.11,0,0,-257696,0,2.0667,23.38,-500.1,-3501,0.97,0.21,12,-500,0,0,0,1,0,49478,1861,41042,35.439
38060,324,0.073,0.0935,0.007,7.14,0,0,-257657,0,2.067,23.39,-500,-3500,0.98,0.21,12,-500,0,0,0,1,0,49474,1856,41049,35.549
38170,325,0.149,0.0934,0.014,7.16,0,0,-257652,0,2.067,23.39,-500,-3500,0.98,0.21,12,-500,0,0,0,1,0,49493,1855,41049,35.659
38280,326,0.113,0.0933,0.011,7.15,0,0,-257668,0,2.067,23.388,-499.3,-3495,0.97,0.21,12,-500,0,0,0,1,0,49484,1853,41048,35.769
38390,327,0.057,0.0936,0.005,7.18,0,0,-257632,0,2.0668,23.383,-499.9,-3499,0.96,0.21,12,-500,0,0,0,1,0,49470,1858,41044,35.879
38500,328,0.158,0.0935,0.015,7.16,0,0,-257659,0,2.0669,23.387,-499.6,-3497,0.98,0.21,12,-500,0,0,0,1,0,49495,1857,41047,35.989
38610,329,0.057,0.0937,0.005,7.14,0,0,-257677,0,2.0668,23.383,-500.1,-3501,0.97,0.21,12,-500,0,0,0,1,0,49470,1860,41044,36.099
38720,330,0.049,0.0951,0.005,7.12,0,0,-257688,0,2.0672,23.394,-499.4,-3496,0.97,0.21,12,-500,0,0,0,1,0,49468,1889,41052,36.209
38830,331,0.085,0.0943,0.008,7.15,0,0,-257657,0,2.0667,23.38,-499.6,-3497,0.96,0.21,12,-500,0,0,0,1,0,49477,1872,41042,36.319
38940,332,0.053,0.0953,0.005,7.16,0,0,-257652,0,2.0672,23.394,-499.6,-3497,0.97,0.21,12,-500,0,0,0,1,0,49469,1893,41052,36.429
39050,333,0.121,0.09,0.011,7.22,0,0,-257604,0,2.067,23.39,-499.9,-3499,0.97,0.21,12,-500,0,0,0,1,0,49486,1787,41049,36.539
39160,334,0.057,0.0935,0.005,7.22,0,0,-257617,0,2.0666,23.378,-499.9,-3499,0.97,0.21,12,-500,0,0,0,1,0,49470,1857,41041,36.649
39270,335,0.061,0.092,0.006,7.16,0,0,-257673,0,2.0665,23.376,-500.3,-3502,0.97,0.21,12,-500,0,0,0,1,0,49471,1828,41039,36.759
39380,336,0.117,0.0932,0.011,7.19,0,0,-257629,0,2.0668,23.384,-500,-3500,0.98,0.21,12,-500,0,0,0,1,0,49485,1851,41045,36.869
39490,337,0.117,0.0939,0.011,7.18,0,0,-257651,0,2.0669,23.386,-500.1,-3501,0.96,0.21,12,-500,0,0,0,1,0,49485,1865,41046,36.979
39600,338,0.041,0.094,0.004,7.17,0,0,-257650,0,2.067,23.388,-499.6,-3497,0.95,0.21,12,-500,0,0,0,1,0,49466,1866,41048,37.089
39710,339,0.061,0.0937,0.006,7.18,0,0,-257642,0,2.0672,23.395,-499.7,-3498,0.96,0.21,12,-500,0,0,0,1,0,49471,1861,41053,37.199
39820,340,0.077,0.0934,0.007,7.23,0,0,-257597,0,2.0668,23.384,-499.9,-3499,0.97,0.21,12,-500,0,0,0,1,0,49475,1854,41045,37.309
39930,341,0.049,0.0906,0.004,7.2,0,0,-257636,0,2.0671,23.393,-500,-3500,0.96,0.21,12,-500,0,0,0,1,0,49468,1799,41051,37.419
40040,342,0.105,0.0935,0.01,7.16,0,0,-257665,0,2.0668,23.383,-499.4,-3496,0.96,0.21,12,-500,0,0,0,1,0,49482,1857,41044,37.529
40150,343,0.025,0.0932,0.002,7.15,0,0,-257668,0,2.0672,23.395,-500,-3500,0.96,0.2,12,-500,0,0,0,1,0,49462,1851,41053,37.639
40260,344,0.077,0.0931,0.007,7.14,0,0,-257669,0,2.0668,23.384,-499.7,-3498,0.97,0.21,12,-500,0,0,0,1,0,49475,1848,41045,37.749
40370,345,0.037,0.0935,0.003,7.11,0,0,-257696,0,2.067,23.39,-500.3,-3502,0.96,0.21,12,-500,0,0,0,1,0,49465,1856,41049,37.859
40480,346,0.069,0.0939,0.006,7.15,0,0,-257654,0,2.0666,23.377,-500.3,-3502,0.95,0.21,12,-500,0,0,0,1,0,49473,1865,41040,37.969
40590,347,0.077,0.0938,0.007,7.17,0,0,-257647,0,2.0671,23.393,-500.3,-3502,0.96,0.21,12,-500,0,0,0,1,0,49475,1862,41051,38.079
40700,348,0.065,0.0934,0.006,7.1,0,0,-257717,0,2.067,23.388,-500.6,-3504,0.97,0.21,12,-500,0,0,0,1,0,49472,1855,41048,38.189
40810,349,0.049,0.0926,0.005,7.08,0,0,-257715,0,2.0667,23.381,-500.3,-3502,0.96,0.21,12,-500,0,0,0,1,0,49468,1838,41043,38.299
40920,350,0.109,0.094,0.01,7.21,0,0,-257591,0,2.0668,23.384,-500.1,-3501,0.96,0.21,12,-500,0,0,0,1,0,49483,1866,41045,38.409
41030,351,0.073,0.092,0.007,7.15,0,0,-257679,0,2.0667,23.381,-499.9,-3499,0.97,0.21,12,-500,0,0,0,1,0,49474,1828,41043,38.519
41140,352,0.121,0.0939,0.011,7.11,0,0,-257705,0,2.0671,23.391,-499.7,-3498,0.96,0.21,12,-500,0,0,0,1,0,49486,1864,41050,38.629
41250,353,0.089,0.0938,0.008,7.11,0,0,-257690,0,2.067,23.388,-499.9,-3499,0.97,0.21,12,-500,0,0,0,1,0,49478,1863,41048,38.739
41360,354,0.061,0.0931,0.006,7.18,0,0,-257625,0,2.0663,23.37,-499.7,-3498,0.96,0.21,12,-500,0,0,0,1,0,49471,1849,41035,38.849
41470,355,0.053,0.0938,0.005,7.24,0,0,-257590,0,2.0668,23.384,-499.7,-3498,0.96,0.21,12,-500,0,0,0,1,0,49469,1862,41045,38.959
41580,356,0.041,0.094,0.004,7.26,0,0,-257589,0,2.0669,23.387,-500.3,-3502,0.95,0.21,12,-500,0,0,0,1,0,49466,1866,41047,39.069
41690,357,0.049,0.0936,0.005,7.22,0,0,-257630,0,2.0669,23.386,-500,-3500,0.95,0.21,12,-500,0,0,0,1,0,49468,1859,41046,39.179
41800,358,0.089,0.0933,0.008,7.16,0,0,-257675,0,2.0668,23.384,-500.1,-3501,0.96,0.21,12,-500,0,0,0,1,0,49478,1852,41045,39.289
41910,359,0.085,0.0978,0.008,7.2,0,0,-257618,0,2.067,23.39,-500.1,-3501,0.95,0.21,12,-500,0,0,0,1,0,49477,1942,41049,39.399
42020,360,0.085,0.0939,0.008,7.22,0,0,-257610,0,2.0669,23.387,-500.3,-3502,0.95,0.21,12,-500,0,0,0,1,0,49477,1864,41047,39.509
42130,361,0.041,0.0932,0.004,7.27,0,0,-257574,0,2.0668,23.383,-500.4,-3503,0.96,0.21,12,-500,0,0,0,1,0,49466,1851,41044,39.619
42240,362,0.085,0.0955,0.008,7.24,0,0,-257608,0,2.0667,23.381,-500.3,-3502,0.96,0.21,12,-500,0,0,0,1,0,49477,1896,41043,39.729
42350,363,0.021,0.0939,0.002,7.23,0,0,-257619,0,2.0671,23.391,-499.6,-3497,0.96,0.21,12,-500,0,0,0,1,0,49461,1864,41050,39.839
42460,364,0.121,0.0922,0.011,7.21,0,0,-257630,0,2.067,23.39,-500,-3500,0.96,0.2,12,-500,0,0,0,1,0,49486,1832,41049,39.949
42570,365,-0.104,0.0935,-0.01,7.16,0,0,-257672,0,2.0671,23.393,-499.9,-3499,0.95,0.21,12,-500,0,0,0,1,0,49430,1857,41051,40.059
42680,366,0.045,0.0926,0.004,7.2,0,0,-257623,0,2.0671,23.391,-500,-3500,0.95,0.21,12,-500,0,0,0,1,0,49467,1839,41050,40.169
42790,367,0.045,0.0918,0.004,7.14,0,0,-257686,0,2.0671,23.391,-499.7,-3498,0.95,0.2,12,-500,0,0,0,1,0,49467,1823,41050,40.279
42900,368,0.029,0.0939,0.003,7.13,0,0,-257677,0,2.0669,23.387,-500.1,-3501,0.94,0.2,12,-500,0,0,0,1,0,49463,1865,41047,40.389
43010,369,0.049,0.0983,0.005,7.17,0,0,-257642,0,2.0668,23.384,-500.3,-3502,0.95,0.21,12,-500,0,0,0,1,0,49468,1952,41045,40.499
43120,370,0.117,0.0948,0.011,7.21,0,0,-257610,0,2.0669,23.387,-500.1,-3501,0.96,0.2,12,-500,0,0,0,1,0,49485,1883,41047,40.609
43230,371,0,0.0936,0,7.24,0,0,-257601,0,2.0665,23.376,-499.6,-3497,0.95,0.21,12,-500,0,0,0,1,0,49456,1858,41039,40.719
43340,372,0.105,0.0938,0.01,7.27,0,0,-257578,0,2.0669,23.387,-500.1,-3501,0.95,0.2,12,-500,0,0,0,1,0,49482,1863,41047,40.829
43450,373,0.004,0.0935,0,7.18,0,0,-257665,0,2.0666,23.378,-500.1,-3501,0.94,0.21,12,-500,0,0,0,1,0,49457,1856,41041,40.939
43560,374,0.101,0.0915,0.009,7.15,0,0,-257671,0,2.0669,23.387,-500,-3500,0.95,0.21,12,-500,0,0,0,1,0,49481,1817,41047,41.049
43670,375,0.021,0.0923,0.002,7.11,0,0,-257700,0,2.0668,23.383,-499.7,-3498,0.95,0.2,12,-500,0,0,0,1,0,49461,1833,41044,41.159
43780,376,0.085,0.0948,0.008,7.18,0,0,-257627,0,2.0672,23.394,-499.9,-3499,0.95,0.2,12,-500,0,0,0,1,0,49477,1882,41052,41.269
43890,377,0.037,0.0913,0.003,7.19,0,0,-257632,0,2.0664,23.373,-499.9,-3499,0.94,0.2,12,-500,0,0,0,1,0,49465,1813,41037,41.379
44000,378,0.145,0.0934,0.014,7.19,0,0,-257639,0,2.067,23.388,-500,-3500,0.94,0.2,12,-500,0,0,0,1,0,49492,1855,41048,41.489
44110,379,0.065,0.0931,0.006,7.29,0,0,-257548,0,2.067,23.388,-499.9,-3499,0.94,0.2,12,-500,0,0,0,1,0,49472,1849,41048,41.599
44220,380,0.069,0.0936,0.006,7.27,0,0,-257593,0,2.0671,23.391,-500.1,-3501,0.94,0.2,12,-500,0,0,0,1,0,49473,1859,41050,41.709
44330,381,0.093,0.0944,0.009,7.26,0,0,-257593,0,2.0668,23.384,-500.1,-3501,0.95,0.21,12,-500,0,0,0,1,0,49479,1874,41045,41.819
44440,382,0.008,0.0931,0.001,7.27,0,0,-257586,0,2.0668,23.383,-500,-3500,0.95,0.21,12,-500,0,0,0,1,0,49458,1848,41044,41.929
44550,383,0.093,0.0934,0.009,7.3,0,0,-257560,0,2.0669,23.386,-499.6,-3497,0.95,0.2,12,-500,0,0,0,1,0,49479,1854,41046,42.039
44660,384,0.101,0.094,0.01,7.29,0,0,-257576,0,2.0667,23.381,-499.4,-3496,0.95,0.21,12,-500,0,0,0,1,0,49481,1867,41043,42.149
44770,385,0.061,0.0934,0.006,7.2,0,0,-257658,0,2.0669,23.387,-499.9,-3499,0.97,0.21,12,-500,0,0,0,1,0,49471,1855,41047,42.259
44880,386,0.057,0.0928,0.005,7.21,0,0,-257618,0,2.0664,23.373,-499.6,-3497,0.96,0.2,12,-500,0,0,0,1,0,49470,1843,41037,42.369
44990,387,0.089,0.0929,0.008,7.25,0,0,-257588,0,2.067,23.39,-499.4,-3496,0.96,0.21,12,-500,0,0,0,1,0,49478,1845,41049,42.479
45100,388,0.053,0.0947,0.005,7.22,0,0,-257623,0,2.067,23.388,-499.9,-3499,0.95,0.2,12,-500,0,0,0,1,0,49469,1881,41048,42.589
45210,389,0.097,0.0931,0.009,7.2,0,0,-257638,0,2.0669,23.387,-499.9,-3499,0.96,0.2,12,-500,0,0,0,1,0,49480,1849,41047,42.699
45320,390,0.097,0.0976,0.009,7.15,0,0,-257679,0,2.067,23.388,-500.3,-3502,0.95,0.2,12,-500,0,0,0,1,0,49480,1938,41048,42.809
45430,391,0.041,0.0932,0.004,7.11,0,0,-257704,0,2.0671,23.391,-500.4,-3503,0.94,0.2,12,-500,0,0,0,1,0,49466,1851,41050,42.919
45540,392,-0.004,0.0935,0,7.09,0,0,-257706,0,2.0669,23.386,-500.3,-3502,0.95,0.2,12,-500,0,0,0,1,0,49455,1856,41046,43.029
45650,393,0.113,0.093,0.011,7.2,0,0,-257600,0,2.0668,23.383,-500.4,-3503,0.96,0.21,12,-500,0,0,0,1,0,49484,1847,41044,43.139
45760,394,0.049,0.0934,0.005,7.21,0,0,-257623,0,2.0669,23.387,-500.1,-3501,0.95,0.2,12,-500,0,0,0,1,0,49468,1854,41047,43.249
45870,395,0.117,0.093,0.011,7.24,0,0,-257594,0,2.0669,23.387,-499.9,-3499,0.95,0.2,12,-500,0,0,0,1,0,49485,1846,41047,43.359
45980,396,0.105,0.0934,0.01,7.18,0,0,-257662,0,2.0667,23.38,-500,-3500,0.95,0.2,12,-500,0,0,0,1,0,49482,1854,41042,43.469
46090,397,0.117,0.0913,0.011,7.2,0,0,-257627,0,2.0669,23.386,-499.7,-3498,0.95,0.2,12,-500,0,0,0,1,0,49485,1813,41046,43.579
46200,398,0.105,0.093,0.01,7.24,0,0,-257594,0,2.0669,23.387,-499.9,-3499,0.95,0.2,12,-500,0,0,0,1,0,49482,1846,41047,43.689
46310,399,0.097,0.0935,0.009,7.21,0,0,-257631,0,2.0671,23.393,-499.6,-3497,0.94,0.2,12,-500,0,0,0,1,0,49480,1856,41051,43.799
46420,400,0.045,0.0934,0.004,7.15,0,0,-257685,0,2.0669,23.386,-499.7,-3498,0.94,0.2,12,-500,0,0,0,1,0,49467,1854,41046,43.909
46530,401,0.021,0.0936,0.002,7.13,0,0,-257683,0,2.067,23.388,-500,-3500,0.96,0.2,12,-500,0,0,0,1,0,49461,1858,41048,44.019
46640,402,0.049,0.0911,0.004,7.16,0,0,-257649,0,2.0672,23.394,-499.9,-3499,0.95,0.2,12,-500,0,0,0,1,0,49468,1809,41052,44.129
46750,403,0.017,0.0931,0.002,7.19,0,0,-257629,0,2.0668,23.384,-500.1,-3501,0.96,0.2,12,-500,0,0,0,1,0,49460,1848,41045,44.239
46860,404,0.057,0.0923,0.005,7.17,0,0,-257656,0,2.0668,23.384,-500.1,-3501,0.95,0.2,12,-500,0,0,0,1,0,49470,1833,41045,44.349
46970,405,0.037,0.094,0.003,7.16,0,0,-257655,0,2.0669,23.387,-500.1,-3501,0.95,0.2,12,-500,0,0,0,1,0,49465,1866,41047,44.459
47080,406,0.045,0.0926,0.004,7.16,0,0,-257660,0,2.0668,23.384,-500.6,-3504,0.94,0.2,12,-500,0,0,0,1,0,49467,1839,41045,44.569
47190,407,0.037,0.093,0.003,7.16,0,0,-257653,0,2.0669,23.387,-499.9,-3499,0.94,0.2,12,-500,0,0,0,1,0,49465,1847,41047,44.679
47300,408,0.053,0.0907,0.005,7.14,0,0,-257674,0,2.0665,23.376,-499.6,-3497,0.95,0.2,12,-500,0,0,0,1,0,49469,1802,41039,44.789
47410,409,0.065,0.0939,0.006,7.14,0,0,-257666,0,2.0671,23.393,-499.9,-3499,0.95,0.2,12,-500,0,0,0,1,0,49472,1865,41051,44.899
47520,410,0.017,0.0918,0.002,7.2,0,0,-257616,0,2.0666,23.378,-499.7,-3498,0.94,0.2,12,-500,0,0,0,1,0,49460,1823,41041,45.009
47630,411,0.089,0.0977,0.009,7.22,0,0,-257615,0,2.0669,23.386,-499.7,-3498,0.96,0.2,12,-500,0,0,0,1,0,49478,1941,41046,45.119
47740,412,0.053,0.0928,0.005,7.19,0,0,-257646,0,2.0668,23.384,-499.7,-3498,0.95,0.2,12,-500,0,0,0,1,0,49469,1843,41045,45.229
47850,413,0.053,0.0941,0.005,7.2,0,0,-257625,0,2.0667,23.38,-499.9,-3499,0.95,0.2,12,-500,0,0,0,1,0,49469,1869,41042,45.339
47960,414,0.077,0.0932,0.007,7.2,0,0,-257629,0,2.0669,23.386,-500.1,-3501,0.95,0.2,12,-500,0,0,0,1,0,49475,1851,41046,45.449
48070,415,0.061,0.0935,0.006,7.14,0,0,-257690,0,2.0664,23.371,-499.9,-3499,0.95,0.2,12,-500,0,0,0,1,0,49471,1857,41036,45.559
48180,416,0.061,0.093,0.006,7.12,0,0,-257688,0,2.0671,23.391,-499.7,-3498,0.94,0.2,12,-500,0,0,0,1,0,49471,1847,41050,45.669
48290,417,0.069,0.0934,0.006,7.16,0,0,-257641,0,2.0669,23.387,-500,-3500,0.95,0.2,12,-500,0,0,0,1,0,49473,1854,41047,45.779
48400,418,0.053,0.0925,0.005,7.1,0,0,-257715,0,2.0669,23.387,-500.4,-3503,0.95,0.2,12,-500,0,0,0,1,0,49469,1837,41047,45.889
48510,419,0.117,0.093,0.011,7.17,0,0,-257628,0,2.0666,23.378,-499.7,-3498,0.94,0.2,12,-500,0,0,0,1,0,49485,1846,41041,45.999
48620,420,0.053,0.0928,0.005,7.18,0,0,-257642,0,2.0673,23.398,-499.7,-3498,0.94,0.2,12,-500,0,0,0,1,0,49469,1842,41055,46.109
48730,421,0.077,0.0928,0.007,7.16,0,0,-257658,0,2.0669,23.386,-499.7,-3498,0.94,0.2,12,-500,0,0,0,1,0,49475,1842,41046,46.219
48840,422,0.081,0.0926,0.007,7.26,0,0,-257561,0,2.0671,23.391,-500.1,-3501,0.94,0.2,12,-500,0,0,0,1,0,49476,1839,41050,46.329
48950,423,0.109,0.0929,0.01,7.26,0,0,-257594,0,2.0668,23.384,-499.9,-3499,0.94,0.2,12,-500,0,0,0,1,0,49483,1844,41045,46.439
49060,424,0.041,0.0898,0.004,7.21,0,0,-257635,0,2.067,23.39,-499.9,-3499,0.94,0.2,12,-500,0,0,0,1,0,49466,1784,41049,46.549
49170,425,0.053,0.0933,0.005,7.18,0,0,-257649,0,2.0668,23.383,-500,-3500,0.96,0.2,12,-500,0,0,0,1,0,49469,1852,41044,46.659
49280,426,0.057,0.0932,0.005,7.14,0,0,-257681,0,2.0671,23.391,-500.1,-3501,0.96,0.2,12,-500,0,0,0,1,0,49470,1850,41050,46.769
49390,427,0.065,0.0931,0.006,7.09,0,0,-257719,0,2.0668,23.383,-499.7,-3498,0.96,0.2,12,-500,0,0,0,1,0,49472,1848,41044,46.879
49500,428,0.085,0.0897,0.008,7.11,0,0,-257687,0,2.0668,23.384,-499.6,-3497,0.95,0.2,12,-500,0,0,0,1,0,49477,1781,41045,46.989
49610,429,0.069,0.0929,0.006,7.14,0,0,-257659,0,2.0671,23.391,-499.6,-3497,0.95,0.2,12,-500,0,0,0,1,0,49473,1845,41050,47.099
49720,430,0.069,0.0937,0.006,7.15,0,0,-257665,0,2.0669,23.387,-500.3,-3502,0.95,0.2,12,-500,0,0,0,1,0,49473,1860,41047,47.209
49830,431,0.061,0.0895,0.005,7.18,0,0,-257634,0,2.067,23.388,-499.6,-3497,0.95,0.2,12,-500,0,0,0,1,0,49471,1778,41048,47.319
49940,432,0.033,0.0928,0.003,7.15,0,0,-257673,0,2.0667,23.381,-499.6,-3497,0.95,0.2,12,-500,0,0,0,1,0,49464,1843,41043,47.429
50050,433,0.081,0.0916,0.007,7.15,0,0,-257665,0,2.0671,23.391,-499.9,-3499,0.95,0.2,12,-500,0,0,0,1,0,49476,1820,41050,47.539
50160,434,0.004,0.093,0,7.16,0,0,-257655,0,2.0669,23.386,-500,-3500,0.95,0.2,12,-500,0,0,0,1,0,49457,1847,41046,47.649
50270,435,0.065,0.096,0.006,7.21,0,0,-257611,0,2.0671,23.391,-500,-3500,0.95,0.2,12,-500,0,0,0,1,0,49472,1907,41050,47.759
50380,436,0.125,0.0904,0.011,7.26,0,0,-257575,0,2.0669,23.387,-500.4,-3503,0.94,0.2,12,-500,0,0,0,1,0,49487,1796,41047,47.869
50490,437,0.025,0.0932,0.002,7.2,0,0,-257645,0,2.0668,23.383,-500,-3500,0.94,0.2,12,-500,0,0,0,1,0,49462,1851,41044,47.979
50600,438,0.053,0.0916,0.005,7.17,0,0,-257657,0,2.0669,23.387,-500.3,-3502,0.94,0.2,12,-500,0,0,0,1,0,49469,1820,41047,48.089
50710,439,0.073,0.0929,0.007,7.17,0,0,-257651,0,2.0666,23.378,-499.9,-3499,0.95,0.2,12,-500,0,0,0,1,0,49474,1845,41041,48.199
50820,440,0.097,0.0919,0.009,7.16,0,0,-257656,0,2.0667,23.381,-499.7,-3498,0.95,0.2,12,-500,0,0,0,1,0,49480,1825,41043,48.309
50930,441,0.037,0.0921,0.003,7.22,0,0,-257600,0,2.0669,23.386,-499.7,-3498,0.96,0.2,12,-500,0,0,0,1,0,49465,1830,41046,48.419
51040,442,0.029,0.0923,0.003,7.19,0,0,-257644,0,2.0669,23.387,-499.7,-3498,0.95,0.2,12,-500,0,0,0,1,0,49463,1833,41047,48.529
51150,443,0.021,0.0921,0.002,7.17,0,0,-257656,0,2.0668,23.384,-499.7,-3498,0.96,0.2,12,-500,0,0,0,1,0,49461,1829,41045,48.639
51260,444,0.021,0.0917,0.002,7.17,0,0,-257650,0,2.0669,23.387,-499.9,-3499,0.95,0.2,12,-500,0,0,0,1,0,49461,1821,41047,48.749
51370,445,0.025,0.0925,0.002,7.14,0,0,-257680,0,2.0667,23.381,-499.7,-3498,0.95,0.2,12,-500,0,0,0,1,0,49462,1837,41043,48.859
51480,446,0.129,0.0951,0.012,7.16,0,0,-257650,0,2.0668,23.383,-500,-3500,0.96,0.21,12,-500,0,0,0,1,0,49488,1888,41044,48.969
51590,447,0.057,0.0922,0.005,7.17,0,0,-257649,0,2.067,23.39,-500,-3500,0.95,0.2,12,-500,0,0,0,1,0,49470,1832,41049,49.079
51700,448,0.037,0.0928,0.003,7.1,0,0,-257711,0,2.0669,23.387,-500.4,-3503,0.95,0.21,12,-500,0,0,0,1,0,49465,1843,41047,49.189
51810,449,0.033,0.0919,0.003,7.15,0,0,-257651,0,2.0668,23.384,-500.4,-3503,0.95,0.2,12,-500,0,0,0,1,0,49464,1826,41045,49.299
51920,450,0.065,0.0922,0.006,7.22,0,0,-257601,0,2.0657,23.351,-500.3,-3502,0.95,0.21,12,-500,0,0,0,1,0,49472,1832,41022,49.409
52030,451,0.053,0.0928,0.005,7.22,0,0,-257617,0,2.0667,23.381,-500.3,-3502,0.96,0.21,12,-500,0,0,0,1,0,49469,1842,41043,49.519
52140,452,0.093,0.0924,0.009,7.24,0,0,-257596,0,2.0669,23.386,-499.7,-3498,0.96,0.2,12,-500,0,0,0,1,0,49479,1835,41046,49.629
52250,453,0.077,0.0901,0.007,7.22,0,0,-257620,0,2.067,23.388,-499.7,-3498,0.96,0.2,12,-500,0,0,0,1,0,49475,1790,41048,49.739
52360,454,0.097,0.0923,0.009,7.22,0,0,-257621,0,2.0668,23.383,-499.9,-3499,0.95,0.21,12,-500,0,0,0,1,0,49480,1833,41044,49.849
52470,455,0.137,0.0898,0.012,7.17,0,0,-257665,0,2.0672,23.394,-499.7,-3498,0.95,0.2,12,-500,0,0,0,1,0,49490,1784,41052,49.959
52580,456,0.045,0.0928,0.004,7.17,0,0,-257647,0,2.0668,23.383,-499.9,-3499,0.95,0.2,12,-500,0,0,0,1,0,49467,1842,41044,50.069
52690,457,0.061,0.0927,0.006,7.18,0,0,-257640,0,2.067,23.39,-500.3,-3502,0.95,0.2,12,-500,0,0,0,1,0,49471,1840,41049,50.179
52800,458,0.069,0.0926,0.006,7.17,0,0,-257658,0,2.0666,23.378,-500,-3500,0.94,0.2,12,-500,0,0,0,1,0,49473,1839,41041,50.289
52910,459,0.033,0.0927,0.003,7.22,0,0,-257604,0,2.067,23.39,-500.1,-3501,0.95,0.21,12,-500,0,0,0,1,0,49464,1840,41049,50.399
53020,460,0.057,0.0923,0.005,7.23,0,0,-257604,0,2.0669,23.386,-500,-3500,0.95,0.2,12,-500,0,0,0,1,0,49470,1833,41046,50.509
53130,461,0.025,0.093,0.002,7.21,0,0,-257635,0,2.0664,23.371,-500.3,-3502,0.95,0.2,12,-500,0,0,0,1,0,49462,1846,41036,50.619
53240,462,0.141,0.0904,0.013,7.24,0,0,-257596,0,2.0669,23.386,-500.3,-3502,0.95,0.2,12,-500,0,0,0,1,0,49491,1796,41046,50.729
53350,463,0.053,0.0916,0.005,7.19,0,0,-257651,0,2.0669,23.387,-500.3,-3502,0.96,0.2,12,-500,0,0,0,1,0,49469,1820,41047,50.839
53460,464,0.097,0.0917,0.009,7.17,0,0,-257659,0,2.0671,23.391,-499.6,-3497,0.96,0.21,12,-500,0,0,0,1,0,49480,1822,41050,50.949
53570,465,0.081,0.093,0.008,7.12,0,0,-257698,0,2.0665,23.376,-499.9,-3499,0.96,0.2,12,-500,0,0,0,1,0,49476,1846,41039,51.059
53680,466,0.049,0.0962,0.005,7.1,0,0,-257700,0,2.0672,23.394,-499.7,-3498,0.95,0.21,12,-500,0,0,0,1,0,49468,1911,41052,51.169
53790,467,0.073,0.0921,0.007,7.16,0,0,-257640,0,2.0668,23.384,-499.7,-3498,0.95,0.21,12,-500,0,0,0,1,0,49474,1829,41045,51.279
53900,468,0.061,0.0921,0.006,7.19,0,0,-257630,0,2.0671,23.391,-499.6,-3497,0.95,0.2,12,-500,0,0,0,1,0,49471,1830,41050,51.389
54010,469,0.125,0.0924,0.012,7.15,0,0,-257674,0,2.0667,23.38,-500.1,-3501,0.94,0.2,12,-500,0,0,0,1,0,49487,1835,41042,51.499
54120,470,0.041,0.092,0.004,7.11,0,0,-257696,0,2.0669,23.386,-500.1,-3501,0.95,0.21,12,-500,0,0,0,1,0,49466,1827,41046,51.609
54230,471,0.008,0.0922,0.001,7.15,0,0,-257657,0,2.0669,23.387,-500.1,-3501,0.95,0.2,12,-500,0,0,0,1,0,49458,1831,41047,51.719
54340,472,0.053,0.0921,0.005,7.12,0,0,-257692,0,2.0669,23.387,-499.3,-3495,0.96,0.21,12,-500,0,0,0,1,0,49469,1830,41047,51.829
54450,473,0.089,0.0927,0.008,7.11,0,0,-257695,0,2.0666,23.378,-499.9,-3499,0.96,0.2,12,-500,0,0,0,1,0,49478,1841,41041,51.939
54560,474,0.077,0.0926,0.007,7.11,0,0,-257684,0,2.0669,23.386,-499.9,-3499,0.97,0.21,12,-500,0,0,0,1,0,49475,1838,41046,52.049
54670,475,0.113,0.0924,0.01,7.13,0,0,-257669,0,2.067,23.388,-500,-3500,0.96,0.21,12,-500,0,0,0,1,0,49484,1835,41048,52.159
54780,476,0.057,0.0899,0.005,7.19,0,0,-257622,0,2.0669,23.386,-499.4,-3496,0.95,0.2,12,-500,0,0,0,1,0,49470,1785,41046,52.269
54890,477,0.113,0.0917,0.01,7.21,0,0,-257619,0,2.0671,23.391,-499.7,-3498,0.95,0.2,12,-500,0,0,0,1,0,49484,1821,41050,52.379
55000,478,0.109,0.092,0.01,7.18,0,0,-257656,0,2.067,23.388,-499.7,-3498,0.97,0.21,12,-500,0,0,0,1,0,49483,1828,41048,52.489
55110,479,0.085,0.0938,0.008,7.08,0,0,-257733,0,2.0669,23.387,-499.9,-3499,0.96,0.2,12,-500,0,0,0,1,0,49477,1863,41047,52.599
55220,480,0.081,0.0922,0.007,7.13,0,0,-257665,0,2.0668,23.383,-499.7,-3498,0.96,0.21,12,-500,0,0,0,1,0,49476,1832,41044,52.709
55330,481,-0.008,0.0919,-0.001,7.11,0,0,-257692,0,2.067,23.39,-500.1,-3501,0.96,0.21,12,-500,0,0,0,1,0,49454,1826,41049,52.819
55440,482,0.041,0.0897,0.004,7.16,0,0,-257640,0,2.0668,23.383,-500,-3500,0.97,0.21,12,-500,0,0,0,1,0,49466,1781,41044,52.929
55550,483,0.053,0.0932,0.005,7.22,0,0,-257605,0,2.0668,23.384,-500.1,-3501,0.97,0.21,12,-500,0,0,0,1,0,49469,1850,41045,53.039
55660,484,0.041,0.0917,0.004,7.17,0,0,-257668,0,2.0671,23.393,-499.6,-3497,0.96,0.21,12,-500,0,0,0,1,0,49466,1821,41051,53.149
55770,485,0.093,0.0921,0.009,7.13,0,0,-257689,0,2.0672,23.394,-499.7,-3498,0.96,0.21,12,-500,0,0,0,1,0,49479,1829,41052,53.259
55880,486,0.117,0.0922,0.011,7.11,0,0,-257695,0,2.067,23.388,-499.7,-3498,0.96,0.21,12,-500,0,0,0,1,0,49485,1832,41048,53.369
55990,487,0.049,0.0918,0.004,7.12,0,0,-257683,0,2.067,23.39,-499.9,-3499,0.95,0.21,12,-500,0,0,0,1,0,49468,1824,41049,53.479
56100,488,0.117,0.0914,0.011,7.15,0,0,-257653,0,2.067,23.39,-499.4,-3496,0.96,0.21,12,-500,0,0,0,1,0,49485,1816,41049,53.589
56210,489,0.101,0.0945,0.01,7.18,0,0,-257637,0,2.067,23.39,-499.7,-3498,0.97,0.21,12,-500,0,0,0,1,0,49481,1877,41049,53.699
56320,490,0.101,0.0918,0.009,7.2,0,0,-257627,0,2.0667,23.38,-499.7,-3498,0.97,0.21,12,-500,0,0,0,1,0,49481,1824,41042,53.809
56430,491,0.085,0.0921,0.008,7.19,0,0,-257639,0,2.0667,23.38,-500,-3500,0.96,0.21,12,-500,0,0,0,1,0,49477,1830,41042,53.919
56540,492,0.121,0.0926,0.011,7.18,0,0,-257647,0,2.0666,23.378,-500,-3500,0.96,0.21,12,-500,0,0,0,1,0,49486,1838,41041,54.029
56650,493,0.037,0.0941,0.003,7.12,0,0,-257699,0,2.0671,23.391,-500.3,-3502,0.97,0.21,12,-500,0,408,0,1,0,49465,1869,41050,54.139
56760,494,0.117,0.0934,0.011,7.13,0,0,-257672,0,2.0669,23.387,-500.3,-3502,0.97,0.21,12,-500,0,408,0,1,0,49485,1855,41047,54.249
56870,495,0.125,0.0939,0.012,7.15,0,0,-257661,0,2.0668,23.384,-500.1,-3501,0.95,0.21,12,-500,0,408,0,1,0,49487,1865,41045,54.359
56980,496,0.121,0.091,0.011,7.18,0,0,-257634,0,2.067,23.39,-499.9,-3499,0.95,0.2,12,-500,0,408,0,1,0,49486,1807,41049,54.469
57090,497,0.077,0.0929,0.007,7.16,0,0,-257664,0,2.0671,23.391,-500.1,-3501,0.93,0.2,12,-500,0,408,0,1,0,49475,1844,41050,54.579
57200,498,0.101,0.09,0.009,7.14,0,0,-257676,0,2.0666,23.378,-500,-3500,0.93,0.2,12,-500,0,408,0,1,0,49481,1788,41041,54.689
57310,499,0.153,0.0927,0.014,7.15,0,0,-257664,0,2.067,23.388,-500.4,-3503,0.92,0.19,12,-500,0,408,0,1,0,49494,1841,41048,54.799
57420,500,0.113,0.095,0.011,7.16,0,0,-257649,0,2.0671,23.393,-500.3,-3502,0.91,0.19,12,-500,0,408,0,1,0,49484,1886,41051,54.909
57530,501,0.037,0.1092,0.004,7.19,0,0,-257626,0,2.0668,23.383,-500.3,-3502,0.91,0.19,12,-500,0,408,0,1,0,49465,2168,41044,55.019
57640,502,0.073,0.1152,0.008,7.15,0,0,-257673,0,2.067,23.388,-500.6,-3504,0.9,0.19,12,-500,0,408,0,1,0,49474,2287,41048,55.129
57750,503,0.085,0.1242,0.011,7.19,0,0,-257623,0,2.0668,23.383,-500.6,-3504,0.9,0.19,12,-500,0,408,0,1,0,49477,2466,41044,55.239
57860,504,0.004,0.1345,0.001,7.2,0,0,-257631,0,2.0673,23.398,-500.7,-3505,0.9,0.19,12,-500,0,408,0,1,0,49457,2671,41055,55.349
57970,505,0.113,0.147,0.017,7.18,0,0,-257653,0,2.0671,23.391,-500.6,-3504,0.89,0.19,12,-500,0,408,0,1,0,49484,2919,41050,55.459
58080,506,0.101,0.1602,0.016,7.16,0,0,-257661,0,2.067,23.388,-500.7,-3505,0.89,0.19,12,-500,0,408,0,1,0,49481,3182,41048,55.569
58190,507,0.129,0.176,0.023,7.14,0,0,-257680,0,2.0669,23.386,-500.6,-3504,0.9,0.19,12,-500,0,408,0,1,0,49488,3495,41046,55.679
58300,508,0.017,0.1896,0.003,7.18,0,0,-257630,0,2.0667,23.38,-500.4,-3503,0.89,0.19,12,-500,0,408,0,1,0,49460,3765,41042,55.789
58410,509,0.017,0.2039,0.003,7.17,0,0,-257649,0,2.0668,23.383,-499.9,-3499,0.9,0.19,12,-500,0,408,0,1,0,49460,4049,41044,55.899
58520,510,-0.12,0.2199,-0.026,7.17,0,0,-257652,0,2.0671,23.393,-500.1,-3501,0.9,0.19,12,-500,0,408,0,1,0,49426,4368,41051,56.009
58630,511,0.041,0.2358,0.01,7.21,0,0,-257614,0,2.0667,23.381,-500.1,-3501,0.89,0.19,12,-500,0,408,0,1,0,49466,4683,41043,56.119
58740,512,0.081,0.2524,0.02,7.19,0,0,-257647,0,2.067,23.39,-500.1,-3501,0.89,0.19,12,-500,0,408,0,1,0,49476,5013,41049,56.229
58850,513,0.109,0.2757,0.03,7.18,0,0,-257643,0,2.0668,23.383,-499.9,-3499,0.89,0.19,12,-500,0,408,0,1,0,49483,5475,41044,56.339
58960,514,0.053,0.2834,0.015,7.2,0,0,-257626,0,2.0668,23.384,-500.1,-3501,0.89,0.19,12,-500,0,408,0,1,0,49469,5628,41045,56.449
59070,515,0.073,0.3042,0.022,7.25,0,0,-257587,0,2.0668,23.383,-500.1,-3501,0.9,0.19,12,-500,0,408,0,1,0,49474,6041,41044,56.559
59180,516,0.085,0.3214,0.027,7.25,0,0,-257597,0,2.0671,23.393,-500.3,-3502,0.9,0.19,12,-500,0,408,0,1,0,49477,6382,41051,56.669
59290,517,0.081,0.3348,0.027,7.25,0,0,-257596,0,2.067,23.39,-499.4,-3496,0.89,0.19,12,-500,0,408,0,1,0,49476,6649,41049,56.779
59400,518,-0.016,0.3485,-0.005,7.26,0,0,-257585,0,2.067,23.39,-499.9,-3499,0.89,0.19,12,-500,0,408,0,1,0,49452,6921,41049,56.889
59510,519,0.149,0.3623,0.054,7.2,0,0,-257647,0,2.0673,23.397,-499.6,-3497,0.9,0.19,12,-500,0,408,0,1,0,49493,7194,41054,56.999
59620,520,0.073,0.3725,0.027,7.18,0,0,-257648,0,2.0672,23.394,-500.3,-3502,0.89,0.19,12,-500,0,408,0,1,0,49474,7397,41052,57.109
59730,521,0.101,0.3894,0.039,7.19,0,0,-257632,0,2.0669,23.387,-499.9,-3499,0.89,0.19,12,-500,0,408,0,1,0,49481,7733,41047,57.219
59840,522,0.153,0.402,0.062,7.28,0,0,-257553,0,2.0666,23.378,-499.9,-3499,0.88,0.19,12,-500,0,408,0,1,0,49494,7984,41041,57.329
59950,523,0.045,0.4128,0.018,7.21,0,0,-257642,0,2.067,23.39,-500,-3500,0.88,0.19,12,-500,0,408,0,1,0,49467,8197,41049,57.439
60060,524,0.057,0.4215,0.024,7.21,0,0,-257625,0,2.0669,23.386,-500.1,-3501,0.87,0.18,12,-500,0,408,0,1,0,49470,8370,41046,57.549
60170,525,0.033,0.4341,0.014,7.24,0,0,-257598,0,2.0671,23.393,-500.1,-3501,0.89,0.19,12,-500,0,408,0,1,0,49464,8620,41051,57.659
60280,526,0.109,0.4439,0.048,7.18,0,0,-257657,0,2.0668,23.383,-500.3,-3502,0.88,0.19,12,-500,0,408,0,1,0,49483,8816,41044,57.769
60390,527,0.097,0.4494,0.044,7.18,0,0,-257647,0,2.0671,23.391,-500.3,-3502,0.9,0.19,12,-500,0,408,0,1,0,49480,8924,41050,57.879
60500,528,0.174,0.4607,0.08,7.26,0,0,-257569,0,2.0668,23.384,-500.3,-3502,0.88,0.19,12,-500,0,408,0,1,0,49499,9149,41045,57.989
60610,529,0.049,0.4691,0.023,7.3,0,0,-257553,0,2.0673,23.398,-499.9,-3499,0.88,0.19,12,-500,0,408,0,1,0,49468,9316,41055,58.099
60720,530,0.109,0.4757,0.052,7.22,0,0,-257639,0,2.0667,23.38,-499.7,-3498,0.88,0.19,12,-500,0,408,0,1,0,49483,9446,41042,58.209
60830,531,0.049,0.4868,0.024,7.21,0,0,-257626,0,2.0672,23.395,-499.9,-3499,0.89,0.19,12,-500,0,408,0,1,0,49468,9667,41053,58.319
60940,532,0.077,0.4959,0.038,7.12,0,0,-257710,0,2.0671,23.393,-500,-3500,0.88,0.19,12,-500,0,408,0,1,0,49475,9848,41051,58.429
61050,533,0.065,0.5012,0.033,7.13,-750,0,-257670,0,2.067,23.388,-499.9,-3499,0.88,0.19,12,-500,0,408,0,1,0,49472,9954,41048,58.539
61160,534,0.049,0.5027,0.025,7.15,-750,0,-257661,0,2.0669,23.386,-500,-3500,0.89,0.19,12,-500,0,408,0,1,0,49468,9983,41046,58.649
61270,535,0.057,0.51,0.029,7.22,-750,0,-257600,0,2.0672,23.394,-499.9,-3499,0.89,0.19,12,-500,0,408,0,1,0,49470,10128,41052,58.759
61380,536,0.149,0.5187,0.078,7.33,-750,0,-257511,0,2.067,23.39,-500.3,-3502,0.88,0.19,12,-500,0,408,0,1,0,49493,10301,41049,58.869
61490,537,0.081,0.5229,0.042,7.29,-750,0,-257583,0,2.0671,23.391,-500.1,-3501,0.89,0.19,12,-500,0,408,0,1,0,49476,10384,41050,58.979
61600,538,0.029,0.5262,0.015,7.19,-750,0,-257662,0,2.067,23.39,-500.1,-3501,0.88,0.19,12,-500,0,408,0,1,0,49463,10450,41049,59.089
61710,539,0.053,0.5322,0.028,7.15,-750,0,-257672,0,2.0664,23.373,-500.4,-3503,0.88,0.19,12,-500,0,408,0,1,0,49469,10570,41037,59.199
61820,540,0.012,0.5382,0.007,7.16,-750,0,-257652,0,2.0669,23.387,-500.1,-3501,0.88,0.19,12,-500,0,408,0,1,0,49459,10688,41047,59.309
61930,541,-0.036,0.5414,-0.019,7.23,-750,0,-257593,0,2.0672,23.394,-500.3,-3502,0.89,0.19,12,-500,0,408,0,1,0,49447,10751,41052,59.419
62040,542,0.069,0.5459,0.038,7.24,-750,0,-257606,0,2.0671,23.393,-499.7,-3498,0.89,0.19,12,-500,0,408,0,1,0,49473,10841,41051,59.529
62150,543,0.033,0.5495,0.018,7.2,-750,0,-257637,0,2.0672,23.394,-499.9,-3499,0.88,0.19,12,-500,0,408,0,1,0,49464,10913,41052,59.639
62260,544,0.109,0.5547,0.061,7.2,-750,0,-257632,0,2.0669,23.387,-500.1,-3501,0.88,0.19,12,-500,0,408,0,1,0,49483,11016,41047,59.749
62370,545,0.109,0.5573,0.061,7.2,-750,0,-257632,0,2.0667,23.38,-499.9,-3499,0.88,0.18,12,-500,0,408,0,1,0,49483,11068,41042,59.859
62480,546,0.057,0.5606,0.032,7.15,-750,0,-257676,0,2.0668,23.383,-499.9,-3499,0.89,0.19,12,-500,0,408,0,1,0,49470,11133,41044,59.969
62590,547,0.073,0.5627,0.041,7.21,-750,0,-257612,0,2.0671,23.391,-500.1,-3501,0.89,0.19,12,-500,0,408,0,1,0,49474,11175,41050,60.079
62700,548,0.077,0.5669,0.044,7.31,-750,0,-257532,0,2.0669,23.386,-500,-3500,0.89,0.19,12,-500,0,408,0,1,0,49475,11259,41046,60.189
62810,549,0.061,0.5686,0.035,7.29,-750,-757.29,-257573,0,2.0668,23.384,-500.1,-3501,0.9,0.19,12,-500,-1023,408,1,1,16,49471,11291,41045,60.299
62920,550,0.109,0.5683,0.062,7.13,-750,-757.13,-257724,0,2.0641,23.309,-499.9,-3499,0.89,0.19,12,-500,-1023,408,1,1,16,49483,11286,40992,60.409
63030,551,0.025,0.5757,0.014,5.04,-750,-755.04,-259621,0,2.0552,23.056,-500.3,-3502,0.89,0.19,12,-500,-1023,408,1,1,16,49462,11433,40814,60.519
63140,552,0.077,0.5766,0.044,-0.55,-750,-749.45,-264246,0,2.0476,22.842,-500.4,-3503,0.89,0.19,12,-500,-1023,408,1,1,16,49475,11451,40663,60.629
63250,553,0.089,0.576,0.051,-5.26,-750,-744.74,-267066,0,2.0336,22.448,-500.3,-3502,0.88,0.19,12,-500,-1023,408,1,1,16,49478,11439,40386,60.739
63360,554,0.089,0.5759,0.051,-9.9,-750,-740.1,-270068,0,2.0246,22.193,-499.7,-3498,0.88,0.19,12,-500,-1023,408,1,1,16,49478,11436,40206,60.849
63470,555,0.069,0.5818,0.04,-11,-750,-739,-269797,0,2.0144,21.906,-500,-3500,0.87,0.19,12,-500,-1023,408,1,1,16,49473,11555,40004,60.959
63580,556,-0.044,0.5815,-0.026,-12.9,-750,-737.1,-271256,0,2.0066,21.686,-499.9,-3499,0.88,0.19,12,-500,-1023,408,1,1,16,49445,11548,39849,61.069
63690,557,0.137,0.5838,0.08,-14.4,-750,-735.6,-272123,0,1.9953,21.368,-500,-3500,0.89,0.19,12,-500,-1023,408,1,1,16,49490,11593,39625,61.179
63800,558,0.061,0.5837,0.036,-14.52,-750,-735.48,-271821,0,1.9865,21.119,-499.7,-3498,0.89,0.19,12,-500,-1023,408,1,1,16,49471,11591,39450,61.289
63910,559,0.158,0.5836,0.092,-14.8,-750,-735.2,-272041,0,1.9794,20.92,-500.1,-3501,0.89,0.19,12,-500,-1023,408,1,1,16,49495,11589,39310,61.399
64020,560,0.081,0.5868,0.048,-15.41,-750,-734.59,-272529,0,1.9692,20.632,-500.1,-3501,0.89,0.19,12,-500,-1023,408,1,1,16,49476,11653,39107,61.509
64130,561,-0.036,0.5923,-0.021,-16.17,-750,-733.83,-273075,0,1.9578,20.31,-500.1,-3501,0.88,0.19,12,-500,-1023,408,1,1,16,49447,11763,38880,61.619
64240,562,0.065,0.5916,0.038,-16.02,-750,-733.98,-272715,0,1.9463,19.985,-499.6,-3497,0.88,0.19,12,-500,-1023,408,1,1,16,49472,11749,38651,61.729
64350,563,0.085,0.5943,0.051,-16.25,-750,-733.75,-272979,0,1.9342,19.644,-500,-3500,0.87,0.19,12,-500,-1023,408,1,1,16,49477,11802,38411,61.839
64460,564,0.017,0.5945,0.01,-16.77,-750,-733.23,-273391,0,1.9238,19.351,-499.7,-3498,0.88,0.19,12,-500,-1023,408,1,1,16,49460,11806,38205,61.949
64570,565,0.077,0.5944,0.046,-16.72,-750,-733.28,-273207,0,1.9145,19.09,-500.1,-3501,0.89,0.19,12,-500,-1023,408,1,1,16,49475,11804,38021,62.059
64680,566,0.065,0.596,0.039,-16.83,-750,-733.17,-273319,0,1.903,18.763,-499.6,-3497,0.88,0.19,12,-500,-1023,408,1,1,16,49472,11836,37791,62.169
64790,567,0.012,0.5979,0.007,-17.69,-750,-732.31,-274084,0,1.8929,18.479,-499.9,-3499,0.88,0.19,12,-500,-1023,408,1,1,16,49459,11873,37591,62.279
64900,568,0.049,0.6002,0.029,-17.36,-750,-732.64,-273542,0,1.8826,18.188,-499.9,-3499,0.89,0.19,12,-500,-1023,408,1,1,16,49468,11919,37386,62.389
65010,569,0.101,0.6006,0.061,-17.81,-750,-732.19,-274053,0,1.8728,17.913,-499.9,-3499,0.88,0.19,12,-500,-1023,408,1,1,16,49481,11928,37192,62.499
65120,570,0.069,0.6006,0.041,-18.41,-750,-731.59,-274487,0,1.864,17.664,-499.9,-3499,0.88,0.19,12,-500,-1023,408,1,1,16,49473,11927,37017,62.609
65230,571,0.029,0.6003,0.017,-18.62,-750,-731.38,-274514,0,1.8513,17.306,-500.1,-3501,0.88,0.19,12,-500,-1023,408,1,1,16,49463,11922,36765,62.719
65340,572,0.057,0.6049,0.034,-18.54,-750,-731.46,-274381,0,1.8413,17.025,-500,-3500,0.89,0.19,12,-500,-1023,408,1,1,16,49470,12012,36567,62.829
65450,573,0.073,0.6053,0.044,-18.34,-750,-731.66,-274216,0,1.8305,16.721,-500.1,-3501,0.88,0.19,12,-500,-1023,408,1,1,16,49474,12021,36353,62.939
65560,574,0.021,0.6064,0.012,-19.1,-750,-730.9,-274983,0,1.8179,16.364,-499.7,-3498,0.87,0.19,12,-500,-1023,408,1,1,16,49461,12043,36101,63.049
65670,575,0.19,0.6044,0.115,-19.62,-750,-730.38,-275254,0,1.8073,16.065,-499.7,-3498,0.87,0.19,12,-500,-1023,408,1,1,16,49503,12002,35891,63.159
65780,576,0.089,0.6078,0.054,-19.38,-750,-730.62,-274879,0,1.8001,15.864,-499.9,-3499,0.89,0.19,12,-500,-1023,408,1,1,16,49478,12071,35749,63.269
65890,577,0.141,0.6065,0.086,-20.03,-750,-729.97,-275556,0,1.7905,15.593,-499.7,-3498,0.89,0.19,12,-500,-1023,408,1,1,16,49491,12044,35558,63.379
66000,578,0.081,0.6057,0.049,-21.73,-750,-728.27,-276959,0,1.7789,15.264,-499.4,-3496,0.88,0.19,12,-500,-1023,408,1,1,16,49476,12029,35327,63.489
66110,579,0.065,0.6088,0.039,-24.4,-750,-725.6,-278967,0,1.7676,14.945,-499.9,-3499,0.88,0.19,12,-500,-1023,408,1,1,16,49472,12090,35102,63.599
66220,580,0.198,0.6075,0.12,-23.37,-750,-726.63,-277260,0,1.7593,14.714,-499.6,-3497,0.88,0.19,12,-500,-1023,408,1,1,16,49505,12065,34939,63.709
66330,581,0.149,0.6049,0.09,-22.69,-750,-727.31,-276914,0,1.7466,14.354,-499.9,-3499,0.89,0.19,12,-500,-1023,408,1,1,16,49493,12013,34686,63.819
66440,582,0.121,0.6081,0.074,-23.17,-750,-726.83,-277556,0,1.7348,14.021,-500.3,-3502,0.89,0.19,12,-500,-1023,408,1,1,16,49486,12077,34451,63.929
66550,583,0.065,0.6066,0.039,-23.53,-750,-726.47,-277750,0,1.7255,13.758,-500.1,-3501,0.89,0.19,12,-500,-1023,408,1,1,16,49472,12046,34266,64.039
66660,584,0.113,0.6105,0.069,-23.53,-750,-726.47,-277654,0,1.715,13.464,-500.3,-3502,0.9,0.19,12,-500,-1023,408,1,1,16,49484,12124,34059,64.149
66770,585,0.037,0.6099,0.022,-23.52,-750,-726.48,-277641,0,1.705,13.18,-500.1,-3501,0.88,0.19,12,-500,-1023,408,1,1,16,49465,12112,33859,64.259
66880,586,0.017,0.6098,0.01,-24.18,-750,-725.82,-278264,0,1.6961,12.93,-499.7,-3498,0.88,0.19,12,-500,-1023,408,1,1,16,49460,12110,33683,64.369
66990,587,0.101,0.6132,0.062,-25.63,-750,-724.37,-279422,0,1.6851,12.62,-499.9,-3499,0.88,0.19,12,-500,-1023,408,1,1,16,49481,12177,33465,64.479
67100,588,0.065,0.6127,0.04,-28.1,-750,-721.9,-281318,0,1.6801,12.48,-499.7,-3498,0.88,0.19,12,-500,-1023,408,1,1,16,49472,12167,33366,64.589
67210,589,0.057,0.6105,0.035,-31.8,-750,-718.2,-284076,0,1.6744,12.318,-499.9,-3499,0.88,0.19,12,-500,-1023,408,1,1,16,49470,12124,33252,64.699
67320,590,-0.008,0.6087,-0.005,-38.78,-750,-711.22,-289535,0,1.6597,11.905,-499.7,-3498,0.88,0.19,12,-500,-1023,408,1,1,16,49454,12089,32961,64.809
67430,591,0,0.6107,0,-40.87,-750,-709.13,-289540,0,1.6448,11.484,-499.7,-3498,0.88,0.19,12,-500,-1023,408,1,1,16,49456,12127,32665,64.919
67540,592,0.085,0.631,0.054,-37.84,-750,-712.16,-286130,0,1.6308,11.09,-499.9,-3499,0.9,0.19,12,-500,-1023,408,1,1,16,49477,12532,32387,65.029
67650,593,0.061,0.7033,0.043,-36.53,-750,-713.47,-285759,0,1.6249,10.924,-499.6,-3497,0.9,0.19,12,-500,-1023,408,1,1,16,49471,13966,32270,65.139
67760,594,0.057,0.2623,0.015,-38.91,-750,-711.09,-288340,0,1.6246,10.915,-499.6,-3497,0.93,0.2,12,-500,-1023,408,1,1,16,49470,5210,32264,65.249
67870,595,0.117,0.9256,0.109,-47.36,-750,-702.64,-295536,0,1.6253,10.932,-499.1,-3494,0.96,0.21,12,-500,-1023,408,1,1,16,49485,18382,32276,65.359
67980,596,-0.096,0.8711,-0.084,-60.19,-750,-689.81,-305124,0,1.6267,10.973,-498.4,-3489,1.01,0.22,12,-500,-1023,408,1,1,16,49432,17299,32305,65.469
68090,597,-0.032,1.1643,-0.037,-75.6,-750,-674.4,-315883,0,1.6295,11.051,-498.3,-3488,1.04,0.23,12,-500,-1023,408,1,1,16,49448,23121,32360,65.579
68200,598,0.057,0.9956,0.057,-104.62,-750,-645.38,-338589,0,1.6404,11.358,-497.7,-3484,1.06,0.23,12,-500,-1023,408,1,1,16,49470,19771,32576,65.689
68310,599,-0.116,1.3024,-0.152,-127.17,-750,-622.83,-351480,0,1.6203,10.793,-497.6,-3483,1.09,0.24,12,-500,-1023,408,1,1,16,49427,25864,32178,65.799
68420,600,-0.253,0.437,-0.111,-148.06,-750,-601.94,-364623,0,1.6125,10.573,-497.7,-3484,1.11,0.24,12,-500,-1023,408,1,1,16,49393,8678,32023,65.909
68530,601,-0.096,1.1975,-0.115,-168.44,-750,-581.56,-377760,0,1.6073,10.425,-497.9,-3485,1.13,0.25,12,-500,-1023,408,1,1,16,49432,23781,31919,66.019
68640,602,-0.145,1.051,-0.152,-204.05,-750,-545.95,-405217,0,1.6069,10.415,-497.6,-3483,1.14,0.25,12,-500,-1023,408,1,1,16,49420,20872,31912,66.129
68750,603,-0.06,1.1714,-0.07,-229.31,-750,-520.69,-418785,0,1.6081,10.449,-497.9,-3485,1.16,0.25,12,-500,-1023,408,1,1,16,49441,23262,31936,66.239
68860,604,2.603,0.8736,2.274,-251.96,-750,-498.04,-432810,0,1.6105,10.516,-498,-3486,1.17,0.26,12,-500,-1023,408,1,1,16,50102,17349,31983,66.349
68970,605,-0.012,1.4173,-0.017,-274.41,-750,-475.59,-447385,0,1.6127,10.577,-498.1,-3487,1.19,0.26,12,-500,-1023,408,1,1,16,49453,28146,32026,66.459
69080,606,-0.564,0.9756,-0.55,-310.92,-750,-439.08,-475097,0,1.614,10.614,-498.3,-3488,1.21,0.27,12,-500,-1023,408,1,1,16,49316,19374,32052,66.569
69190,607,0.004,1.1377,0.005,-336.31,-750,-413.69,-488540,0,1.6175,10.713,-498,-3486,1.2,0.27,12,-500,-1023,408,1,1,16,49457,22593,32122,66.679
69300,608,0.109,1.6616,0.181,-358.47,-750,-391.53,-502073,0,1.6184,10.739,-498.3,-3488,1.2,0.27,12,-500,-1023,408,1,1,16,49483,32997,32140,66.789
69410,609,-0.282,1.2259,-0.345,-379.92,-750,-370.08,-515849,0,1.6224,10.853,-498.3,-3488,1.2,0.27,12,-500,-1023,408,1,1,16,49386,24346,32220,66.899
69520,610,0.536,0.7228,0.388,-401.23,-750,-348.77,-529695,0,1.6087,10.465,-498.3,-3488,1.21,0.27,12,-500,-1023,408,1,1,16,49589,14355,31947,67.009
69630,611,0.025,0.1439,0.004,-437.36,-750,-312.64,-557374,0,1.6005,10.233,-498.1,-3487,1.21,0.27,12,-500,-1023,408,1,1,16,49462,2858,31784,67.119
69740,612,-0.455,1.1312,-0.514,-462.66,-750,-287.34,-570839,0,1.5969,10.133,-498.6,-3490,1.22,0.27,12,-500,-1023,408,1,1,16,49343,22464,31713,67.229
69850,613,-0.471,0.1046,-0.049,-484.56,-750,-265.44,-584160,0,1.5969,10.133,-498.6,-3490,1.24,0.27,12,-500,-1023,408,1,1,16,49339,2077,31713,67.339
69960,614,0.407,0.2296,0.094,-506.14,-750,-243.86,-598132,0,1.5986,10.179,-498.4,-3489,1.25,0.28,12,-500,-1023,408,1,1,16,49557,4560,31746,67.449
70070,615,0.065,1.0933,0.071,-542.76,-750,-207.24,-626185,0,1.6007,10.239,-499,-3493,1.26,0.28,12,-500,-1023,408,1,1,16,49472,21712,31788,67.559
70180,616,0.037,1.1942,0.044,-567.95,-750,-182.05,-639408,0,1.6009,10.246,-498.4,-3489,1.28,0.28,12,-500,-1023,408,1,1,16,49465,23715,31793,67.669
70290,617,0.012,0.2052,0.003,-589.95,-750,-160.05,-652857,0,1.6025,10.29,-499,-3493,1.29,0.29,12,-500,-1023,408,1,1,16,49459,4075,31824,67.779
70400,618,0.125,1.5337,0.192,-612.2,-750,-137.8,-667421,0,1.6045,10.347,-497.7,-3484,1.29,0.29,12,-500,-1023,408,1,1,16,49487,30457,31864,67.889
70510,619,0.141,1.5495,0.219,-653.29,-750,-96.71,-699449,0,1.6054,10.371,-497.9,-3485,1.32,0.29,12,-500,-234,408,1,1,0,49491,30771,31881,67.999
70620,620,-0.064,0.1772,-0.011,-684.28,-750,-65.72,-716824,0,1.6078,10.439,-498.1,-3487,1.35,0.3,12,-500,-200,408,1,1,0,49440,3519,31929,68.109
70730,621,-1.385,1.0144,-1.405,-708.54,-750,-41.46,-730749,0,1.5954,10.091,-497.9,-3485,1.37,0.31,12,-500,200,408,1,1,0,49112,20145,31684,68.219
70840,622,-2.203,0.965,-2.126,-720.18,-750,-29.82,-734817,0,1.5899,9.935,-498,-3486,1.36,0.31,12,-500,-200,408,1,1,0,48909,19164,31574,68.329
70950,623,0.061,1.2093,0.074,-723.16,-750,-26.84,-734335,0,1.5877,9.873,-498.4,-3489,1.37,0.3,12,-500,-295,408,1,1,0,49471,24016,31530,68.439
71060,624,-1.861,0.153,-0.285,-720.22,-750,-29.78,-730770,0,1.5856,9.815,-498.7,-3491,1.36,0.3,12,-500,-497,408,1,1,0,48994,3039,31489,68.549
71170,625,-0.6,0.9678,-0.58,-718.21,-750,-31.79,-729721,0,1.5894,9.921,-498.9,-3492,1.35,0.3,12,-500,-500,408,1,1,0,49307,19219,31564,68.659
71280,626,0.065,1.3594,0.088,-719.32,-750,-30.68,-731313,0,1.5908,9.961,-499.3,-3495,1.34,0.3,12,-500,-399,408,1,1,0,49472,26996,31592,68.769
71390,627,0.069,1.2281,0.085,-724.45,-750,-25.55,-735774,0,1.5923,10.002,-499,-3493,1.36,0.31,12,-500,-218,408,1,1,0,49473,24389,31621,68.879
71500,628,-0.137,1.1127,-0.152,-736.99,-750,-13.01,-746016,0,1.5945,10.066,-498.7,-3491,1.39,0.31,12,-500,200,408,1,1,0,49422,22097,31666,68.989
71610,629,0.061,1.2285,0.075,-743.85,-750,-6.15,-748902,0,1.5979,10.16,-498.3,-3488,1.39,0.31,12,-500,200,408,1,1,0,49471,24396,31732,69.099
71720,630,1.128,0.9851,1.112,-746.41,-750,-3.59,-749368,0,1.5988,10.185,-498.3,-3488,1.4,0.31,12,-500,200,408,1,1,0,49736,19563,31750,69.209
71830,631,0.48,0.1606,0.077,-745.75,-750,-4.25,-748036,0,1.6013,10.256,-499.3,-3495,1.4,0.32,12,-500,-200,408,1,1,0,49575,3190,31800,69.319
71940,632,3.151,0.1829,0.576,-739.76,-750,-10.24,-742648,0,1.5893,9.92,-499,-3493,1.39,0.31,12,-500,-307,408,1,1,0,50238,3632,31563,69.429
72050,633,5.914,0.1478,0.874,-736.07,-750,-13.93,-740881,0,1.5823,9.721,-499.3,-3495,1.37,0.31,12,-500,-296,408,1,1,0,50924,2935,31423,69.539
72160,634,0.069,1.2174,0.084,-734.35,-750,-15.65,-740313,0,1.5796,9.646,-499.7,-3498,1.36,0.3,12,-500,-266,408,1,1,0,49473,24176,31370,69.649
72270,635,0.065,1.1926,0.077,-734.96,-750,-15.04,-741367,0,1.5798,9.651,-500.1,-3501,1.34,0.3,12,-500,-200,408,1,1,0,49472,23683,31374,69.759
72380,636,-1.559,0.9632,-1.501,-736.74,-750,-13.26,-742850,0,1.5821,9.715,-500.1,-3501,1.33,0.3,12,-500,-200,408,1,1,0,49069,19129,31419,69.869
72490,637,0.041,1.3177,0.054,-738.25,-750,-11.75,-743756,0,1.5837,9.761,-500.9,-3506,1.32,0.3,12,-500,-200,408,1,1,0,49466,26168,31451,69.979
72600,638,-0.004,1.2928,-0.005,-737.12,-750,-12.88,-742286,0,1.5847,9.789,-500.4,-3503,1.32,0.29,12,-500,-211,408,1,1,0,49455,25674,31471,70.089
72710,639,-0.124,0.9964,-0.124,-735.53,-750,-14.47,-741118,0,1.5866,9.843,-500.6,-3504,1.32,0.3,12,-500,-246,408,1,1,0,49425,19787,31509,70.199
72820,640,0.121,1.1558,0.14,-733.74,-750,-16.26,-739897,0,1.5895,9.925,-499.7,-3498,1.33,0.3,12,-500,-276,408,1,1,0,49486,22953,31567,70.309
72930,641,0.041,1.199,0.049,-729.58,-750,-20.42,-736529,0,1.5898,9.931,-499.7,-3498,1.35,0.3,12,-500,-399,408,1,1,0,49466,23811,31571,70.419
73040,642,-1.361,1.1745,-1.599,-728.23,-750,-21.77,-736428,0,1.5957,10.1,-499.9,-3499,1.34,0.3,12,-500,-342,408,1,1,0,49118,23324,31690,70.529
73150,643,0.061,0.0902,0.005,-729.03,-750,-20.97,-737555,0,1.5833,9.749,-500.1,-3501,1.33,0.3,12,-500,-272,408,1,1,0,49471,1792,31443,70.639
73260,644,-0.515,0.2598,-0.134,-731.85,-750,-18.15,-739951,0,1.576,9.542,-500.1,-3501,1.31,0.29,12,-500,-200,408,1,1,0,49328,5159,31297,70.749
73370,645,-0.028,1.1883,-0.033,-738.28,-750,-11.72,-745148,0,1.5721,9.434,-500.6,-3504,1.3,0.29,12,-500,200,408,1,1,0,49449,23599,31221,70.859
73480,646,-3.613,1.1168,-4.035,-741.33,-750,-8.67,-746196,0,1.5723,9.438,-500.4,-3503,1.28,0.28,12,-500,-200,408,1,1,0,48559,22179,31224,70.969
73590,647,5.922,0.1279,0.757,-741.89,-750,-8.11,-745861,0,1.575,9.515,-500.9,-3506,1.27,0.28,12,-500,-200,408,1,1,0,50926,2539,31278,71.079
73700,648,1.672,1.1096,1.855,-740.46,-750,-9.54,-744374,0,1.5768,9.565,-501,-3507,1.25,0.28,12,-500,-200,408,1,1,0,49871,22036,31313,71.189
73810,649,0.053,1.4143,0.075,-738.5,-750,-11.5,-742955,0,1.5759,9.54,-501.3,-3509,1.24,0.28,12,-500,-214,408,1,1,0,49469,28086,31296,71.299
73920,650,0.057,1.2185,0.069,-736.55,-750,-13.45,-741688,0,1.5776,9.589,-500.9,-3506,1.25,0.28,12,-500,-241,408,1,1,0,49470,24198,31330,71.409
74030,651,-0.008,1.1527,-0.009,-735.16,-750,-14.84,-740930,0,1.5798,9.651,-500.3,-3502,1.26,0.28,12,-500,-246,408,1,1,0,49454,22891,31374,71.519
74140,652,-1.796,1.1306,-2.031,-734.54,-750,-15.46,-740748,0,1.5821,9.717,-500.6,-3504,1.27,0.28,12,-500,-233,408,1,1,0,49010,22452,31420,71.629
74250,653,0.012,1.2041,0.015,-734.67,-750,-15.33,-741040,0,1.5872,9.859,-499.9,-3499,1.29,0.29,12,-500,-211,408,1,1,0,49459,23913,31520,71.739
74360,654,-0.056,0.082,-0.005,-735.84,-750,-14.16,-742090,0,1.5779,9.597,-499.6,-3497,1.3,0.29,12,-500,-200,408,1,1,0,49442,1629,31336,71.849
74470,655,1.12,0.2159,0.242,-736.91,-750,-13.09,-742761,0,1.5704,9.386,-500,-3500,1.29,0.29,12,-500,-200,408,1,1,0,49734,4288,31187,71.959
74580,656,0.025,1.2924,0.032,-736.96,-750,-13.04,-742510,0,1.5649,9.231,-500.3,-3502,1.26,0.28,12,-500,-200,408,1,1,0,49462,25665,31078,72.069
74690,657,-0.1,1.1719,-0.118,-736.17,-750,-13.83,-741758,0,1.5634,9.188,-500.1,-3501,1.26,0.28,12,-500,-215,408,1,1,0,49431,23272,31048,72.179
74800,658,-0.141,0.0709,-0.01,-735.32,-750,-14.68,-741187,0,1.5648,9.227,-500,-3500,1.26,0.28,12,-500,-229,408,1,1,0,49421,1408,31075,72.289
74910,659,0.085,1.2753,0.108,-732.93,-750,-17.07,-739200,0,1.5668,9.285,-500.6,-3504,1.26,0.28,12,-500,-304,408,1,1,0,49477,25327,31116,72.399
75020,660,0.242,0.9601,0.232,-731.08,-750,-18.92,-738146,0,1.5678,9.312,-500.4,-3503,1.26,0.28,12,-500,-315,408,1,1,0,49516,19066,31135,72.509
75130,661,0.085,1.3088,0.111,-730.32,-750,-19.68,-737957,0,1.568,9.318,-500.1,-3501,1.28,0.28,12,-500,-296,408,1,1,0,49477,25991,31139,72.619
75240,662,-0.133,1.1501,-0.152,-731.19,-750,-18.81,-738984,0,1.5716,9.418,-499.6,-3497,1.27,0.28,12,-500,-239,408,1,1,0,49423,22839,31210,72.729
75350,663,-0.008,1.2061,-0.009,-734.22,-750,-15.78,-741556,0,1.5752,9.522,-500.1,-3501,1.27,0.28,12,-500,-200,408,1,1,0,49454,23952,31283,72.839
75460,664,0.029,1.1626,0.033,-736.02,-750,-13.98,-742386,0,1.5744,9.499,-500,-3500,1.28,0.29,12,-500,-200,408,1,1,0,49463,23089,31267,72.949
75570,665,0.053,0.7893,0.042,-736.23,-750,-13.77,-742076,0,1.5732,9.464,-500.1,-3501,1.27,0.28,12,-500,-200,408,1,1,0,49469,15674,31242,73.059
75680,666,-0.193,0.8462,-0.163,-734.51,-750,-15.49,-740417,0,1.5634,9.187,-499.9,-3499,1.26,0.28,12,-500,-264,408,1,1,0,49408,16805,31047,73.169
75790,667,-1.546,0.1501,-0.232,-731.42,-750,-18.58,-738020,0,1.5585,9.051,-500.1,-3501,1.25,0.28,12,-500,-344,408,1,1,0,49072,2981,30951,73.279
75900,668,0.045,1.3591,0.061,-729.23,-750,-20.77,-736849,0,1.5552,8.955,-500.1,-3501,1.26,0.28,12,-500,-350,408,1,1,0,49467,26990,30884,73.389
76010,669,0.141,0.9067,0.128,-728.07,-750,-21.93,-736378,0,1.5562,8.985,-500.3,-3502,1.25,0.28,12,-500,-339,408,1,1,0,49491,18007,30905,73.499
76120,670,0.057,1.2328,0.07,-728.95,-750,-21.05,-737526,0,1.5589,9.06,-500.1,-3501,1.24,0.28,12,-500,-271,408,1,1,0,49470,24482,30958,73.609
76230,671,0.025,1.3186,0.032,-730.93,-750,-19.07,-739123,0,1.5596,9.082,-500.6,-3504,1.24,0.28,12,-500,-213,408,1,1,0,49462,26187,30973,73.719
76340,672,-0.314,1.0436,-0.327,-732.46,-750,-17.54,-739990,0,1.5599,9.09,-500.4,-3503,1.24,0.28,12,-500,-204,408,1,1,0,49378,20725,30979,73.829
76450,673,0.278,0.3618,0.101,-731.57,-750,-18.43,-738736,0,1.5629,9.174,-500.4,-3503,1.24,0.27,12,-500,-282,408,1,1,0,49525,7185,31038,73.939
76560,674,-0.124,1.1392,-0.142,-729.92,-750,-20.08,-737446,0,1.5653,9.242,-499.7,-3498,1.22,0.27,12,-500,-326,408,1,1,0,49425,22624,31086,74.049
76670,675,-0.052,1.2263,-0.064,-727.95,-750,-22.05,-736077,0,1.566,9.261,-500,-3500,1.23,0.27,12,-500,-362,408,1,1,0,49443,24354,31099,74.159
76780,676,0.033,0.1014,0.003,-724.6,-750,-25.4,-733508,0,1.5711,9.404,-500,-3500,1.23,0.28,12,-500,-447,408,1,1,0,49464,2014,31200,74.269
76890,677,0.206,0.1162,0.024,-723.68,-750,-26.32,-733587,0,1.557,9.007,-499.9,-3499,1.24,0.27,12,-500,-394,408,1,1,0,49507,2307,30920,74.379
77000,678,-0.253,1.1019,-0.279,-724.15,-750,-25.85,-734284,0,1.5505,8.823,-499.4,-3496,1.24,0.28,12,-500,-349,408,1,1,0,49393,21883,30791,74.489
77110,679,0.069,0.2308,0.016,-726.22,-750,-23.78,-736076,0,1.5478,8.748,-499.9,-3499,1.25,0.28,12,-500,-277,408,1,1,0,49473,4583,30738,74.599
77220,680,0.049,0.1649,0.008,-729.87,-750,-20.13,-738892,0,1.5477,8.745,-499.4,-3496,1.27,0.28,12,-500,-200,408,1,1,0,49468,3274,30736,74.709
77330,681,-0.439,1.0736,-0.471,-730.3,-750,-19.7,-738281,0,1.5502,8.816,-500,-3500,1.26,0.28,12,-500,-264,408,1,1,0,49347,21320,30786,74.819
77440,682,0.133,0.3676,0.049,-728.66,-750,-21.34,-736626,0,1.5515,8.852,-499.7,-3498,1.27,0.28,12,-500,-344,408,1,1,0,49489,7300,30811,74.929
77550,683,-0.137,1.174,-0.16,-726.88,-750,-23.12,-735431,0,1.5518,8.86,-499.9,-3499,1.28,0.28,12,-500,-372,408,1,1,0,49422,23314,30817,75.039
77660,684,7.513,0.1031,0.775,-725.21,-750,-23.12,-734377,0,1.5532,8.901,-500,-3500,1.29,0.29,12,-500,1000,408,2,1,0,51321,2048,30846,75.149
77770,685,-0.012,1.1909,-0.014,-723.46,-750,-23.12,-733212,0,1.5575,9.022,-499.9,-3499,1.27,0.28,12,-500,1000,408,2,1,0,49453,23651,30931,75.259
77880,686,0.037,1.2016,0.044,-721.27,-750,-23.12,-731658,0,1.5593,9.073,-499.7,-3498,1.26,0.28,12,-500,1000,408,2,1,0,49465,23862,30967,75.369
77990,687,-0.846,0.8702,-0.736,-708.5,-750,-23.12,-720383,0,1.5667,9.282,-500.1,-3501,1.25,0.28,12,-500,1000,408,2,1,0,49246,17282,31114,75.479
78100,688,0.093,0.096,0.009,-684.34,-750,-23.12,-701462,0,1.554,8.924,-500,-3500,1.24,0.27,12,-500,1000,408,2,1,0,49479,1907,30862,75.589
78210,689,-0.624,1.0849,-0.677,-634.46,-750,-23.12,-661784,0,1.5471,8.728,-500.4,-3503,1.22,0.27,12,-500,1000,408,2,1,0,49301,21545,30724,75.699
78320,690,0.061,1.2021,0.073,-600.59,-750,-23.12,-644180,0,1.5437,8.633,-500.6,-3504,1.21,0.27,12,-500,1000,408,2,1,0,49471,23872,30657,75.809
78430,691,0.025,1.1416,0.028,-572.85,-750,-23.12,-627826,0,1.5436,8.629,-500.6,-3504,1.2,0.27,12,-500,1000,408,2,1,0,49462,22672,30654,75.919
78540,692,-0.253,0.139,-0.035,-547.5,-750,-23.12,-611976,0,1.5454,8.681,-501,-3507,1.18,0.26,12,-500,1000,408,2,1,0,49393,2760,30691,76.029
78650,693,-0.048,0.7025,-0.034,-506.97,-750,-23.12,-581320,0,1.5486,8.769,-501.1,-3508,1.17,0.26,12,-500,1000,408,2,1,0,49444,13952,30753,76.139
78760,694,-0.024,0.273,-0.006,-477.8,-750,-23.12,-565490,0,1.5499,8.808,-501.3,-3509,1.16,0.26,12,-500,1000,408,2,1,0,49450,5421,30780,76.249
78870,695,0.846,0.2203,0.186,-452.58,-750,-23.12,-550163,0,1.5499,8.806,-501,-3507,1.15,0.25,12,-500,1000,408,2,1,0,49666,4375,30779,76.359
78980,696,-0.394,0.7763,-0.306,-429.16,-750,-23.12,-535402,0,1.5538,8.917,-501,-3507,1.12,0.25,12,-500,1000,408,2,1,0,49358,15416,30857,76.469
79090,697,-0.717,1.1026,-0.79,-405.71,-750,-23.12,-520115,0,1.5581,9.038,-501.3,-3509,1.11,0.25,12,-500,1000,408,2,1,0,49278,21897,30942,76.579
79200,698,0.049,0.978,0.048,-364.87,-750,-23.12,-488655,0,1.57,9.373,-501.9,-3513,1.1,0.24,12,-500,1000,408,2,1,0,49468,19422,31178,76.689
79310,699,0.085,0.1174,0.01,-335.67,-750,-23.12,-472880,0,1.5599,9.089,-501.4,-3510,1.08,0.24,12,-500,1000,408,2,1,0,49477,2331,30978,76.799
79420,700,0.399,0.9014,0.36,-310.26,-750,-23.12,-457383,0,1.5491,8.784,-501.1,-3508,1.06,0.23,12,-500,1000,408,2,1,0,49555,17900,30763,76.909
79530,701,0.057,1.2115,0.069,-286.04,-750,-23.12,-441934,0,1.5441,8.644,-501.3,-3509,1.05,0.23,12,-500,1000,408,2,1,0,49470,24060,30665,77.019
79640,702,0.754,1.0442,0.787,-247.19,-750,-23.12,-412536,0,1.5425,8.599,-501.1,-3508,1.05,0.23,12,-500,1000,408,2,1,0,49643,20736,30633,77.129
79750,703,0.029,1.1428,0.033,-219.77,-750,-23.12,-397861,0,1.5434,8.625,-501.4,-3510,1.03,0.22,12,-500,1000,408,2,1,0,49463,22694,30651,77.239
79860,704,0.097,1.4251,0.138,-195.45,-750,-23.12,-382881,0,1.5468,8.721,-501.4,-3510,1.03,0.22,12,-500,1000,408,2,1,0,49480,28301,30719,77.349
79970,705,0.017,1.176,0.019,-172.87,-750,-23.12,-368648,0,1.5489,8.778,-501.9,-3513,1,0.22,12,-500,1000,408,2,1,0,49460,23355,30759,77.459
80080,706,0.057,1.1432,0.065,-136.73,-750,-23.12,-341322,0,1.5501,8.813,-501.9,-3513,0.99,0.21,12,-500,1000,408,2,1,0,49470,22703,30784,77.569
80190,707,-0.12,0.4018,-0.048,-111,-750,-23.12,-327464,0,1.554,8.924,-502,-3514,0.98,0.21,12,-500,1000,408,2,1,0,49426,7979,30862,77.679
80300,708,0.129,0.0432,0.006,-89.14,-750,-23.12,-314295,0,1.5585,9.051,-501.7,-3512,0.96,0.21,12,-500,1000,408,2,1,0,49488,857,30951,77.789
80410,709,0.093,0.9038,0.084,-69.67,-750,-23.12,-302284,0,1.6017,10.269,-501.7,-3512,0.95,0.2,12,-500,1000,408,2,1,0,49479,17949,31809,77.899
80520,710,0.097,0.1772,0.017,-52.1,-750,-23.12,-291358,0,1.5859,9.822,-501.7,-3512,0.92,0.2,12,-500,1000,408,2,1,0,49480,3519,31494,78.009
80630,711,0.077,0.0744,0.006,-34.38,-750,-23.12,-279772,0,1.5725,9.444,-501.6,-3511,0.91,0.19,12,-500,1000,408,2,1,0,49475,1478,31228,78.119
80740,712,-0.024,0.4876,-0.012,-26.26,-750,-23.12,-277165,0,1.5797,9.647,-501.6,-3511,0.9,0.19,12,-500,1000,408,2,1,0,49450,9683,31371,78.229
80850,713,0.008,0.5065,0.004,-17.11,-750,-23.12,-270914,0,1.5879,9.878,-501.6,-3511,0.89,0.19,12,-500,1000,408,2,1,0,49458,10058,31534,78.339
80960,714,0.029,0.514,0.015,-9.43,-750,-23.12,-266320,0,1.5982,10.168,-501.4,-3510,0.88,0.19,12,-500,1000,408,2,1,0,49463,10208,31738,78.449
81070,715,0.149,0.5165,0.077,-1.25,-750,-23.12,-260851,0,1.6071,10.421,-501.6,-3511,0.87,0.18,12,-500,1000,408,2,1,0,49493,10257,31916,78.559
81180,716,-0.028,0.5263,-0.015,2.31,-750,-23.12,-259824,0,1.6175,10.715,-501.6,-3511,0.86,0.18,12,-500,1000,408,2,1,0,49449,10451,32123,78.669
81290,717,0.113,0.5333,0.06,5.6,-750,-23.12,-257752,0,1.6267,10.973,-501.4,-3510,0.87,0.19,12,-500,1000,408,2,1,0,49484,10591,32305,78.779
81400,718,0.081,0.5377,0.044,8.4,-750,-23.12,-256067,0,1.6391,11.323,-501.1,-3508,0.87,0.18,12,-500,1000,408,2,1,0,49476,10679,32551,78.889
81510,719,0.081,0.5454,0.044,11.39,-750,-23.12,-254070,0,1.6486,11.591,-500.6,-3504,0.87,0.18,12,-500,1000,408,2,1,0,49476,10832,32740,78.999
81620,720,0.037,0.5532,0.02,11.82,-750,-23.12,-254500,0,1.6578,11.851,-500.7,-3505,0.86,0.18,12,-500,1000,408,2,1,0,49465,10986,32923,79.109
81730,721,0.081,0.5587,0.045,12.33,-750,-23.12,-254145,0,1.6693,12.173,-500.3,-3502,0.87,0.19,12,-500,1000,408,2,1,0,49476,11096,33150,79.219
81840,722,0.012,0.5661,0.007,12.07,-750,-23.12,-254532,0,1.6797,12.467,-500.9,-3506,0.87,0.18,12,-500,1000,408,2,1,0,49459,11243,33357,79.329
81950,723,0.109,0.5734,0.063,10.94,-750,-23.12,-255512,0,1.6881,12.706,-500,-3500,0.87,0.19,12,-500,1000,408,2,1,0,49483,11388,33525,79.439
82060,724,0.073,0.5752,0.042,10.59,-750,-23.12,-255520,0,1.6978,12.978,-500,-3500,0.87,0.18,12,-500,1000,408,2,1,0,49474,11423,33717,79.549
82170,725,0.057,0.5847,0.033,11.96,-750,-23.12,-254143,0,1.707,13.238,-500.3,-3502,0.88,0.19,12,-500,1000,408,2,1,0,49470,11612,33900,79.659
82280,726,0.012,0.5887,0.007,13.73,-750,-23.12,-252881,0,1.7175,13.534,-500.3,-3502,0.87,0.18,12,-500,1000,408,2,1,0,49459,11691,34108,79.769
82390,727,0.033,0.5939,0.019,15.42,-750,-23.12,-251808,0,1.7286,13.847,-500.3,-3502,0.88,0.18,12,-500,1000,408,2,1,0,49464,11795,34329,79.879
82500,728,0.093,0.6019,0.056,17.15,-750,-23.12,-250663,0,1.7411,14.199,-500.6,-3504,0.87,0.18,12,-500,1000,408,2,1,0,49479,11953,34577,79.989
82610,729,0.105,0.6089,0.064,17.62,-750,-23.12,-250712,0,1.7514,14.491,-500.3,-3502,0.87,0.19,12,-500,1000,408,2,1,0,49482,12092,34782,80.099
82720,730,0.137,0.613,0.084,17.24,-750,-23.12,-251196,0,1.7605,14.745,-500.7,-3505,0.87,0.19,12,-500,1000,408,2,1,0,49490,12174,34961,80.209
82830,731,0.053,0.6207,0.033,17.72,-750,-23.12,-250640,0,1.7722,15.077,-500.1,-3501,0.86,0.18,12,-500,1000,408,2,1,0,49469,12327,35195,80.319
82940,732,0.029,0.627,0.018,18.8,-750,-23.12,-249776,0,1.7802,15.301,-500.1,-3501,0.87,0.18,12,-500,1000,408,2,1,0,49463,12451,35353,80.429
83050,733,0.053,0.6324,0.033,19.11,-750,-23.12,-249779,0,1.79,15.577,-500.1,-3501,0.86,0.18,12,-500,1000,408,2,1,0,49469,12559,35547,80.539
83160,734,0.065,0.6357,0.041,19.9,-750,-23.12,-249134,0,1.803,15.943,-500.1,-3501,0.86,0.18,12,-500,1000,408,2,1,0,49472,12624,35805,80.649
83270,735,0.057,0.6406,0.036,20.63,-750,-23.12,-248680,0,1.8131,16.23,-500.1,-3501,0.86,0.18,12,-500,1000,408,2,1,0,49470,12722,36007,80.759
83380,736,0.053,0.6488,0.034,20.86,-750,-23.12,-248663,0,1.8218,16.476,-500.1,-3501,0.87,0.18,12,-500,1000,408,2,1,0,49469,12884,36180,80.869
83490,737,0.057,0.6545,0.037,21.83,-750,-23.12,-247826,0,1.8348,16.842,-500,-3500,0.87,0.18,12,-500,1000,408,2,1,0,49470,12998,36438,80.979
83600,738,0.073,0.6554,0.048,22.65,-750,-23.12,-247333,0,1.8448,17.123,-500.4,-3503,0.86,0.18,12,-500,1000,408,2,1,0,49474,13015,36636,81.089
83710,739,0.085,0.6615,0.056,21.98,-750,-23.12,-248193,0,1.8563,17.447,-500.1,-3501,0.87,0.18,12,-500,1000,408,2,1,0,49477,13137,36864,81.199
83820,740,0.041,0.6679,0.027,22.26,-750,-23.12,-247739,0,1.8659,17.718,-500.4,-3503,0.87,0.18,12,-500,1000,408,2,1,0,49466,13263,37055,81.309
83930,741,-0.008,0.6711,-0.005,22,-750,-23.12,-248056,0,1.8761,18.007,-500.3,-3502,0.87,0.18,12,-500,1000,408,2,1,0,49454,13327,37258,81.419
84040,742,0.012,0.6791,0.008,22.52,-750,-23.12,-247503,0,1.8837,18.221,-500.1,-3501,0.86,0.18,12,-500,1000,408,2,1,0,49459,13487,37409,81.529
84150,743,0.077,0.6831,0.053,23.38,-750,-23.12,-246851,0,1.9077,18.898,-500.7,-3505,0.87,0.18,12,-500,1000,408,2,1,0,49475,13565,37886,81.639
84260,744,0.025,0.6877,0.017,27.06,-750,-23.12,-243662,0,1.9142,19.08,-499.6,-3497,0.87,0.18,12,-500,1000,408,2,1,0,49462,13657,38014,81.749
84370,745,0.021,0.6948,0.014,17.93,-750,-23.12,-253189,0,1.924,19.356,-499.9,-3499,0.87,0.18,12,-500,1000,408,2,1,0,49461,13798,38208,81.859
84480,746,0.012,0.7008,0.009,16.17,-750,-23.12,-252277,0,1.9343,19.647,-499.9,-3499,0.87,0.18,12,-500,1000,408,2,1,0,49459,13918,38413,81.969
84590,747,0.125,0.7059,0.088,17.57,-750,-23.12,-250479,0,1.9463,19.986,-500,-3500,0.85,0.18,12,-500,1000,408,2,1,0,49487,14018,38652,82.079
84700,748,0.153,0.7088,0.109,19.08,-750,-23.12,-249466,0,1.957,20.287,-499.7,-3498,0.87,0.18,12,-500,1000,408,2,1,0,49494,14076,38864,82.189
84810,749,0.085,0.7144,0.061,19.65,-750,-23.12,-249359,0,1.9695,20.641,-499.7,-3498,0.87,0.18,12,-500,1000,408,2,1,0,49477,14187,39113,82.299
84920,750,0.045,0.718,0.032,19.55,-750,-23.12,-249609,0,1.9774,20.864,-499.9,-3499,0.88,0.18,12,-500,1000,408,2,1,0,49467,14258,39270,82.409
85030,751,0.093,0.7211,0.067,18.55,-750,-23.12,-250517,0,1.9902,21.223,-500.3,-3502,0.88,0.18,12,-500,1000,408,2,1,0,49479,14320,39523,82.519
85140,752,0.053,0.7287,0.038,18.24,-750,-23.12,-250524,0,2.0001,21.504,-499.7,-3498,0.88,0.19,12,-500,1000,408,2,1,0,49469,14472,39721,82.629
85250,753,0.008,0.7335,0.006,17.66,-750,-23.12,-250979,0,2.0097,21.772,-499.6,-3497,0.88,0.19,12,-500,1000,408,2,1,0,49458,14567,39910,82.739
85360,754,0.065,0.7377,0.048,16.58,-750,-23.12,-251817,0,2.0193,22.044,-500,-3500,0.87,0.19,12,-500,1000,408,2,1,0,49472,14650,40101,82.849
85470,755,0.012,0.7447,0.009,18.14,-750,-23.12,-250066,0,2.0234,22.16,-500.3,-3502,0.86,0.18,12,-500,1000,408,2,1,0,49459,14789,40183,82.959
85580,756,0.125,0.7477,0.094,22.43,-750,-23.12,-246511,0,2.0343,22.468,-499.6,-3497,0.87,0.18,12,-500,1000,408,2,1,0,49487,14848,40400,83.069
85690,757,0.057,0.7529,0.043,29.66,-750,-23.12,-240975,0,2.0464,22.809,-499.7,-3498,0.86,0.18,12,-500,1000,408,2,1,0,49470,14952,40640,83.179
85801,758,0.113,0.7576,0.086,35.73,-750,-23.12,-237349,0,2.0547,23.042,-499.9,-3499,0.88,0.18,12,-500,0,408,0,1,0,49484,15045,40804,83.29
85910,759,0.049,0.7597,0.037,36.16,-750,-23.12,-238644,0,2.0565,23.093,-499.9,-3499,0.87,0.18,12,-500,0,408,0,1,0,49468,15087,40840,83.399
86020,760,0.081,0.7643,0.062,37.82,-750,-23.12,-237219,0,2.0563,23.087,-499.9,-3499,0.86,0.18,12,-500,0,408,0,1,0,49476,15178,40836,83.509
86130,761,0.077,0.7722,0.059,39.55,-750,-23.12,-236073,0,2.0565,23.094,-500.1,-3501,0.87,0.18,12,-500,0,408,0,1,0,49475,15336,40841,83.619
86240,762,0.061,0.7759,0.047,39.63,-750,-23.12,-236481,0,2.0566,23.097,-500,-3500,0.86,0.18,12,-500,0,408,0,1,0,49471,15408,40843,83.729
86350,763,0.097,0.7787,0.076,39.24,-750,-23.12,-236865,0,2.0569,23.104,-500.3,-3502,0.86,0.18,12,-500,0,408,0,1,0,49480,15465,40848,83.839
86460,764,0.057,0.7814,0.044,38.96,-750,-23.12,-237014,0,2.0571,23.11,-499.7,-3498,0.87,0.18,12,-500,0,408,0,1,0,49470,15517,40852,83.949
86570,765,0.105,0.7851,0.083,38.78,-750,-23.12,-237104,0,2.0567,23.1,-499.7,-3498,0.86,0.18,12,-500,0,408,0,1,0,49482,15592,40845,84.059
86680,766,0.017,0.7899,0.013,38.7,-750,-23.12,-237132,0,2.0571,23.11,-499.6,-3497,0.87,0.18,12,-500,0,408,0,1,0,49460,15687,40852,84.169
86790,767,0.093,0.7984,0.074,38.47,-750,-23.12,-237323,0,2.0567,23.099,-500.1,-3501,0.88,0.18,12,-500,0,408,0,1,0,49479,15855,40844,84.279
86900,768,0.057,0.8014,0.046,38.31,-750,-23.12,-237406,0,2.057,23.107,-499.7,-3498,0.87,0.18,12,-500,0,408,0,1,0,49470,15916,40850,84.389
87010,769,0.021,0.8051,0.017,38.18,-750,-23.12,-237485,0,2.057,23.109,-499.6,-3497,0.86,0.18,12,-500,0,408,0,1,0,49461,15988,40851,84.499
87120,770,0.073,0.8128,0.059,38.07,-750,-23.12,-237547,0,2.0571,23.11,-499.7,-3498,0.86,0.18,12,-500,0,408,0,1,0,49474,16142,40852,84.609
87230,771,0.045,0.8174,0.037,38.02,-750,-23.12,-237563,0,2.0562,23.086,-499.9,-3499,0.87,0.18,12,-500,0,408,0,1,0,49467,16233,40835,84.719
87340,772,0.158,0.8186,0.129,37.93,-750,-23.12,-237636,0,2.0569,23.104,-499.9,-3499,0.88,0.18,12,-500,0,408,0,1,0,49495,16257,40848,84.829
87450,773,0.061,0.8281,0.05,37.82,-750,-23.12,-237711,0,2.0568,23.103,-500.1,-3501,0.88,0.18,12,-500,0,408,0,1,0,49471,16446,40847,84.939
87560,774,0.037,0.8257,0.03,37.71,-750,-23.12,-237780,0,2.0567,23.099,-499.9,-3499,0.88,0.18,12,-500,0,408,0,1,0,49465,16398,40844,85.049
87670,775,0.19,0.8356,0.159,37.71,-750,-23.12,-237756,0,2.0568,23.102,-500.3,-3502,0.87,0.19,12,-500,0,408,0,1,0,49503,16594,40846,85.159
87780,776,0.105,0.839,0.088,37.65,-750,-23.12,-237802,0,2.0568,23.102,-499.9,-3499,0.86,0.18,12,-500,0,408,0,1,0,49482,16661,40846,85.269
87890,777,0.089,0.841,0.075,37.56,-750,-23.12,-237874,0,2.0571,23.111,-499.7,-3498,0.87,0.18,12,-500,0,408,0,1,0,49478,16701,40853,85.379
88000,778,0.109,0.8467,0.092,37.47,-750,-23.12,-237931,0,2.0569,23.106,-499.7,-3498,0.87,0.18,12,-500,0,408,0,1,0,49483,16815,40849,85.489
88110,779,0.057,0.8503,0.048,37.44,-750,-23.12,-237940,0,2.0568,23.103,-499.7,-3498,0.88,0.18,12,-500,0,408,0,1,0,49470,16886,40847,85.599
88220,780,0.061,0.857,0.052,37.41,-750,-23.12,-237952,0,2.0567,23.099,-499.7,-3498,0.88,0.18,12,-500,0,408,0,1,0,49471,17020,40844,85.709
88330,781,0.085,0.859,0.073,37.44,-750,-23.12,-237919,0,2.0569,23.106,-500,-3500,0.88,0.18,12,-500,0,408,0,1,0,49477,17059,40849,85.819
88440,782,0.093,0.8647,0.08,37.44,-750,-23.12,-237928,0,2.057,23.107,-499.9,-3499,0.88,0.18,12,-500,0,408,0,1,0,49479,17172,40850,85.929
88550,783,0.101,0.873,0.088,37.33,-750,-23.12,-238026,0,2.0569,23.106,-500.1,-3501,0.87,0.18,12,-500,0,408,0,1,0,49481,17336,40849,86.039
88660,784,0.041,0.8692,0.035,37.26,-750,-23.12,-238067,0,2.0566,23.097,-500.3,-3502,0.87,0.18,12,-500,0,408,0,1,0,49466,17262,40843,86.149
88770,785,0.117,0.8705,0.102,37.15,-750,-23.12,-238143,0,2.0564,23.09,-500.3,-3502,0.86,0.18,12,-500,0,408,0,1,0,49485,17287,40838,86.259
88880,786,0.033,0.8788,0.029,37.1,-750,-23.12,-238162,0,2.0573,23.117,-500.4,-3503,0.87,0.18,12,-500,0,408,0,1,0,49464,17452,40857,86.369
88990,787,0.069,0.8851,0.061,37.14,-750,-23.12,-238114,0,2.0566,23.097,-500.3,-3502,0.86,0.18,12,-500,0,408,0,1,0,49473,17578,40843,86.479
89100,788,0.133,0.8887,0.118,37.12,-750,-23.12,-238143,0,2.057,23.109,-500.4,-3503,0.86,0.18,12,-500,0,408,0,1,0,49489,17648,40851,86.589
89210,789,0.049,0.8947,0.044,36.99,-750,-23.12,-238259,0,2.0567,23.099,-499.7,-3498,0.87,0.18,12,-500,0,408,0,1,0,49468,17768,40844,86.699
89320,790,0.133,0.8984,0.12,36.9,-750,-23.12,-238300,0,2.057,23.107,-499.6,-3497,0.88,0.18,12,-500,0,408,0,1,0,49489,17841,40850,86.809
89430,791,0.153,0.8998,0.138,36.93,-750,-23.12,-238252,0,2.0568,23.103,-499.9,-3499,0.88,0.19,12,-500,0,408,0,1,0,49494,17869,40847,86.919
89540,792,0.045,0.9018,0.04,36.98,-750,-23.12,-238211,0,2.057,23.109,-499.7,-3498,0.88,0.18,12,-500,0,408,0,1,0,49467,17908,40851,87.029
89650,793,0.125,0.9093,0.114,36.85,-750,-23.12,-238347,0,2.0567,23.1,-499.9,-3499,0.88,0.18,12,-500,0,408,0,1,0,49487,18057,40845,87.139
89760,794,0.085,0.9137,0.078,36.79,-750,-23.12,-238366,0,2.0563,23.089,-500.4,-3503,0.87,0.18,12,-500,0,408,0,1,0,49477,18146,40837,87.249
89870,795,0.089,0.9157,0.082,36.75,-750,-23.12,-238387,0,2.057,23.109,-500.1,-3501,0.88,0.18,12,-500,0,408,0,1,0,49478,18184,40851,87.359
89980,796,0.081,0.8529,0.069,36.73,-750,-23.12,-238397,0,2.057,23.109,-500,-3500,0.89,0.19,12,-500,0,408,0,1,0,49476,16937,40851,87.469
90090,797,0.041,0.8058,0.033,36.7,-750,-23.12,-238416,0,2.0574,23.119,-500,-3500,0.88,0.19,12,-500,0,408,0,1,0,49466,16002,40858,87.579
90200,798,0.121,0.7645,0.093,36.7,-750,-23.12,-238409,0,2.056,23.079,-500.1,-3501,0.87,0.19,12,-500,0,408,0,1,0,49486,15182,40830,87.689
90310,799,0.129,0.7331,0.095,36.65,-750,-23.12,-238457,0,2.0574,23.119,-500.1,-3501,0.88,0.19,12,-500,0,408,0,1,0,49488,14559,40858,87.799
90420,800,0.141,0.7058,0.1,36.57,-750,-23.12,-238521,0,2.0571,23.11,-500.3,-3502,0.88,0.19,12,-500,0,408,0,1,0,49491,14017,40852,87.909
90530,801,0.069,0.6851,0.047,36.52,-750,-23.12,-238539,0,2.0572,23.114,-499.6,-3497,0.88,0.19,12,-500,0,408,0,1,0,49473,13605,40855,88.019
90640,802,0.081,0.6696,0.054,36.46,-750,-23.12,-238580,0,2.057,23.109,-499.9,-3499,0.87,0.19,12,-500,0,408,0,1,0,49476,13297,40851,88.129
90750,803,0.081,0.6584,0.053,36.45,-750,-23.12,-238578,0,2.0574,23.12,-500,-3500,0.86,0.18,12,-500,0,408,0,1,0,49476,13075,40859,88.239
90860,804,0.133,0.6474,0.086,36.44,-750,-23.12,-238578,0,2.0575,23.121,-499.9,-3499,0.88,0.18,12,-600,0,408,0,1,0,49489,12857,40860,88.349
90970,805,0.037,0.6449,0.024,36.41,-750,-23.12,-238604,0,2.0569,23.104,-534.3,-3740,6.06,1.65,12,-600,0,408,0,1,0,49465,12808,40848,88.459
91080,806,0.037,0.6383,0.023,36.35,-750,-23.12,-238654,0,2.0572,23.114,-583.3,-4083,3.48,0.98,12,-600,0,408,0,1,0,49465,12677,40855,88.569
91190,807,0.113,0.6318,0.072,36.25,-750,-23.12,-238729,0,2.0571,23.11,-606.1,-4243,1.5,0.41,12,-600,0,408,0,1,0,49484,12546,40852,88.679
91300,808,0.073,0.6343,0.046,36.01,-750,-23.12,-238929,0,2.0572,23.113,-611.6,-4281,0.81,0.21,12,-600,0,408,0,1,0,49474,12596,40854,88.789
91410,809,0.073,0.6302,0.046,35.78,-750,-23.12,-239077,0,2.0573,23.117,-611.3,-4279,0.68,0.17,12,-600,0,408,0,1,0,49474,12516,40857,88.899
91520,810,0.025,0.6307,0.015,35.64,-750,-23.12,-239135,0,2.0572,23.114,-609.3,-4265,0.72,0.18,12,-600,0,408,0,1,0,49462,12526,40855,89.009
91630,811,0.029,0.6277,0.018,35.63,-750,-23.12,-239113,0,2.0576,23.124,-608.1,-4257,0.78,0.19,12,-600,0,408,0,1,0,49463,12465,40862,89.119
91740,812,0.021,0.6289,0.013,35.6,-750,-23.12,-239138,0,2.0572,23.114,-606.6,-4246,0.8,0.2,12,-600,0,408,0,1,0,49461,12489,40855,89.229
91850,813,0.065,0.6234,0.04,35.62,-750,-23.12,-239111,0,2.0572,23.114,-606,-4242,0.81,0.2,12,-600,0,408,0,1,0,49472,12380,40855,89.339
91960,814,0.085,0.6251,0.053,35.68,-750,-23.12,-239056,0,2.0576,23.124,-605,-4235,0.82,0.21,12,-600,0,408,0,1,0,49477,12413,40862,89.449
92070,815,0.113,0.6203,0.07,35.62,-750,-23.12,-239130,0,2.0572,23.114,-604.4,-4231,0.83,0.21,12,-600,0,408,0,1,0,49484,12318,40855,89.559
92180,816,0.069,0.6217,0.043,35.5,-750,-23.12,-239226,0,2.0574,23.119,-603.9,-4227,0.84,0.21,12,-600,0,408,0,1,0,49473,12347,40858,89.669
92290,817,0.073,0.6248,0.046,35.4,-750,-23.12,-239284,0,2.0569,23.106,-603.3,-4223,0.84,0.21,12,-600,0,408,0,1,0,49474,12407,40849,89.779
92400,818,0.037,0.6252,0.023,35.39,-750,-23.12,-239268,0,2.0571,23.111,-603,-4221,0.84,0.21,12,-600,0,408,0,1,0,49465,12416,40853,89.889
92510,819,0.158,0.6227,0.098,35.37,-750,-23.12,-239284,0,2.0573,23.117,-602.3,-4216,0.85,0.22,12,-600,0,408,0,1,0,49495,12366,40857,89.999
92620,820,0.145,0.6233,0.091,35.28,-750,-23.12,-239355,0,2.057,23.109,-602.3,-4216,0.86,0.22,12,-600,0,408,0,1,0,49492,12379,40851,90.109
92730,821,0.077,0.6227,0.048,35.22,-750,-23.12,-239392,0,2.0573,23.116,-602.3,-4216,0.86,0.22,12,-600,0,643,0,1,0,49475,12366,40856,90.219
92840,822,0.097,0.6203,0.06,35.17,-750,-23.12,-239420,0,2.0569,23.104,-601.6,-4211,0.86,0.22,12,-600,0,643,0,1,0,49480,12318,40848,90.329
92950,823,0.061,0.6211,0.038,35.15,-750,-23.12,-239424,0,2.0571,23.11,-601.9,-4213,0.85,0.22,12,-600,0,643,0,1,0,49471,12335,40852,90.439
93060,824,0.065,0.6176,0.04,35.13,-750,-23.12,-239438,0,2.0578,23.13,-601.4,-4210,0.86,0.22,12,-600,0,643,0,1,0,49472,12265,40866,90.549
93170,825,0.065,0.6192,0.04,35.1,-750,-23.12,-239457,0,2.0577,23.128,-601,-4207,0.86,0.22,12,-600,0,643,0,1,0,49472,12296,40865,90.659
93280,826,0.109,0.6191,0.068,35.08,-750,-23.12,-239469,0,2.0576,23.126,-601.3,-4209,0.86,0.22,12,-600,0,643,0,1,0,49483,12295,40863,90.769
93390,827,0.069,0.6214,0.043,35.02,-750,-23.12,-239525,0,2.0578,23.131,-601.3,-4209,0.85,0.22,12,-600,0,643,0,1,0,49473,12341,40867,90.879
93500,828,0.057,0.6174,0.035,34.89,-750,-23.12,-239628,0,2.0577,23.128,-600.6,-4204,0.85,0.22,12,-600,0,643,0,1,0,49470,12261,40865,90.989
93610,829,0.149,0.62,0.093,34.83,-750,-23.12,-239646,0,2.0576,23.126,-601,-4207,0.86,0.22,12,-600,0,643,0,1,0,49493,12312,40863,91.099
93720,830,0.141,0.6209,0.088,34.75,-750,-23.12,-239706,0,2.0582,23.14,-600.7,-4205,0.86,0.22,12,-600,0,643,0,1,0,49491,12331,40873,91.209
93830,831,0.053,0.6199,0.033,34.73,-750,-23.12,-239701,0,2.0578,23.13,-600.3,-4202,0.86,0.22,12,-600,0,643,0,1,0,49469,12310,40866,91.319
93940,832,0.093,0.6197,0.058,34.67,-750,-23.12,-239747,0,2.0575,23.123,-600.9,-4206,0.85,0.21,12,-600,0,643,0,1,0,49479,12307,40861,91.429
94050,833,0.077,0.617,0.047,34.66,-750,-23.12,-239742,0,2.0579,23.133,-600.9,-4206,0.86,0.22,12,-600,0,643,0,1,0,49475,12254,40868,91.539
94160,834,0.041,0.6184,0.025,34.61,-750,-23.12,-239783,0,2.0578,23.13,-600.4,-4203,0.85,0.22,12,-600,0,643,0,1,0,49466,12280,40866,91.649
94270,835,0.137,0.6082,0.084,34.54,-750,-23.12,-239833,0,2.0578,23.13,-600.4,-4203,0.85,0.22,12,-600,0,643,0,1,0,49490,12079,40866,91.759
94380,836,0.045,0.6153,0.028,34.46,-750,-23.12,-239894,0,2.0576,23.124,-600.1,-4201,0.86,0.22,12,-600,0,643,0,1,0,49467,12220,40862,91.869
94490,837,0.061,0.6147,0.037,34.39,-750,-23.12,-239931,0,2.0577,23.127,-600.1,-4201,0.86,0.22,12,-600,0,643,0,1,0,49471,12208,40864,91.979
94600,838,0.033,0.6147,0.02,34.34,-750,-23.12,-239964,0,2.0576,23.126,-600.1,-4201,0.86,0.22,12,-600,0,643,0,1,0,49464,12207,40863,92.089
94710,839,0.089,0.6153,0.055,34.26,-750,-23.12,-240024,0,2.0577,23.128,-600,-4200,0.86,0.22,12,-600,0,643,0,1,0,49478,12219,40865,92.199
94820,840,0.117,0.619,0.073,34.21,-750,-23.12,-240049,0,2.0573,23.116,-600.1,-4201,0.85,0.22,12,-600,0,643,0,1,0,49485,12292,40856,92.309
94930,841,0.133,0.615,0.082,34.11,-750,-23.12,-240127,0,2.0578,23.131,-600,-4200,0.86,0.22,12,-600,0,643,0,1,0,49489,12214,40867,92.419
95040,842,0.097,0.618,0.06,34.11,-750,-23.12,-240097,0,2.0574,23.12,-600.1,-4201,0.86,0.22,12,-600,0,643,0,1,0,49480,12273,40859,92.529
95150,843,0.061,0.6166,0.038,34.07,-750,-23.12,-240137,0,2.057,23.109,-600.3,-4202,0.85,0.21,12,-600,0,643,0,1,0,49471,12245,40851,92.639
95260,844,0.004,0.6148,0.003,33.97,-600,-23.12,-240219,0,2.0581,23.138,-600.4,-4203,0.86,0.22,12,-600,0,643,0,1,0,49457,12210,40872,92.749
95370,845,0.041,0.6181,0.025,33.88,-600,-23.12,-240268,0,2.0579,23.134,-600.3,-4202,0.85,0.21,12,-600,0,643,0,1,0,49466,12274,40869,92.859
95480,846,0.041,0.6156,0.025,33.9,-600,-23.12,-240230,0,2.058,23.136,-600.1,-4201,0.86,0.22,12,-600,0,643,0,1,0,49466,12226,40870,92.969
95590,847,0.073,0.6127,0.045,33.88,-600,-23.12,-240254,0,2.0587,23.155,-599.7,-4198,0.87,0.22,12,-600,0,643,0,1,0,49474,12168,40884,93.079
95700,848,0.149,0.6192,0.093,33.88,-600,-23.12,-240251,0,2.0579,23.134,-599.9,-4199,0.86,0.22,12,-600,0,643,0,1,0,49493,12297,40869,93.189
95810,849,0.073,0.6155,0.045,33.8,-600,-23.12,-240318,0,2.0579,23.134,-600,-4200,0.86,0.22,12,-600,0,643,0,1,0,49474,12224,40869,93.299
95920,850,0.174,0.6151,0.107,33.78,-600,-23.12,-240315,0,2.0585,23.15,-600.1,-4201,0.86,0.22,12,-600,0,643,0,1,0,49499,12215,40880,93.409
96030,851,0.149,0.6171,0.092,33.8,-600,-23.12,-240292,0,2.0583,23.144,-599.7,-4198,0.86,0.22,12,-600,0,643,0,1,0,49493,12255,40876,93.519
96140,852,0.053,0.618,0.033,33.75,-600,-23.12,-240347,0,2.058,23.137,-599.9,-4199,0.87,0.22,12,-600,0,643,0,1,0,49469,12272,40871,93.629
96250,853,0.069,0.6187,0.043,33.69,-600,-23.12,-240389,0,2.0579,23.134,-600.1,-4201,0.87,0.22,12,-600,0,643,0,1,0,49473,12287,40869,93.739
96360,854,0.065,0.6237,0.04,33.63,-600,-633.63,-240430,0,2.0579,23.133,-599.9,-4199,0.86,0.22,12,-600,-1023,643,1,1,16,49472,12386,40868,93.849
96470,855,0.033,0.6181,0.02,33.61,-600,-633.61,-240426,0,2.0575,23.121,-600.1,-4201,0.86,0.22,12,-600,-1023,643,1,1,16,49464,12275,40860,93.959
96580,856,0.077,0.6208,0.048,31.12,-600,-631.12,-242743,0,2.0547,23.043,-600,-4200,0.85,0.22,12,-600,-1023,643,1,1,16,49475,12328,40805,94.069
96690,857,0.077,0.6216,0.048,21.19,-600,-621.19,-251288,0,2.045,22.769,-599.7,-4198,0.86,0.22,12,-600,-1023,643,1,1,16,49475,12344,40612,94.179
96800,858,0.053,0.621,0.033,6.04,-600,-606.04,-262618,0,2.0359,22.514,-599.9,-4199,0.87,0.22,12,-600,-1023,643,1,1,16,49469,12332,40432,94.289
96910,859,0.162,0.6199,0.1,-0.89,-600,-599.11,-264840,0,2.0232,22.154,-600.1,-4201,0.87,0.22,12,-600,-1023,643,1,1,16,49496,12311,40179,94.399
97020,860,0.077,0.6193,0.048,-4.5,-600,-595.5,-266257,0,2.0137,21.886,-599.7,-4198,0.86,0.22,12,-600,-1023,643,1,1,16,49475,12298,39990,94.509
97130,861,-0.02,0.6234,-0.012,-6.11,-600,-593.89,-266757,0,2.0061,21.673,-600,-4200,0.86,0.22,12,-600,-1023,643,1,1,16,49451,12381,39840,94.619
97240,862,0.037,0.6233,0.023,-7.94,-600,-592.06,-268010,0,1.9953,21.366,-599.9,-4199,0.86,0.22,12,-600,-1023,643,1,1,16,49465,12378,39624,94.729
97350,863,0.141,0.6249,0.088,-9.89,-600,-590.11,-269310,0,1.9888,21.183,-600,-4200,0.86,0.22,12,-600,-1023,643,1,1,16,49491,12410,39495,94.839
97460,864,0.085,0.6176,0.053,-11.61,-600,-588.39,-270366,0,1.9774,20.864,-600,-4200,0.86,0.22,12,-600,-1023,643,1,1,16,49477,12265,39270,94.949
97570,865,0.133,0.6193,0.083,-13.97,-600,-586.03,-272079,0,1.9701,20.656,-600,-4200,0.85,0.22,12,-600,-1023,643,1,1,16,49489,12299,39124,95.059
97680,866,0.049,0.6189,0.03,-13.48,-600,-586.52,-270971,0,1.9588,20.337,-600.1,-4201,0.85,0.21,12,-600,-1023,643,1,1,16,49468,12291,38899,95.169
97790,867,0.053,0.6216,0.033,-13.99,-600,-586.01,-271577,0,1.9464,19.989,-599.9,-4199,0.86,0.22,12,-600,-1023,643,1,1,16,49469,12344,38654,95.279
97900,868,0.017,0.6177,0.01,-14.02,-600,-585.98,-271467,0,1.9348,19.661,-600,-4200,0.85,0.22,12,-600,-1023,643,1,1,16,49460,12266,38423,95.389
98010,869,0.077,0.6183,0.048,-13.61,-600,-586.39,-271075,0,1.9232,19.334,-600.1,-4201,0.85,0.21,12,-600,-1023,643,1,1,16,49475,12279,38193,95.499
98120,870,0.012,0.6233,0.008,-13.11,-600,-586.89,-270728,0,1.9129,19.043,-599.9,-4199,0.86,0.22,12,-600,-1023,643,1,1,16,49459,12378,37988,95.609
98230,871,0.045,0.6188,0.028,-13.41,-600,-586.59,-271142,0,1.9025,18.749,-599.9,-4199,0.85,0.21,12,-600,-1023,643,1,1,16,49467,12289,37781,95.719
98340,872,0.089,0.6216,0.055,-14.73,-600,-585.27,-272288,0,1.8941,18.513,-600,-4200,0.85,0.21,12,-600,-1023,643,1,1,16,49478,12345,37615,95.829
98450,873,0.093,0.621,0.058,-15.78,-600,-584.22,-272893,0,1.8831,18.204,-599.9,-4199,0.85,0.22,12,-600,-1023,643,1,1,16,49479,12332,37397,95.939
98560,874,0.065,0.623,0.04,-16.65,-600,-583.35,-273412,0,1.875,17.974,-599.9,-4199,0.85,0.21,12,-600,-1023,643,1,1,16,49472,12373,37235,96.049
98670,875,0.041,0.6193,0.025,-16.82,-600,-583.18,-273331,0,1.8647,17.684,-600,-4200,0.86,0.22,12,-600,-1023,643,1,1,16,49466,12298,37031,96.159
98780,876,0.093,0.6219,0.058,-17.44,-600,-582.56,-273862,0,1.8539,17.379,-600.3,-4202,0.86,0.22,12,-600,-1023,643,1,1,16,49479,12350,36816,96.269
98890,877,0.041,0.6214,0.025,-17.96,-600,-582.04,-274164,0,1.8411,17.018,-600,-4200,0.85,0.22,12,-600,-1023,643,1,1,16,49466,12341,36562,96.379
99000,878,0.069,0.6203,0.043,-18.45,-600,-581.55,-274483,0,1.8312,16.74,-600,-4200,0.85,0.22,12,-600,-1023,643,1,1,16,49473,12319,36366,96.489
99110,879,0.045,0.6231,0.028,-18.29,-600,-581.71,-274191,0,1.8199,16.42,-600,-4200,0.86,0.22,12,-600,-1023,643,1,1,16,49467,12375,36141,96.599
99220,880,0.105,0.6213,0.065,-18.69,-600,-581.31,-274609,0,1.8078,16.081,-599.6,-4197,0.86,0.22,12,-600,-1023,643,1,1,16,49482,12338,35902,96.709
99330,881,0.113,0.6193,0.07,-18.88,-600,-581.12,-274673,0,1.7969,15.773,-600,-4200,0.85,0.21,12,-600,-1023,643,1,1,16,49484,12299,35685,96.819
99440,882,0.073,0.6182,0.045,-19.18,-600,-580.82,-274904,0,1.7889,15.547,-600.1,-4201,0.85,0.21,12,-600,-1023,643,1,1,16,49474,12277,35526,96.929
99550,883,0.077,0.6192,0.048,-18.71,-600,-581.29,-274384,0,1.7776,15.228,-599.9,-4199,0.84,0.21,12,-600,-1023,643,1,1,16,49475,12297,35301,97.039
99660,884,0.101,0.6222,0.063,-18.85,-600,-581.15,-274644,0,1.7675,14.942,-600,-4200,0.84,0.21,12,-600,-1023,643,1,1,16,49481,12356,35100,97.149
99770,885,0.129,0.6211,0.08,-19.22,-600,-580.78,-274949,0,1.7597,14.723,-600.1,-4201,0.85,0.21,12,-600,-1023,643,1,1,16,49488,12334,34946,97.259
99880,886,0.069,0.6235,0.043,-20.02,-600,-579.98,-275592,0,1.7488,14.415,-600.1,-4201,0.85,0.21,12,-600,-1023,643,1,1,16,49473,12383,34729,97.369
99990,887,0.089,0.6193,0.055,-21.11,-600,-578.89,-276382,0,1.7367,14.075,-600.1,-4201,0.85,0.21,12,-600,-1023,643,1,1,16,49478,12299,34489,97.479
100100,888,0.057,0.6168,0.035,-20.73,-600,-579.27,-275721,0,1.7257,13.765,-599.9,-4199,0.84,0.21,12,-600,-1023,643,1,1,16,49470,12250,34271,97.589
100210,889,0.081,0.6183,0.05,-22.02,-600,-577.98,-277026,0,1.713,13.407,-599.9,-4199,0.84,0.21,12,-600,-1023,643,1,1,16,49476,12278,34019,97.699
100320,890,0,0.6156,0,-21.58,-600,-578.42,-276264,0,1.7045,13.167,-599.9,-4199,0.85,0.21,12,-600,-1023,643,1,1,16,49456,12225,33850,97.809
100430,891,0.049,0.6199,0.03,-21.61,-600,-578.39,-276407,0,1.6964,12.937,-600,-4200,0.85,0.21,12,-600,-1023,643,1,1,16,49468,12310,33688,97.919
100540,892,0.065,0.6198,0.04,-23.25,-600,-576.75,-277926,0,1.6899,12.754,-600,-4200,0.85,0.21,12,-600,-1023,643,1,1,16,49472,12308,33559,98.029
100650,893,-0.008,0.6217,-0.005,-28.73,-600,-571.27,-282577,0,1.6741,12.311,-599.7,-4198,0.86,0.22,12,-600,-1023,643,1,1,16,49454,12347,33247,98.139
100760,894,0.037,0.6222,0.023,-34.53,-600,-565.47,-286443,0,1.6684,12.148,-599.7,-4198,0.86,0.22,12,-600,-1023,643,1,1,16,49465,12356,33132,98.249
100870,895,0.012,0.6218,0.008,-33.46,-600,-566.54,-283819,0,1.658,11.856,-599.9,-4199,0.86,0.22,12,-600,-1023,643,1,1,16,49459,12348,32927,98.359
100980,896,-0.024,0.6188,-0.015,-33.11,-600,-566.89,-283801,0,1.6475,11.558,-600,-4200,0.87,0.22,12,-600,-1023,643,1,1,16,49450,12288,32717,98.469
101090,897,0.045,0.6238,0.028,-34.85,-600,-565.15,-285514,0,1.6376,11.281,-599.9,-4199,0.86,0.22,12,-600,-1023,643,1,1,16,49467,12389,32522,98.579
101200,898,0.081,0.6231,0.05,-33.36,-600,-566.64,-283644,0,1.6249,10.922,-600,-4200,0.85,0.21,12,-600,-1023,643,1,1,16,49476,12374,32269,98.689
101310,899,0.121,0.6248,0.076,-32.56,-600,-567.44,-283316,0,1.6115,10.544,-600,-4200,0.85,0.21,12,-600,-1023,643,1,1,16,49486,12408,32003,98.799
101420,900,0.077,0.6221,0.048,-32.41,-600,-567.59,-283395,0,1.6003,10.228,-599.7,-4198,0.85,0.21,12,-600,-1023,643,1,1,16,49475,12355,31780,98.909
101530,901,0.073,0.6229,0.045,-32.81,-600,-567.19,-283809,0,1.5915,9.979,-600.1,-4201,0.85,0.21,12,-600,-1023,643,1,1,16,49474,12371,31605,99.019
101640,902,-0.012,0.6237,-0.007,-30.37,-600,-569.63,-281425,0,1.578,9.6,-600.1,-4201,0.85,0.21,12,-600,-1023,643,1,1,16,49453,12386,31338,99.129
101750,903,0.057,1.1788,0.067,-29.85,-600,-570.15,-281631,0,1.5692,9.35,-599.6,-4197,0.86,0.22,12,-600,-1023,643,1,1,16,49470,23410,31162,99.239
101860,904,0.061,0.7965,0.048,-28.39,-600,-571.61,-280412,0,1.5983,10.171,-599.9,-4199,0.86,0.22,12,-600,-1023,643,1,1,16,49471,15817,31740,99.349
101970,905,0.008,0.1927,0.002,-28.75,-600,-571.25,-281157,0,1.5822,9.718,-599.3,-4195,0.89,0.23,12,-600,-1023,643,1,1,16,49458,3827,31421,99.459
102080,906,0.017,1.397,0.023,-39.69,-600,-560.31,-291237,0,1.5503,8.818,-599.1,-4194,0.9,0.23,12,-600,-1023,643,1,1,16,49460,27744,30787,99.569
102190,907,0.097,1.2915,0.125,-48.95,-600,-551.05,-296805,0,1.548,8.754,-599,-4193,0.93,0.24,12,-600,-1023,643,1,1,16,49480,25649,30742,99.679
102300,908,-0.032,1.3483,-0.043,-63.08,-600,-536.92,-307363,0,1.5456,8.686,-598.9,-4192,0.94,0.24,12,-600,-1023,643,1,1,16,49448,26777,30694,99.789
102410,909,0.021,1.4144,0.029,-79.86,-600,-520.14,-319047,0,1.542,8.583,-599.1,-4194,0.95,0.24,12,-600,-1023,643,1,1,16,49461,28089,30622,99.899
102520,910,-0.157,1.1788,-0.185,-98.02,-600,-501.98,-331254,0,1.5387,8.491,-598.6,-4190,0.97,0.25,12,-600,-1023,643,1,1,16,49417,23409,30557,100.009
102630,911,-0.024,1.1665,-0.028,-130.14,-600,-469.86,-356090,0,1.5346,8.376,-598.4,-4189,0.99,0.25,12,-600,-1023,643,1,1,16,49450,23166,30476,100.119
102740,912,-0.729,1.109,-0.808,-153.45,-600,-446.55,-368813,0,1.535,8.387,-598.4,-4189,1.01,0.26,12,-600,-1023,643,1,1,16,49275,22023,30484,100.229
102850,913,3.924,0.4183,1.642,-173.94,-600,-426.06,-381373,0,1.5402,8.532,-598.6,-4190,1.02,0.26,12,-600,-1023,643,1,1,16,50430,8308,30586,100.339
102960,914,0.069,0.1408,0.01,-194.2,-600,-405.8,-394514,0,1.5511,8.84,-597.9,-4185,1.05,0.27,12,-600,-1023,643,1,1,16,49473,2796,30803,100.449
103070,915,0.025,1.3714,0.034,-229.61,-600,-370.39,-421811,0,1.5615,9.133,-598,-4186,1.07,0.28,12,-600,-1023,643,1,1,16,49462,27235,31009,100.559
103180,916,0,1.174,0,-254.79,-600,-345.21,-435366,0,1.544,8.642,-597.9,-4185,1.09,0.29,12,-600,-1023,643,1,1,16,49456,23315,30663,100.669
103290,917,0.246,1.011,0.249,-276.95,-600,-323.05,-448959,0,1.5406,8.545,-598,-4186,1.1,0.29,12,-600,-1023,643,1,1,16,49517,20078,30595,100.779
103400,918,-0.108,1.1324,-0.123,-298.4,-600,-301.6,-462736,0,1.5376,8.46,-598,-4186,1.12,0.29,12,-600,-1023,643,1,1,16,49429,22488,30535,100.889
103510,919,0.033,1.1364,0.037,-335.1,-600,-264.9,-490906,0,1.5334,8.342,-598,-4186,1.13,0.3,12,-600,-1023,643,1,1,16,49464,22568,30452,100.999
103620,920,0.049,1.2121,0.059,-361.18,-600,-238.82,-504940,0,1.5309,8.272,-598.1,-4187,1.14,0.3,12,-600,-1023,643,1,1,16,49468,24072,30403,101.109
103730,921,-0.137,0.1473,-0.02,-383.66,-600,-216.34,-518571,0,1.5276,8.179,-598.3,-4188,1.15,0.3,12,-600,-1023,643,1,1,16,49422,2926,30337,101.219
103840,922,-0.249,1.1617,-0.29,-404.66,-600,-195.34,-531851,0,1.5241,8.081,-598.3,-4188,1.15,0.3,12,-600,-1023,643,1,1,16,49394,23071,30268,101.329
103950,923,-0.064,1.0617,-0.068,-424.86,-600,-175.14,-544787,0,1.5239,8.075,-598.7,-4191,1.15,0.3,12,-600,-1023,643,1,1,16,49440,21084,30264,101.439
104060,924,0.145,1.1364,0.165,-459.55,-600,-140.45,-571434,0,1.5284,8.201,-598.6,-4190,1.17,0.31,12,-600,-1020,643,1,1,0,49492,22567,30353,101.549
104170,925,0.061,0.1004,0.006,-484.39,-600,-115.61,-584871,0,1.5353,8.396,-597.9,-4185,1.21,0.32,12,-600,-941,784,1,1,0,49471,1994,30490,101.659
104280,926,-0.076,1.1931,-0.091,-506.04,-600,-93.96,-598084,0,1.5444,8.652,-597.9,-4185,1.23,0.33,12,-600,-725,784,1,1,0,49437,23694,30670,101.769
104390,927,5.189,0.5556,2.883,-526.46,-600,-73.54,-611047,0,1.5334,8.342,-597.7,-4184,1.25,0.33,12,-600,-473,784,1,1,0,50744,11033,30452,101.879
104500,928,4.794,0.9093,4.359,-557.81,-600,-42.19,-634518,0,1.53,8.247,-597.9,-4185,1.27,0.34,12,-600,264,784,1,1,0,50646,18058,30385,101.989
104610,929,7.723,0.9546,7.372,-576.3,-600,-23.7,-642977,0,1.5262,8.139,-598,-4186,1.29,0.34,12,-600,200,784,1,1,0,51373,18958,30309,102.099
104720,930,0.145,1.0932,0.159,-586.69,-600,-13.31,-647488,0,1.5237,8.069,-597.6,-4183,1.3,0.35,12,-600,200,784,1,1,0,49492,21709,30260,102.209
104830,931,0.045,0.1204,0.005,-588.45,-600,-11.55,-646224,0,1.5205,7.977,-598.3,-4188,1.32,0.35,12,-600,-200,784,1,1,0,49467,2392,30195,102.319
104940,932,0.282,0.1211,0.034,-581.15,-600,-18.85,-638939,0,1.5183,7.916,-598.4,-4189,1.31,0.35,12,-600,-463,784,1,1,0,49526,2405,30152,102.429
105050,933,0.137,0.1315,0.018,-576.05,-600,-23.95,-636224,0,1.5136,7.782,-598.7,-4191,1.29,0.34,12,-600,-475,784,1,1,0,49490,2612,30058,102.539
105160,934,0.045,0.146,0.007,-574.53,-600,-23.95,-636239,0,1.5112,7.717,-599,-4193,1.27,0.34,12,-600,1000,784,2,1,0,49467,2899,30012,102.649
105270,935,0.073,0.1588,0.012,-577.17,-600,-23.95,-639117,0,1.5152,7.828,-599.1,-4194,1.27,0.34,12,-600,1000,784,2,1,0,49474,3153,30090,102.759
105380,936,0.081,0.0648,0.005,-581.16,-600,-23.95,-642094,0,1.5225,8.035,-599.4,-4196,1.25,0.33,12,-600,1000,784,2,1,0,49476,1287,30236,102.869
105490,937,0.033,0.6521,0.021,-559.2,-600,-23.95,-620539,0,1.535,8.386,-599.9,-4199,1.24,0.33,12,-600,1000,784,2,1,0,49464,12950,30483,102.979
105600,938,-1.301,0.1343,-0.175,-534.44,-600,-23.95,-603625,0,1.5233,8.058,-600.1,-4201,1.21,0.32,12,-600,1000,784,2,1,0,49133,2667,30252,103.089
105710,939,-0.008,0.1555,-0.001,-508.95,-600,-23.95,-586820,0,1.5204,7.974,-600.6,-4204,1.19,0.31,12,-600,1000,784,2,1,0,49454,3088,30193,103.199
105820,940,0.141,1.0199,0.144,-483.61,-600,-23.95,-570347,0,1.5157,7.844,-600.4,-4203,1.18,0.31,12,-600,1000,784,2,1,0,49491,20255,30101,103.309
105930,941,-0.133,1.1341,-0.15,-440.34,-600,-23.95,-537151,0,1.5116,7.727,-600.7,-4205,1.17,0.31,12,-600,1000,784,2,1,0,49423,22522,30019,103.419
106040,942,0.218,0.1496,0.033,-409.68,-600,-23.95,-520686,0,1.5099,7.68,-601,-4207,1.15,0.3,12,-600,1000,784,2,1,0,49510,2971,29986,103.529
106150,943,-0.362,0.0492,-0.018,-382.98,-600,-23.95,-504400,0,1.5059,7.567,-601,-4207,1.13,0.3,12,-600,1000,784,2,1,0,49366,977,29906,103.639
106260,944,0.141,0.163,0.023,-357.55,-600,-23.95,-488186,0,1.5021,7.46,-601.3,-4209,1.1,0.29,12,-600,1000,784,2,1,0,49491,3237,29831,103.749
106370,945,0.025,0.1582,0.004,-314.78,-600,-23.95,-455473,0,1.5032,7.49,-601.4,-4210,1.09,0.29,12,-600,1000,784,2,1,0,49462,3141,29852,103.859
106480,946,-0.096,0.1133,-0.011,-283.85,-600,-23.95,-438629,0,1.5103,7.692,-601,-4207,1.09,0.29,12,-600,1000,784,2,1,0,49432,2251,29994,103.969
106590,947,0.045,0.2423,0.011,-256.02,-600,-23.95,-421363,0,1.5216,8.01,-601.1,-4208,1.08,0.28,12,-600,1000,784,2,1,0,49467,4812,30218,104.079
106700,948,-0.257,0.3345,-0.086,-229.13,-600,-23.95,-404107,0,1.5252,8.111,-601.6,-4211,1.05,0.27,12,-600,1000,784,2,1,0,49392,6643,30289,104.189
106810,949,-0.04,1.1373,-0.045,-203.36,-600,-23.95,-387629,0,1.516,7.851,-601.9,-4213,1.01,0.26,12,-600,1000,784,2,1,0,49446,22586,30106,104.299
106920,950,1.37,0.1817,0.249,-162.58,-600,-23.95,-356861,0,1.5096,7.67,-602.4,-4217,0.97,0.25,12,-600,1000,784,2,1,0,49796,3608,29979,104.409
107030,951,1.132,0.8205,0.929,-135.26,-600,-23.95,-342825,0,1.5073,7.605,-602.6,-4218,0.93,0.24,12,-600,1000,784,2,1,0,49737,16295,29933,104.519
107140,952,0.049,1.162,0.057,-112.18,-600,-23.95,-328970,0,1.5053,7.55,-602.7,-4219,0.92,0.24,12,-600,1000,784,2,1,0,49468,23076,29894,104.629
107250,953,0.097,0.7492,0.073,-90.64,-600,-23.95,-315365,0,1.5063,7.577,-602.6,-4218,0.89,0.23,12,-600,1000,784,2,1,0,49480,14878,29913,104.739
107360,954,0.077,0.7428,0.057,-58.62,-600,-23.95,-291579,0,1.5156,7.839,-602.6,-4218,0.86,0.22,12,-600,1000,784,2,1,0,49475,14751,30098,104.849
107470,955,0.025,0.6738,0.017,-40.77,-600,-23.95,-283902,0,1.5261,8.135,-602.4,-4217,0.85,0.21,12,-600,1000,784,2,1,0,49462,13382,30306,104.959
107580,956,0.021,0.1528,0.003,-30.22,-600,-23.95,-279069,0,1.539,8.501,-602.3,-4216,0.85,0.22,12,-600,1000,784,2,1,0,49461,3035,30564,105.069
107690,957,0.077,0.1928,0.015,-22.82,-600,-23.95,-275124,0,1.5431,8.616,-601.7,-4212,0.85,0.21,12,-600,1000,784,2,1,0,49475,3829,30645,105.179
107800,958,0.141,0.2353,0.033,-9.88,-600,-23.95,-265149,0,1.55,8.809,-602.1,-4215,0.83,0.21,12,-600,1000,784,2,1,0,49491,4672,30781,105.289
107910,959,0,0.2477,0,-2.92,-600,-23.95,-262283,0,1.5563,8.988,-601.9,-4213,0.82,0.21,12,-600,1000,784,2,1,0,49456,4920,30907,105.399
108020,960,0.158,0.3099,0.049,1.86,-600,-23.95,-259778,0,1.5679,9.315,-601.6,-4211,0.82,0.21,12,-600,1000,784,2,1,0,49495,6154,31137,105.509
108130,961,0.017,0.3559,0.006,5.4,-600,-23.95,-257812,0,1.5776,9.589,-601.9,-4213,0.81,0.2,12,-600,1000,784,2,1,0,49460,7068,31330,105.619
108240,962,0.145,0.3932,0.057,6.52,-600,-23.95,-257759,0,1.587,9.853,-601.6,-4211,0.83,0.21,12,-600,1000,784,2,1,0,49492,7809,31516,105.729
108350,963,0.085,0.4129,0.035,7.91,-600,-23.95,-256783,0,1.5991,10.195,-601.1,-4208,0.82,0.21,12,-600,1000,784,2,1,0,49477,8200,31757,105.839
108460,964,0.117,0.4317,0.051,8.25,-600,-23.95,-256852,0,1.6076,10.434,-601.1,-4208,0.82,0.21,12,-600,1000,784,2,1,0,49485,8573,31925,105.949
108570,965,0.029,0.4437,0.013,8.5,-600,-23.95,-256718,0,1.6197,10.774,-600.7,-4205,0.83,0.21,12,-600,1000,784,2,1,0,49463,8811,32165,106.059
108680,966,0.113,0.4536,0.051,9.16,-600,-23.95,-256165,0,1.6294,11.05,-600.3,-4202,0.84,0.21,12,-600,1000,784,2,1,0,49484,9008,32359,106.169
108790,967,0.174,0.4619,0.08,10.34,-600,-23.95,-255256,0,1.6396,11.335,-600.7,-4205,0.83,0.21,12,-600,1000,784,2,1,0,49499,9172,32560,106.279
108900,968,0.077,0.4656,0.036,10.77,-600,-23.95,-255186,0,1.6507,11.651,-600.7,-4205,0.83,0.21,12,-600,1000,784,2,1,0,49475,9246,32782,106.389
109010,969,0.145,0.4678,0.068,11.26,-600,-23.95,-254849,0,1.6619,11.966,-600.3,-4202,0.83,0.21,12,-600,1000,784,2,1,0,49492,9291,33004,106.499
109120,970,0.025,0.4756,0.012,11.34,-600,-23.95,-254915,0,1.6707,12.214,-600.6,-4204,0.83,0.21,12,-600,1000,784,2,1,0,49462,9445,33179,106.609
109230,971,0.097,0.4833,0.047,10.15,-600,-23.95,-256042,0,1.6815,12.518,-600.7,-4205,0.83,0.21,12,-600,1000,784,2,1,0,49480,9597,33393,106.719
109340,972,0.041,0.4868,0.02,10.17,-600,-23.95,-255688,0,1.6918,12.808,-600.1,-4201,0.83,0.21,12,-600,1000,784,2,1,0,49466,9667,33597,106.829
109450,973,0.045,0.4924,0.022,9.88,-600,-23.95,-255962,0,1.7027,13.116,-600.4,-4203,0.83,0.21,12,-600,1000,784,2,1,0,49467,9778,33814,106.939
109560,974,0.073,0.4939,0.036,9.82,-600,-23.95,-255939,0,1.7138,13.43,-600.1,-4201,0.84,0.21,12,-600,1000,784,2,1,0,49474,9808,34035,107.049
109670,975,0.057,0.4986,0.028,9.63,-600,-23.95,-256098,0,1.7258,13.766,-600.1,-4201,0.83,0.21,12,-600,1000,784,2,1,0,49470,9901,34272,107.159
109780,976,0.105,0.5025,0.053,10.95,-600,-23.95,-254824,0,1.7358,14.05,-600,-4200,0.84,0.21,12,-600,1000,784,2,1,0,49482,9979,34472,107.269
109890,977,0.137,0.5026,0.069,12.58,-600,-23.95,-253673,0,1.7453,14.319,-599.9,-4199,0.84,0.21,12,-600,1000,784,2,1,0,49490,9982,34661,107.379
110000,978,0.049,0.5107,0.025,13.39,-600,-23.95,-253366,0,1.755,14.591,-600,-4200,0.85,0.21,12,-600,1000,784,2,1,0,49468,10142,34853,107.489
110110,979,0.057,0.5163,0.029,14.44,-600,-23.95,-252626,0,1.7642,14.851,-600.1,-4201,0.84,0.21,12,-600,1000,784,2,1,0,49470,10254,35036,107.599
110220,980,0.085,0.5195,0.044,17.16,-600,-23.95,-250381,0,1.7765,15.198,-600,-4200,0.84,0.21,12,-600,1000,784,2,1,0,49477,10317,35280,107.709
110330,981,0.121,0.5178,0.063,18.09,-600,-23.95,-250271,0,1.789,15.55,-600,-4200,0.85,0.21,12,-600,1000,784,2,1,0,49486,10284,35528,107.819
110440,982,0.029,0.5266,0.015,17.19,-600,-23.95,-251373,0,1.7971,15.779,-600,-4200,0.84,0.21,12,-600,1000,784,2,1,0,49463,10457,35689,107.929
110550,983,-0.024,0.5258,-0.012,15.57,-600,-23.95,-252627,0,1.8088,16.109,-600.1,-4201,0.83,0.21,12,-600,1000,784,2,1,0,49450,10442,35922,108.039
110660,984,0.125,0.5339,0.067,15.46,-600,-23.95,-252279,0,1.8198,16.418,-600.4,-4203,0.83,0.21,12,-600,1000,784,2,1,0,49487,10602,36139,108.149
110770,985,0.105,0.5362,0.056,14.8,-600,-23.95,-252868,0,1.83,16.706,-600,-4200,0.83,0.21,12,-600,1000,784,2,1,0,49482,10648,36342,108.259
110880,986,0.057,0.5395,0.031,14.01,-600,-23.95,-253413,0,1.8394,16.971,-599.9,-4199,0.83,0.21,12,-600,1000,784,2,1,0,49470,10713,36529,108.369
110990,987,0.012,0.543,0.007,14.26,-600,-23.95,-252964,0,1.8501,17.272,-600.1,-4201,0.83,0.21,12,-600,1000,784,2,1,0,49459,10783,36741,108.479
111100,988,0.101,0.5456,0.055,15.47,-600,-23.95,-251906,0,1.8612,17.585,-600.3,-4202,0.83,0.21,12,-600,1000,784,2,1,0,49481,10835,36961,108.589
111210,989,0.117,0.5458,0.064,16.1,-600,-23.95,-251655,0,1.8698,17.828,-599.7,-4198,0.83,0.21,12,-600,1000,784,2,1,0,49485,10839,37132,108.699
111320,990,0.008,0.5519,0.005,17.54,-600,-23.95,-250490,0,1.8739,17.943,-599.9,-4199,0.83,0.21,12,-600,1000,784,2,1,0,49458,10960,37213,108.809
111430,991,0.057,0.5497,0.031,21.3,-600,-23.95,-247396,0,1.8858,18.281,-599.9,-4199,0.84,0.21,12,-600,1000,784,2,1,0,49470,10916,37451,108.919
111540,992,0.065,0.5552,0.036,27.57,-600,-23.95,-242607,0,1.8973,18.603,-599.7,-4198,0.84,0.21,12,-600,1000,784,2,1,0,49472,11026,37678,109.029
111650,993,0.17,0.555,0.094,32.66,-600,-23.95,-239618,0,1.9068,18.871,-600.3,-4202,0.83,0.21,12,-600,1000,784,2,1,0,49498,11022,37867,109.139
111760,994,0.041,0.5551,0.023,34.75,-600,-23.95,-239102,0,1.9194,19.226,-600.3,-4202,0.83,0.21,12,-600,1000,784,2,1,0,49466,11023,38117,109.249
111870,995,0.041,0.5569,0.023,36.33,-600,-23.95,-238212,0,1.93,19.526,-600,-4200,0.83,0.21,12,-600,1000,784,2,1,0,49466,11059,38328,109.359
111980,996,0.077,0.5572,0.043,37.21,-600,-23.95,-237826,0,1.9415,19.851,-600.1,-4201,0.83,0.21,12,-600,1000,784,2,1,0,49475,11065,38557,109.469
112090,997,0.012,0.5637,0.007,41.08,-600,-23.95,-234477,0,1.9518,20.139,-600.1,-4201,0.83,0.21,12,-600,1000,784,2,1,0,49459,11194,38760,109.579
112200,998,0.166,0.5661,0.094,42.51,-600,-23.95,-234224,0,1.9616,20.416,-600,-4200,0.82,0.21,12,-600,1000,784,2,1,0,49497,11243,38955,109.689
112310,999,-0.016,0.5667,-0.009,42.85,-600,-23.95,-234312,0,1.9727,20.73,-599.9,-4199,0.83,0.21,12,-600,1000,784,2,1,0,49452,11254,39176,109.799
112420,1000,0.101,0.562,0.057,41.48,-600,-23.95,-235676,0,1.9825,21.006,-599.7,-4198,0.83,0.21,12,-600,1000,784,2,1,0,49481,11160,39370,109.909
112530,1001,0.073,0.5632,0.041,41.28,-600,-23.95,-235481,0,2.0034,21.596,-599.9,-4199,0.83,0.21,12,-600,1000,784,2,1,0,49474,11184,39786,110.019
112640,1002,0.065,0.5517,0.036,28.72,-600,-23.95,-247121,0,2.0148,21.919,-599.6,-4197,0.84,0.21,12,-600,1000,784,2,1,0,49472,10956,40013,110.129
112750,1003,0.057,0.5535,0.031,21.36,-600,-23.95,-250454,0,2.0267,22.252,-599.9,-4199,0.85,0.21,12,-600,1000,784,2,1,0,49470,10992,40248,110.239
112860,1004,0.037,0.5569,0.02,20.12,-600,-23.95,-249561,0,2.0373,22.551,-600.1,-4201,0.84,0.21,12,-600,1000,784,2,1,0,49465,11059,40458,110.349
112970,1005,0.117,0.559,0.066,19.37,-600,-23.95,-249908,0,2.0481,22.856,-600,-4200,0.84,0.21,12,-600,1000,784,2,1,0,49485,11102,40673,110.459
113081,1006,0.105,0.5647,0.059,18.74,-600,-23.95,-250292,0,2.057,23.109,-600,-4200,0.83,0.21,12,-600,0,784,0,1,0,49482,11215,40851,110.57
113190,1007,0.012,0.5668,0.007,19.75,-600,-23.95,-249172,0,2.0597,23.184,-600,-4200,0.84,0.21,12,-600,0,784,0,1,0,49459,11257,40904,110.679
113300,1008,0.097,0.5692,0.055,20.84,-600,-23.95,-248443,0,2.0592,23.17,-599.7,-4198,0.84,0.21,12,-600,0,784,0,1,0,49480,11303,40894,110.789
113410,1009,0.025,0.5741,0.014,20.09,-600,-23.95,-249437,0,2.0599,23.188,-599.7,-4198,0.83,0.21,12,-600,0,784,0,1,0,49462,11401,40907,110.899
113520,1010,0.073,0.5691,0.041,18.82,-600,-23.95,-250414,0,2.0607,23.211,-599.9,-4199,0.83,0.21,12,-600,0,784,0,1,0,49474,11302,40923,111.009
113630,1011,0.053,0.5747,0.03,17.64,-600,-23.95,-251154,0,2.0606,23.209,-600.3,-4202,0.83,0.21,12,-600,0,784,0,1,0,49469,11413,40922,111.119
113740,1012,0,0.574,0,16.87,-600,-23.95,-251548,0,2.0609,23.218,-599.9,-4199,0.82,0.21,12,-600,0,784,0,1,0,49456,11399,40928,111.229
113850,1013,0.061,0.5777,0.035,16.15,-600,-23.95,-252001,0,2.0606,23.209,-600,-4200,0.82,0.21,12,-600,0,784,0,1,0,49471,11473,40922,111.339
113960,1014,0.105,0.5778,0.061,15.51,-600,-23.95,-252396,0,2.0606,23.208,-600.3,-4202,0.83,0.21,12,-600,0,784,0,1,0,49482,11474,40921,111.449
114070,1015,0.133,0.5807,0.077,14.72,-600,-23.95,-252950,0,2.0607,23.212,-599.9,-4199,0.83,0.21,12,-600,0,784,0,1,0,49489,11532,40924,111.559
114180,1016,0.117,0.5817,0.068,14.37,-600,-23.95,-253056,0,2.0608,23.214,-600.1,-4201,0.83,0.21,12,-600,0,784,0,1,0,49485,11553,40925,111.669
114290,1017,0.057,0.582,0.033,14.16,-600,-23.95,-253155,0,2.0606,23.208,-599.9,-4199,0.84,0.21,12,-600,0,784,0,1,0,49470,11557,40921,111.779
114400,1018,0.041,0.5859,0.024,14.09,-600,-23.95,-253162,0,2.0609,23.217,-599.6,-4197,0.84,0.21,12,-600,0,784,0,1,0,49466,11635,40927,111.889
114510,1019,0.089,0.5861,0.052,13.78,-600,-23.95,-253427,0,2.0605,23.207,-599.9,-4199,0.84,0.21,12,-600,0,784,0,1,0,49478,11639,40920,111.999
114620,1020,0.041,0.5887,0.024,13.58,-600,-23.95,-253526,0,2.0608,23.215,-599.9,-4199,0.84,0.21,12,-600,0,784,0,1,0,49466,11692,40926,112.109
114730,1021,0.053,0.5847,0.031,13.57,-600,-23.95,-253481,0,2.0608,23.214,-599.7,-4198,0.85,0.21,12,-600,0,784,0,1,0,49469,11612,40925,112.219
114840,1022,0.004,0.5867,0.003,13.48,-600,-23.95,-253562,0,2.0609,23.217,-599.7,-4198,0.85,0.21,12,-600,0,784,0,1,0,49457,11651,40927,112.329
114950,1023,0.089,0.587,0.052,13.36,-600,-23.95,-253651,0,2.0616,23.238,-599.7,-4198,0.84,0.21,12,-600,0,784,0,1,0,49478,11657,40942,112.439
115060,1024,0.166,0.5911,0.098,13.13,-600,-23.95,-253836,0,2.0613,23.229,-599.9,-4199,0.84,0.21,12,-600,0,784,0,1,0,49497,11738,40936,112.549
115170,1025,0.033,0.5903,0.019,12.98,-600,-23.95,-253902,0,2.0611,23.222,-599.9,-4199,0.84,0.21,12,-600,0,784,0,1,0,49464,11723,40931,112.659
115280,1026,0.085,0.5903,0.05,12.91,-600,-23.95,-253930,0,2.0615,23.235,-600,-4200,0.85,0.21,12,-600,0,784,0,1,0,49477,11723,40940,112.769
115390,1027,0.061,0.5903,0.036,12.93,-600,-23.95,-253890,0,2.0612,23.226,-600,-4200,0.84,0.21,12,-600,0,784,0,1,0,49471,11722,40934,112.879
115500,1028,0.085,0.5956,0.051,12.84,-600,-23.95,-253985,0,2.0615,23.234,-599.7,-4198,0.85,0.21,12,-600,0,784,0,1,0,49477,11828,40939,112.989
115610,1029,0.137,0.5951,0.082,12.81,-600,-23.95,-253980,0,2.0616,23.238,-599.7,-4198,0.84,0.21,12,-600,0,784,0,1,0,49490,11818,40942,113.099
115720,1030,0.121,0.5977,0.072,12.72,-600,-23.95,-254057,0,2.0611,23.224,-600,-4200,0.85,0.21,12,-600,0,784,0,1,0,49486,11870,40932,113.209
115830,1031,0.101,0.5985,0.061,12.71,-600,-23.95,-254040,0,2.0612,23.225,-600,-4200,0.85,0.21,12,-600,0,784,0,1,0,49481,11885,40933,113.319
115940,1032,0.093,0.5997,0.056,12.55,-600,-23.95,-254193,0,2.0616,23.236,-599.7,-4198,0.84,0.21,12,-600,0,784,0,1,0,49479,11909,40941,113.429
116050,1033,0.029,0.599,0.017,12.37,-600,-23.95,-254308,0,2.0612,23.226,-600,-4200,0.83,0.21,12,-600,0,784,0,1,0,49463,11895,40934,113.539
116160,1034,0.202,0.6017,0.121,12.23,-600,-23.95,-254391,0,2.0609,23.217,-600,-4200,0.83,0.21,12,-600,0,784,0,1,0,49506,11950,40927,113.649
116270,1035,0.085,0.6001,0.051,12.14,-600,-23.95,-254435,0,2.0618,23.242,-599.7,-4198,0.84,0.21,12,-600,0,784,0,1,0,49477,11917,40945,113.759
116380,1036,0.069,0.6015,0.041,12.2,-600,-23.95,-254357,0,2.0611,23.222,-600.3,-4202,0.83,0.21,12,-600,0,784,0,1,0,49473,11945,40931,113.869
116490,1037,0.041,0.6014,0.024,12.16,-600,-23.95,-254407,0,2.0608,23.215,-600.3,-4202,0.84,0.21,12,-600,0,784,0,1,0,49466,11943,40926,113.979
116600,1038,0.101,0.5984,0.06,12.27,-600,-23.95,-254300,0,2.0617,23.241,-600,-4200,0.83,0.21,12,-600,0,784,0,1,0,49481,11883,40944,114.089
116710,1039,0.081,0.601,0.049,12.29,-600,-23.95,-254307,0,2.0617,23.241,-600.1,-4201,0.83,0.21,12,-600,0,784,0,1,0,49476,11935,40944,114.199
116820,1040,0.037,0.6026,0.022,12.18,-600,-23.95,-254416,0,2.0617,23.241,-600,-4200,0.84,0.21,12,-600,0,784,0,1,0,49465,11967,40944,114.309
116930,1041,0.029,0.6018,0.017,11.59,-600,-23.95,-254933,0,2.0618,23.244,-599.7,-4198,0.84,0.21,12,-600,0,784,0,1,0,49463,11952,40946,114.419
117040,1042,0.069,0.6012,0.041,11.4,-600,-23.95,-254948,0,2.0617,23.241,-599.9,-4199,0.84,0.21,12,-600,0,784,0,1,0,49473,11940,40944,114.529
117150,1043,0.109,0.6007,0.066,11.47,-600,-23.95,-254832,0,2.0616,23.238,-599.9,-4199,0.84,0.21,12,-600,0,784,0,1,0,49483,11929,40942,114.639
117260,1044,0.105,0.5996,0.063,11.58,-600,-23.95,-254748,0,2.0613,23.228,-599.9,-4199,0.84,0.21,12,-600,0,784,0,1,0,49482,11907,40935,114.749
117370,1045,0.105,0.6043,0.064,11.66,-600,-23.95,-254699,0,2.0616,23.238,-599.9,-4199,0.83,0.21,12,-600,0,784,0,1,0,49482,12001,40942,114.859
117480,1046,0.004,0.6023,0.003,11.57,-600,-23.95,-254812,0,2.0613,23.229,-600,-4200,0.84,0.21,12,-600,0,784,0,1,0,49457,11962,40936,114.969
117590,1047,0.109,0.6038,0.066,11.69,-600,-23.95,-254668,0,2.0616,23.238,-600,-4200,0.84,0.21,12,-600,0,784,0,1,0,49483,11990,40942,115.079
117700,1048,0.073,0.6036,0.044,11.87,-600,-23.95,-254536,0,2.0615,23.235,-600,-4200,0.85,0.21,12,-600,0,784,0,1,0,49474,11987,40940,115.189
117810,1049,0.093,0.6049,0.056,11.98,-600,-23.95,-254482,0,2.0618,23.242,-600,-4200,0.84,0.21,12,-600,0,784,0,1,0,49479,12013,40945,115.299
117920,1050,0.141,0.6,0.085,11.77,-600,-23.95,-254716,0,2.0615,23.235,-599.9,-4199,0.85,0.22,12,-600,0,784,0,1,0,49491,11916,40940,115.409
118030,1051,0.049,0.6047,0.029,11.69,-600,-23.95,-254725,0,2.0618,23.244,-599.6,-4197,0.86,0.22,12,-600,0,784,0,1,0,49468,12009,40946,115.519
118140,1052,0.061,0.6073,0.037,11.71,-600,-23.95,-254687,0,2.0616,23.238,-599.6,-4197,0.85,0.21,12,-600,0,784,0,1,0,49471,12060,40942,115.629
118250,1053,0.081,0.6053,0.049,11.77,-600,-23.95,-254632,0,2.0625,23.262,-599.7,-4198,0.85,0.21,12,-600,0,784,0,1,0,49476,12021,40959,115.739
118360,1054,0.057,0.6073,0.034,11.72,-600,-23.95,-254697,0,2.0622,23.253,-600.1,-4201,0.85,0.21,12,-600,0,784,0,1,0,49470,12060,40953,115.849
118470,1055,0.004,0.608,0.003,11.52,-600,-23.95,-254873,0,2.0625,23.262,-599.7,-4198,0.84,0.21,12,-600,0,784,0,1,0,49457,12075,40959,115.959
118580,1056,0.149,0.6065,0.091,11.48,-600,-23.95,-254851,0,2.0618,23.244,-599.9,-4199,0.85,0.21,12,-600,0,784,0,1,0,49493,12045,40946,116.069
118690,1057,0.061,0.6088,0.037,11.55,-600,-23.95,-254777,0,2.0618,23.242,-600.1,-4201,0.85,0.21,12,-600,0,784,0,1,0,49471,12091,40945,116.179
118800,1058,0.073,0.6075,0.044,11.54,-600,-23.95,-254807,0,2.0619,23.245,-599.7,-4198,0.85,0.21,12,-600,0,784,0,1,0,49474,12064,40947,116.289
118910,1059,0.125,0.6077,0.076,11.3,-600,-23.95,-255025,0,2.0625,23.263,-600.3,-4202,0.84,0.21,12,-600,0,784,0,1,0,49487,12068,40960,116.399
119020,1060,0.077,0.6098,0.047,11.21,-600,-23.95,-255041,0,2.062,23.249,-600.1,-4201,0.83,0.21,12,-600,0,784,0,1,0,49475,12110,40950,116.509
119130,1061,0.093,0.6117,0.057,11.22,-600,-23.95,-255007,0,2.0612,23.226,-599.7,-4198,0.83,0.21,12,-600,0,784,0,1,0,49479,12147,40934,116.619
119240,1062,0.089,0.6063,0.054,11.33,-600,-23.95,-254910,0,2.0624,23.261,-599.9,-4199,0.84,0.21,12,-600,0,784,0,1,0,49478,12040,40958,116.729
119350,1063,0.162,0.6158,0.099,11.54,-600,-23.95,-254747,0,2.0621,23.251,-600,-4200,0.85,0.21,12,-600,0,784,0,1,0,49496,12230,40951,116.839
119460,1064,0.113,0.6118,0.069,11.64,-600,-23.95,-254707,0,2.0622,23.255,-599.7,-4198,0.85,0.22,12,-600,0,784,0,1,0,49484,12149,40954,116.949
119570,1065,0.085,0.6115,0.052,11.57,-600,-23.95,-254799,0,2.0618,23.242,-600,-4200,0.85,0.21,12,-600,0,784,0,1,0,49477,12143,40945,117.059
119680,1066,0.158,0.6114,0.096,11.57,-600,-23.95,-254782,0,2.0624,23.261,-599.7,-4198,0.84,0.21,12,-600,0,784,0,1,0,49495,12141,40958,117.169
119790,1067,0.137,0.6106,0.084,11.53,-600,-23.95,-254825,0,2.062,23.248,-599.7,-4198,0.86,0.22,12,-600,0,784,0,1,0,49490,12126,40949,117.279
119900,1068,0.012,0.6136,0.008,11.96,-600,-23.95,-254412,0,2.0625,23.263,-599.9,-4199,0.86,0.22,12,-600,0,784,0,1,0,49459,12185,40960,117.389
120010,1069,0.033,0.6136,0.02,12.5,-600,-23.95,-254024,0,2.0623,23.258,-600,-4200,0.85,0.21,12,-600,0,784,0,1,0,49464,12186,40956,117.499
120120,1070,0.153,0.6116,0.094,12.55,-600,-23.95,-254135,0,2.0623,23.256,-600.1,-4201,0.84,0.21,12,-600,0,784,0,1,0,49494,12146,40955,117.609
120230,1071,0.049,0.6124,0.03,12.2,-600,-23.95,-254471,0,2.062,23.248,-599.9,-4199,0.85,0.21,12,-600,0,0,0,1,0,49468,12161,40949,117.719
120340,1072,0.077,0.612,0.047,11.94,-600,-23.95,-254610,0,2.0616,23.238,-599.9,-4199,0.84,0.21,12,-600,0,0,0,1,0,49475,12154,40942,117.829
120450,1073,0.029,0.6131,0.018,11.98,-600,-23.95,-254509,0,2.0624,23.259,-600,-4200,0.85,0.22,12,-600,0,0,0,1,0,49463,12175,40957,117.939
120560,1074,0.069,0.614,0.042,12.13,-600,-23.95,-254376,0,2.0624,23.261,-599.9,-4199,0.85,0.21,12,-600,0,0,0,1,0,49473,12193,40958,118.049
120670,1075,0.049,0.6133,0.03,12.64,-600,-23.95,-253948,0,2.062,23.249,-599.7,-4198,0.84,0.21,12,-600,0,0,0,1,0,49468,12179,40950,118.159
120780,1076,0.069,0.6122,0.042,12.62,-600,-23.95,-254103,0,2.0621,23.252,-600,-4200,0.84,0.21,12,-600,0,0,0,1,0,49473,12158,40952,118.269
120890,1077,0.049,0.6134,0.03,12.06,-600,-23.95,-254621,0,2.062,23.249,-600,-4200,0.84,0.21,12,-600,0,0,0,1,0,49468,12182,40950,118.379
121000,1078,0.105,0.6085,0.064,11.69,-600,-23.95,-254811,0,2.0619,23.245,-599.7,-4198,0.84,0.21,12,-600,0,0,0,1,0,49482,12084,40947,118.489
121110,1079,0.089,0.606,0.054,11.42,-600,-23.95,-254952,0,2.0618,23.244,-600,-4200,0.85,0.21,12,-600,0,0,0,1,0,49478,12035,40946,118.599
121220,1080,0.053,0.6049,0.032,11.31,-600,-23.95,-254984,0,2.0622,23.253,-600.3,-4202,0.85,0.21,12,-600,0,0,0,1,0,49469,12012,40953,118.709
121330,1081,0.049,0.6018,0.029,11.3,-600,-23.95,-254961,0,2.062,23.248,-600,-4200,0.84,0.21,12,-600,0,0,0,1,0,49468,11952,40949,118.819
121440,1082,0.121,0.6036,0.073,11.36,-600,-23.95,-254907,0,2.0621,23.252,-600.1,-4201,0.84,0.21,12,-600,0,0,0,1,0,49486,11987,40952,118.929
121550,1083,0.008,0.6012,0.005,11.42,-600,-23.95,-254868,0,2.0621,23.252,-600,-4200,0.85,0.21,12,-600,0,0,0,1,0,49458,11939,40952,119.039
121660,1084,0.049,0.5983,0.029,11.52,-600,-23.95,-254788,0,2.062,23.249,-599.4,-4196,0.86,0.22,12,-600,0,0,0,1,0,49468,11881,40950,119.149
121770,1085,0.021,0.598,0.012,11.6,-600,-23.95,-254740,0,2.062,23.248,-599.7,-4198,0.86,0.22,12,-600,0,0,0,1,0,49461,11876,40949,119.259
121880,1086,0.089,0.5954,0.053,11.64,-600,-23.95,-254724,0,2.0618,23.244,-599.6,-4197,0.87,0.22,12,-600,0,0,0,1,0,49478,11824,40946,119.369
121990,1087,0.081,0.5963,0.048,11.68,-600,-23.95,-254705,0,2.062,23.249,-599.7,-4198,0.86,0.22,12,-600,0,0,0,1,0,49476,11841,40950,119.479
122100,1088,0.012,0.5938,0.007,11.61,-600,-23.95,-254772,0,2.0623,23.258,-599.6,-4197,0.87,0.22,12,-600,0,0,0,1,0,49459,11792,40956,119.589
122210,1089,0.017,0.5921,0.01,11.42,-600,-23.95,-254933,0,2.0618,23.242,-599.6,-4197,0.88,0.22,12,-600,0,0,0,1,0,49460,11758,40945,119.699
122320,1090,0.041,0.5861,0.024,11.41,-600,-23.95,-254894,0,2.0829,23.838,-599.9,-4199,0.88,0.22,12,-600,0,0,0,1,0,49466,11640,41365,119.809
122430,1091,0.037,0.5963,0.022,11.59,-600,-23.95,-254718,0,2.0619,23.245,-599.9,-4199,0.89,0.22,12,-600,0,0,0,1,0,49465,11842,40947,119.919
122540,1092,0.073,0.5883,0.043,11.64,-600,-23.95,-254724,0,2.0619,23.245,-599.7,-4198,0.88,0.22,12,-600,0,0,0,1,0,49474,11684,40947,120.029
122650,1093,0.045,0.5894,0.026,11.59,-600,-23.95,-254787,0,2.0622,23.255,-599.7,-4198,0.88,0.23,12,-600,0,0,0,1,0,49467,11705,40954,120.139
122760,1094,0.021,0.5886,0.012,11.63,-600,-23.95,-254730,0,2.0622,23.253,-599.6,-4197,0.89,0.23,12,-600,0,0,0,1,0,49461,11690,40953,120.249
122870,1095,0.073,0.5889,0.043,11.69,-600,-23.95,-254693,0,2.0619,23.245,-599.4,-4196,0.89,0.23,12,-600,0,0,0,1,0,49474,11695,40947,120.359
122980,1096,0.081,0.5896,0.048,11.62,-600,-23.95,-254768,0,2.0624,23.259,-599.4,-4196,0.89,0.23,12,-600,0,0,0,1,0,49476,11708,40957,120.469
123090,1097,0.073,0.591,0.043,11.64,-600,-23.95,-254733,0,2.0619,23.245,-599.9,-4199,0.9,0.23,12,-600,0,0,0,1,0,49474,11736,40947,120.579
123200,1098,0.041,0.5924,0.024,11.63,-600,-23.95,-254749,0,2.0621,23.252,-599.6,-4197,0.89,0.22,12,-600,0,0,0,1,0,49466,11765,40952,120.689
123310,1099,0.045,0.5919,0.026,11.51,-600,-23.95,-254852,0,2.0616,23.236,-599.9,-4199,0.89,0.23,12,-600,0,0,0,1,0,49467,11754,40941,120.799
123420,1100,0.113,0.6031,0.068,11.47,-600,-23.95,-254860,0,2.0623,23.256,-599.9,-4199,0.9,0.23,12,-600,0,0,0,1,0,49484,11978,40955,120.909
123530,1101,0.057,0.5952,0.034,11.45,-600,-23.95,-254864,0,2.0617,23.241,-599.4,-4196,0.9,0.23,12,-600,0,0,0,1,0,49470,11821,40944,121.019
123640,1102,0.109,0.5966,0.065,11.34,-600,-23.95,-254964,0,2.0619,23.246,-599.9,-4199,0.91,0.23,12,-600,0,0,0,1,0,49483,11848,40948,121.129
123750,1103,0.017,0.6036,0.01,11.23,-600,-23.95,-255034,0,2.062,23.249,-599.6,-4197,0.91,0.23,12,-600,0,0,0,1,0,49460,11986,40950,121.239
123860,1104,0.085,0.5984,0.051,11.2,-600,-23.95,-255031,0,2.0626,23.265,-599.4,-4196,0.92,0.24,12,-600,0,0,0,1,0,49477,11883,40961,121.349
123970,1105,0.065,0.6023,0.039,11.18,-600,-23.95,-255040,0,2.0622,23.255,-599.4,-4196,0.91,0.23,12,-600,0,0,0,1,0,49472,11961,40954,121.459
124080,1106,0.073,0.6034,0.044,11.16,-600,-23.95,-255059,0,2.0625,23.263,-599.6,-4197,0.91,0.23,12,-600,0,0,0,1,0,49474,11982,40960,121.569
124190,1107,0.109,0.6087,0.066,11.19,-600,-23.95,-255023,0,2.0619,23.245,-599.6,-4197,0.9,0.23,12,-600,0,0,0,1,0,49483,12089,40947,121.679
124300,1108,0.057,0.6133,0.035,11.27,-600,-23.95,-254955,0,2.0622,23.255,-599.7,-4198,0.92,0.23,12,-600,0,0,0,1,0,49470,12179,40954,121.789
124410,1109,0.049,0.6203,0.03,11.3,-600,-23.95,-254955,0,2.0619,23.245,-599.7,-4198,0.91,0.23,12,-600,0,0,0,1,0,49468,12318,40947,121.899
124520,1110,0.012,0.6238,0.008,11.33,-600,-23.95,-254927,0,2.0622,23.253,-599.9,-4199,0.91,0.23,12,-600,0,0,0,1,0,49459,12388,40953,122.009
124630,1111,0.089,0.6282,0.056,11.38,-600,-23.95,-254891,0,2.0618,23.244,-599.9,-4199,0.92,0.23,12,-600,0,0,0,1,0,49478,12475,40946,122.119
124740,1112,0.121,0.6333,0.077,11.41,-600,-23.95,-254876,0,2.0622,23.253,-599.6,-4197,0.92,0.23,12,-600,0,0,0,1,0,49486,12576,40953,122.229
124850,1113,0.041,0.637,0.026,11.39,-600,-23.95,-254908,0,2.0624,23.259,-599.7,-4198,0.92,0.24,12,-600,0,0,0,1,0,49466,12650,40957,122.339
124960,1114,0.053,0.6417,0.034,11.38,-600,-23.95,-254909,0,2.0622,23.253,-599.9,-4199,0.92,0.24,12,-600,0,0,0,1,0,49469,12744,40953,122.449
125070,1115,0.061,0.6393,0.039,11.32,-600,-23.95,-254964,0,2.0619,23.246,-599.7,-4198,0.91,0.23,12,-600,0,0,0,1,0,49471,12695,40948,122.559
125180,1116,0.077,0.65,0.05,11.33,-600,-23.95,-254941,0,2.0623,23.256,-599.9,-4199,0.91,0.23,12,-600,0,0,0,1,0,49475,12908,40955,122.669
125290,1117,-0.012,0.6541,-0.008,11.37,-600,-23.95,-254897,0,2.0623,23.258,-600,-4200,0.92,0.23,12,-600,0,0,0,1,0,49453,12989,40956,122.779
125400,1118,0.085,0.6572,0.056,11.37,-600,-23.95,-254913,0,2.0623,23.258,-599.4,-4196,0.92,0.23,12,-600,0,0,0,1,0,49477,13052,40956,122.889
125510,1119,0.085,0.6608,0.056,11.4,-600,-23.95,-254891,0,2.0622,23.253,-600,-4200,0.92,0.24,12,-600,0,0,0,1,0,49477,13123,40953,122.999
125620,1120,0.065,0.6642,0.043,11.38,-600,-23.95,-254915,0,2.0619,23.245,-599.9,-4199,0.92,0.24,12,-600,0,0,0,1,0,49472,13190,40947,123.109
125730,1121,0.069,0.6689,0.046,11.4,-600,-23.95,-254884,0,2.0626,23.265,-599.6,-4197,0.92,0.24,12,-600,0,0,0,1,0,49473,13284,40961,123.219
125840,1122,0.029,0.6729,0.019,11.42,-600,-23.95,-254881,0,2.0621,23.252,-599.9,-4199,0.92,0.23,12,-600,0,0,0,1,0,49463,13363,40952,123.329
125950,1123,-0.024,0.6762,-0.016,11.4,-600,-23.95,-254898,0,2.0621,23.252,-600,-4200,0.92,0.24,12,-600,0,0,0,1,0,49450,13429,40952,123.439
126060,1124,0.089,0.6768,0.06,11.37,-600,-23.95,-254921,0,2.062,23.249,-600.1,-4201,0.91,0.23,12,-600,0,0,0,1,0,49478,13440,40950,123.549
126170,1125,0.061,0.6837,0.042,11.39,-600,-23.95,-254892,0,2.0621,23.252,-599.7,-4198,0.92,0.24,12,-600,0,0,0,1,0,49471,13578,40952,123.659
126280,1126,-0.024,0.6872,-0.016,11.4,-600,-23.95,-254892,0,2.0624,23.261,-599.6,-4197,0.93,0.24,12,-600,0,0,0,1,0,49450,13648,40958,123.769
126390,1127,0.077,0.6913,0.053,11.37,-600,-23.95,-254926,0,2.0618,23.244,-599.7,-4198,0.93,0.24,12,-600,0,0,0,1,0,49475,13729,40946,123.879
126500,1128,0.081,0.693,0.056,11.27,-600,-23.95,-255003,0,2.062,23.249,-599.6,-4197,0.94,0.24,12,-600,0,0,0,1,0,49476,13762,40950,123.989
126610,1129,0.057,0.6989,0.04,11.25,-600,-23.95,-255003,0,2.0621,23.252,-599.7,-4198,0.94,0.24,12,-600,0,0,0,1,0,49470,13879,40952,124.099
126720,1130,0.025,0.7017,0.017,11.23,-600,-23.95,-255008,0,2.0618,23.244,-599.9,-4199,0.93,0.24,12,-600,0,0,0,1,0,49462,13935,40946,124.209
126830,1131,0.089,0.7054,0.063,11.33,-600,-23.95,-254911,0,2.0621,23.251,-599.6,-4197,0.94,0.24,12,-600,0,0,0,1,0,49478,14009,40951,124.319
126940,1132,0.037,0.7092,0.026,11.3,-600,-23.95,-254964,0,2.0622,23.253,-599.7,-4198,0.93,0.24,12,-600,0,0,0,1,0,49465,14085,40953,124.429
127050,1133,0.033,0.7123,0.023,11.3,-600,-23.95,-254959,0,2.062,23.249,-600,-4200,0.93,0.24,12,-600,0,0,0,1,0,49464,14146,40950,124.539
127160,1134,0.053,0.7166,0.038,11.27,-600,-23.95,-254985,0,2.0618,23.242,-600.3,-4202,0.94,0.24,12,-600,0,0,0,1,0,49469,14231,40945,124.649
127270,1135,0.061,0.7199,0.044,11.24,-600,-23.95,-255005,0,2.0624,23.261,-599.9,-4199,0.93,0.24,12,-600,0,0,0,1,0,49471,14297,40958,124.759
127380,1136,0.145,0.724,0.105,11.27,-600,-23.95,-254973,0,2.0624,23.259,-599.6,-4197,0.94,0.24,12,-600,0,0,0,1,0,49492,14377,40957,124.869
127490,1137,0.069,0.7272,0.05,11.24,-600,-23.95,-255009,0,2.0623,23.258,-599.7,-4198,0.95,0.24,12,-600,0,0,0,1,0,49473,14442,40956,124.979
127600,1138,0.069,0.7304,0.05,11.27,-600,-23.95,-254973,0,2.0619,23.246,-599.4,-4196,0.95,0.24,12,-600,0,0,0,1,0,49473,14506,40948,125.089
127710,1139,0.093,0.7343,0.068,11.26,-600,-23.95,-254986,0,2.0621,23.251,-599.9,-4199,0.94,0.24,12,-600,0,0,0,1,0,49479,14582,40951,125.199
127820,1140,0.093,0.7375,0.069,11.24,-600,-23.95,-255000,0,2.0621,23.251,-599.9,-4199,0.95,0.24,12,-600,0,0,0,1,0,49479,14646,40951,125.309
127930,1141,0.033,0.7409,0.024,11.3,-600,-23.95,-254943,0,2.0623,23.258,-599.6,-4197,0.94,0.24,12,-600,0,0,0,1,0,49464,14713,40956,125.419
128040,1142,0.012,0.7448,0.009,11.31,-600,-23.95,-254946,0,2.062,23.248,-599.7,-4198,0.95,0.24,12,-600,0,0,0,1,0,49459,14791,40949,125.529
128150,1143,0.093,0.748,0.07,11.28,-600,-23.95,-254980,0,2.0633,23.285,-600,-4200,0.95,0.24,12,-600,0,0,0,1,0,49479,14855,40975,125.639
128260,1144,0.093,0.7509,0.07,11.27,-600,-23.95,-254978,0,2.0623,23.258,-600,-4200,0.95,0.24,12,-600,0,0,0,1,0,49479,14913,40956,125.749
128370,1145,0.089,0.7548,0.067,11.23,-600,-23.95,-255017,0,2.0623,23.258,-600,-4200,0.95,0.24,12,-600,0,0,0,1,0,49478,14989,40956,125.859
128480,1146,0.085,0.7566,0.064,11.25,-600,-23.95,-254991,0,2.0622,23.253,-599.9,-4199,0.95,0.24,12,-600,0,0,0,1,0,49477,15025,40953,125.969
128590,1147,0.105,0.7615,0.08,11.29,-600,-23.95,-254952,0,2.062,23.249,-599.7,-4198,0.95,0.24,12,-600,0,0,0,1,0,49482,15122,40950,126.079
128700,1148,0.085,0.7642,0.065,11.23,-600,-23.95,-255024,0,2.0622,23.253,-599.7,-4198,0.95,0.24,12,-600,0,0,0,1,0,49477,15177,40953,126.189
128810,1149,0.045,0.7669,0.034,11.27,-600,-23.95,-254963,0,2.0624,23.261,-599.9,-4199,0.94,0.24,12,-600,0,0,0,1,0,49467,15229,40958,126.299
128920,1150,0.049,0.7702,0.038,11.26,-600,-23.95,-254994,0,2.0616,23.236,-599.9,-4199,0.95,0.24,12,-600,0,0,0,1,0,49468,15295,40941,126.409
129030,1151,0.113,0.7735,0.088,11.25,-600,-23.95,-254996,0,2.0621,23.252,-599.9,-4199,0.96,0.25,12,-600,0,0,0,1,0,49484,15362,40952,126.519
129140,1152,0.093,0.7765,0.072,11.23,-600,-23.95,-255013,0,2.0619,23.246,-599.7,-4198,0.95,0.24,12,-600,0,0,0,1,0,49479,15420,40948,126.629
129250,1153,0.061,0.7782,0.047,11.18,-600,-23.95,-255055,0,2.062,23.249,-599.9,-4199,0.96,0.25,12,-600,0,0,0,1,0,49471,15454,40950,126.739
129360,1154,0.053,0.7807,0.041,11.18,-600,-23.95,-255034,0,2.0619,23.245,-600.1,-4201,0.95,0.24,12,-600,0,0,0,1,0,49469,15504,40947,126.849
129470,1155,0.061,0.7827,0.048,11.16,-600,-23.95,-255060,0,2.0622,23.253,-599.9,-4199,0.94,0.24,12,-600,0,0,0,1,0,49471,15543,40953,126.959
129580,1156,0.089,0.7844,0.07,11.16,-600,-23.95,-255054,0,2.0619,23.245,-599.9,-4199,0.95,0.24,12,-600,0,0,0,1,0,49478,15578,40947,127.069
129690,1157,0.049,0.784,0.038,11.16,-600,-23.95,-255048,0,2.0621,23.251,-599.9,-4199,0.95,0.24,12,-600,0,0,0,1,0,49468,15569,40951,127.179
129800,1158,0.113,0.7874,0.089,11.18,-600,-23.95,-255034,0,2.0618,23.244,-599.7,-4198,0.95,0.24,12,-600,0,0,0,1,0,49484,15638,40946,127.289
129910,1159,0.073,0.7873,0.057,11.21,-600,-23.95,-255007,0,2.0621,23.251,-600.1,-4201,0.95,0.24,12,-600,0,0,0,1,0,49474,15636,40951,127.399
130020,1160,0.081,0.7884,0.064,11.2,-600,-23.95,-255029,0,2.0621,23.252,-600.1,-4201,0.95,0.24,12,-600,0,0,0,1,0,49476,15656,40952,127.509
130130,1161,0.077,0.7884,0.061,11.19,-600,-23.95,-255037,0,2.0621,23.252,-599.6,-4197,0.94,0.24,12,-600,0,0,0,1,0,49475,15657,40952,127.619
130240,1162,0.105,0.7892,0.083,11.22,-600,-23.95,-255003,0,2.0617,23.239,-600,-4200,0.95,0.24,12,-600,0,0,0,1,0,49482,15673,40943,127.729
130350,1163,0.129,0.7885,0.102,11.27,-600,-23.95,-254967,0,2.062,23.249,-599.9,-4199,0.95,0.24,12,-600,0,0,0,1,0,49488,15659,40950,127.839
130460,1164,0.061,0.7876,0.048,11.29,-600,-23.95,-254955,0,2.0624,23.261,-599.9,-4199,0.95,0.24,12,-600,0,0,0,1,0,49471,15641,40958,127.949
130570,1165,0.045,0.7871,0.035,11.3,-600,-23.95,-254961,0,2.0619,23.246,-600,-4200,0.95,0.24,12,-600,0,0,0,1,0,49467,15632,40948,128.059
130680,1166,0.061,0.787,0.048,11.3,-600,-23.95,-254956,0,2.0624,23.259,-599.9,-4199,0.95,0.24,12,-600,0,0,0,1,0,49471,15629,40957,128.169
130790,1167,0.069,0.787,0.054,11.31,-600,-23.95,-254955,0,2.0617,23.241,-600.1,-4201,0.94,0.24,12,-600,0,0,0,1,0,49473,15629,40944,128.279
130900,1168,-0.02,0.7862,-0.016,11.25,-600,-23.95,-255004,0,2.0622,23.253,-599.9,-4199,0.95,0.24,12,-600,0,0,0,1,0,49451,15613,40953,128.389
131010,1169,0.025,0.7839,0.019,11.25,-600,-23.95,-254991,0,2.062,23.248,-599.9,-4199,0.95,0.24,12,-600,0,0,0,1,0,49462,15567,40949,128.499
131120,1170,0.069,0.7853,0.054,11.25,-600,-23.95,-254997,0,2.062,23.249,-600,-4200,0.95,0.24,12,-600,0,0,0,1,0,49473,15595,40950,128.609
131230,1171,0.121,0.7886,0.096,11.17,-600,-23.95,-255061,0,2.0619,23.245,-599.7,-4198,0.96,0.25,12,-600,0,0,0,1,0,49486,15661,40947,128.719
131340,1172,0.085,0.7837,0.067,11.15,-600,-23.95,-255068,0,2.0621,23.252,-599.7,-4198,0.96,0.25,12,-600,0,0,0,1,0,49477,15563,40952,128.829
131450,1173,0.049,0.7831,0.038,11.11,-600,-23.95,-255089,0,2.0619,23.245,-600,-4200,0.95,0.24,12,-600,0,0,0,1,0,49468,15551,40947,128.939
131560,1174,0.089,0.7801,0.069,11.12,-600,-23.95,-255072,0,2.062,23.248,-599.9,-4199,0.95,0.25,12,-600,0,0,0,1,0,49478,15492,40949,129.049
131670,1175,0.149,0.7827,0.117,11.18,-600,-23.95,-255024,0,2.0621,23.252,-599.9,-4199,0.95,0.24,12,-600,0,0,0,1,0,49493,15543,40952,129.159
131780,1176,0.125,0.7817,0.098,11.12,-600,-23.95,-255097,0,2.0622,23.253,-600.1,-4201,0.95,0.24,12,-600,0,0,0,1,0,49487,15524,40953,129.269
131890,1177,0.053,0.7811,0.041,11.09,-600,-23.95,-255100,0,2.0618,23.242,-600.4,-4203,0.95,0.24,12,-600,0,0,0,1,0,49469,15512,40945,129.379
132000,1178,0.105,0.7798,0.082,11.19,-600,-23.95,-255003,0,2.0619,23.246,-600.1,-4201,0.94,0.24,12,-600,0,0,0,1,0,49482,15486,40948,129.489
132110,1179,0.105,0.7788,0.082,11.21,-600,-23.95,-255009,0,2.0626,23.265,-600,-4200,0.94,0.24,12,-600,0,0,0,1,0,49482,15466,40961,129.599
132220,1180,0.065,0.7782,0.05,11.18,-600,-23.95,-255050,0,2.0622,23.255,-599.9,-4199,0.95,0.24,12,-600,0,0,0,1,0,49472,15454,40954,129.709
132330,1181,0.061,0.7776,0.047,11.17,-600,-23.95,-255043,0,2.0618,23.244,-599.4,-4196,0.96,0.24,12,-600,0,0,0,1,0,49471,15442,40946,129.819
132440,1182,0.021,0.7771,0.016,11.18,-600,-23.95,-255032,0,2.0624,23.259,-599.9,-4199,0.96,0.24,12,-600,0,0,0,1,0,49461,15433,40957,129.929
132550,1183,0.033,0.7753,0.025,11.21,-600,-23.95,-255007,0,2.0623,23.256,-599.9,-4199,0.96,0.25,12,-600,0,0,0,1,0,49464,15396,40955,130.039
132660,1184,0.061,0.7756,0.047,11.27,-600,-23.95,-254966,0,2.0623,23.256,-599.6,-4197,0.95,0.24,12,-600,0,0,0,1,0,49471,15403,40955,130.149
132770,1185,0.041,0.7752,0.032,11.24,-600,-23.95,-255005,0,2.0617,23.239,-599.7,-4198,0.96,0.25,12,-600,0,0,0,1,0,49466,15394,40943,130.259
132880,1186,0.029,0.7738,0.022,11.23,-600,-23.95,-255005,0,2.0612,23.226,-600.1,-4201,0.96,0.25,12,-600,0,0,0,1,0,49463,15366,40934,130.369
132990,1187,0.081,0.773,0.063,11.19,-600,-23.95,-255043,0,2.0615,23.235,-600.1,-4201,0.95,0.24,12,-600,0,0,0,1,0,49476,15351,40940,130.479
133100,1188,-0.008,0.7723,-0.006,11.16,-600,-23.95,-255062,0,2.0618,23.244,-600.1,-4201,0.95,0.24,12,-600,0,0,0,1,0,49454,15338,40946,130.589
133210,1189,-0.044,0.7714,-0.034,11.07,-600,-23.95,-255138,0,2.0619,23.246,-599.9,-4199,0.95,0.24,12,-600,0,0,0,1,0,49445,15319,40948,130.699
133320,1190,0.069,0.7708,0.053,11.12,-600,-23.95,-255060,0,2.0623,23.256,-599.9,-4199,0.95,0.24,12,-600,0,0,0,1,0,49473,15307,40955,130.809
133430,1191,0.029,0.7694,0.022,11.19,-600,-23.95,-255011,0,2.0626,23.265,-599.7,-4198,0.96,0.25,12,-600,0,0,0,1,0,49463,15280,40961,130.919
133540,1192,0.085,0.7693,0.065,11.21,-600,-23.95,-255011,0,2.0623,23.256,-600,-4200,0.95,0.24,12,-600,0,0,0,1,0,49477,15277,40955,131.029
133650,1193,0.069,0.7752,0.053,11.1,-600,-23.95,-255121,0,2.0614,23.232,-600,-4200,0.94,0.24,12,-600,0,0,0,1,0,49473,15394,40938,131.139
133760,1194,0.109,0.7676,0.084,11.16,-600,-23.95,-255035,0,2.062,23.248,-600,-4200,0.95,0.24,12,-600,0,0,0,1,0,49483,15243,40949,131.249
133870,1195,0.041,0.767,0.031,11.15,-600,-23.95,-255058,0,2.0621,23.251,-599.9,-4199,0.94,0.24,12,-600,0,0,0,1,0,49466,15232,40951,131.359
133980,1196,0.004,0.7662,0.003,11.1,-600,-23.95,-255104,0,2.0624,23.259,-600,-4200,0.95,0.24,12,-600,0,0,0,1,0,49457,15217,40957,131.469
134090,1197,0.021,0.7655,0.016,11.08,-600,-23.95,-255108,0,2.0618,23.244,-600.1,-4201,0.95,0.24,12,-600,0,0,0,1,0,49461,15202,40946,131.579
134200,1198,0.133,0.7662,0.102,11.12,-600,-23.95,-255070,0,2.0621,23.252,-599.9,-4199,0.95,0.24,12,-600,0,0,0,1,0,49489,15217,40952,131.689
134310,1199,0.097,0.7643,0.074,11.13,-600,-23.95,-255069,0,2.0623,23.258,-600,-4200,0.95,0.24,12,-600,0,0,0,1,0,49480,15179,40956,131.799
134420,1200,0.097,0.7645,0.074,11.1,-600,-23.95,-255098,0,2.0623,23.258,-600,-4200,0.94,0.24,12,-600,0,0,0,1,0,49480,15182,40956,131.909
134530,1201,0.077,0.7638,0.059,11.12,-600,-23.95,-255075,0,2.062,23.248,-599.7,-4198,0.95,0.24,12,-600,0,0,0,1,0,49475,15169,40949,132.019
134640,1202,0.089,0.7622,0.068,11.12,-600,-23.95,-255078,0,2.0624,23.259,-599.9,-4199,0.95,0.25,12,-600,0,0,0,1,0,49478,15137,40957,132.129
134750,1203,0.121,0.7601,0.092,11.15,-600,-23.95,-255047,0,2.0625,23.262,-600,-4200,0.96,0.24,12,-600,0,0,0,1,0,49486,15094,40959,132.239
134860,1204,0.057,0.7605,0.043,11.15,-600,-23.95,-255054,0,2.0624,23.261,-599.4,-4196,0.96,0.25,12,-600,0,0,0,1,0,49470,15102,40958,132.349
134970,1205,0.121,0.7597,0.092,11.16,-600,-23.95,-255048,0,2.0622,23.255,-600,-4200,0.96,0.25,12,-600,0,0,0,1,0,49486,15087,40954,132.459
135080,1206,0.141,0.7592,0.107,11.19,-600,-23.95,-255019,0,2.0621,23.251,-600,-4200,0.96,0.25,12,-600,0,0,0,1,0,49491,15077,40951,132.569
135190,1207,0.045,0.7583,0.034,11.17,-600,-23.95,-255048,0,2.0626,23.266,-599.9,-4199,0.95,0.24,12,-600,0,0,0,1,0,49467,15059,40962,132.679
135300,1208,0.057,0.7575,0.043,11.12,-600,-23.95,-255090,0,2.0622,23.255,-600.1,-4201,0.95,0.24,12,-600,0,0,0,1,0,49470,15044,40954,132.789
135410,1209,0.101,0.7566,0.076,11.12,-600,-23.95,-255080,0,2.0623,23.256,-600.1,-4201,0.95,0.24,12,-600,0,0,0,1,0,49481,15025,40955,132.899
135520,1210,0.065,0.7559,0.049,11.14,-600,-23.95,-255058,0,2.0622,23.255,-600.3,-4202,0.94,0.24,12,-600,0,0,0,1,0,49472,15012,40954,133.009
135630,1211,0.109,0.7563,0.083,11.11,-600,-23.95,-255087,0,2.0621,23.252,-600,-4200,0.94,0.24,12,-600,0,0,0,1,0,49483,15019,40952,133.119
135740,1212,0.045,0.7552,0.034,11.11,-600,-23.95,-255084,0,2.0617,23.239,-599.9,-4199,0.95,0.24,12,-600,0,0,0,1,0,49467,14997,40943,133.229
135850,1213,0.125,0.7556,0.095,11.12,-600,-23.95,-255072,0,2.0621,23.251,-600,-4200,0.94,0.24,12,-600,0,0,0,1,0,49487,15006,40951,133.339
135960,1214,0.093,0.7532,0.07,11.11,-600,-23.95,-255088,0,2.0616,23.238,-599.9,-4199,0.94,0.24,12,-600,0,0,0,1,0,49479,14958,40942,133.449
136070,1215,0.089,0.7515,0.067,11.03,-600,-23.95,-255161,0,2.0623,23.256,-600,-4200,0.94,0.24,12,-600,0,0,0,1,0,49478,14924,40955,133.559
136180,1216,0.033,0.7496,0.024,11.01,-600,-23.95,-255157,0,2.0619,23.246,-600,-4200,0.94,0.24,12,-600,0,0,0,1,0,49464,14887,40948,133.669
136290,1217,0.021,0.7509,0.015,11.05,-600,-23.95,-255108,0,2.0621,23.252,-599.9,-4199,0.95,0.24,12,-600,0,0,0,1,0,49461,14913,40952,133.779
136400,1218,0.073,0.7516,0.055,11.04,-600,-23.95,-255130,0,2.0621,23.251,-600,-4200,0.94,0.24,12,-600,0,0,0,1,0,49474,14926,40951,133.889
136510,1219,0.085,0.7499,0.064,11.13,-600,-23.95,-255047,0,2.062,23.249,-600.3,-4202,0.94,0.24,12,-600,0,0,0,1,0,49477,14893,40950,133.999
136620,1220,0.041,0.7477,0.03,11.12,-600,-23.95,-255081,0,2.0619,23.246,-600.3,-4202,0.95,0.24,12,-600,0,0,0,1,0,49466,14849,40948,134.109
136730,1221,0.085,0.7481,0.064,11.07,-600,-23.95,-255119,0,2.062,23.248,-600,-4200,0.94,0.24,12,-600,0,0,0,1,0,49477,14856,40949,134.219
136840,1222,0.081,0.7468,0.06,11.07,-600,-23.95,-255112,0,2.0625,23.262,-599.9,-4199,0.94,0.24,12,-600,0,0,0,1,0,49476,14831,40959,134.329
136950,1223,-0.02,0.7469,-0.015,11.16,-600,-23.95,-255029,0,2.0621,23.251,-599.9,-4199,0.94,0.24,12,-600,0,0,0,1,0,49451,14833,40951,134.439
137060,1224,0.057,0.7455,0.042,11.15,-600,-23.95,-255062,0,2.062,23.248,-599.6,-4197,0.95,0.24,12,-600,0,0,0,1,0,49470,14804,40949,134.549
137170,1225,0.053,0.744,0.039,11.03,-600,-23.95,-255172,0,2.0621,23.252,-599.9,-4199,0.94,0.24,12,-600,0,0,0,1,0,49469,14775,40952,134.659
137280,1226,0.069,0.7437,0.051,11.03,-600,-23.95,-255130,0,2.0619,23.245,-600,-4200,0.95,0.24,12,-600,0,0,0,1,0,49473,14770,40947,134.769
137390,1227,0.049,0.7441,0.036,11.09,-600,-23.95,-255085,0,2.0621,23.252,-599.7,-4198,0.95,0.24,12,-600,0,0,0,1,0,49468,14778,40952,134.879
137500,1228,0.057,0.7441,0.042,11.09,-600,-23.95,-255097,0,2.0618,23.242,-600,-4200,0.95,0.24,12,-600,0,0,0,1,0,49470,14777,40945,134.989
137610,1229,0.097,0.7422,0.072,11.13,-600,-23.95,-255055,0,2.0619,23.245,-600.1,-4201,0.96,0.24,12,-600,0,0,0,1,0,49480,14739,40947,135.099
137720,1230,0.065,0.7433,0.048,11.12,-600,-23.95,-255079,0,2.062,23.249,-599.9,-4199,0.95,0.24,12,-600,0,0,0,1,0,49472,14761,40950,135.209
137830,1231,-0.012,0.7407,-0.009,11.14,-600,-23.95,-255062,0,2.0622,23.255,-600,-4200,0.95,0.24,12,-600,0,0,0,1,0,49453,14710,40954,135.319
137940,1232,0.045,0.7402,0.033,11.14,-600,-23.95,-255066,0,2.0618,23.242,-599.9,-4199,0.95,0.24,12,-600,0,0,0,1,0,49467,14700,40945,135.429
138050,1233,0.029,0.7392,0.021,11.11,-600,-23.95,-255095,0,2.0622,23.253,-599.7,-4198,0.95,0.24,12,-600,0,0,0,1,0,49463,14679,40953,135.539
138160,1234,0.037,0.7377,0.027,11.15,-600,-23.95,-255045,0,2.0623,23.256,-599.6,-4197,0.96,0.24,12,-600,0,0,0,1,0,49465,14651,40955,135.649
138270,1235,0.089,0.7386,0.066,11.14,-600,-23.95,-255063,0,2.062,23.248,-599.7,-4198,0.96,0.25,12,-600,0,0,0,1,0,49478,14668,40949,135.759
138380,1236,0.053,0.7375,0.039,11.1,-600,-23.95,-255099,0,2.0618,23.244,-599.7,-4198,0.96,0.24,12,-600,0,0,0,1,0,49469,14646,40946,135.869
138490,1237,0.097,0.7362,0.071,11.14,-600,-23.95,-255050,0,2.0624,23.259,-599.7,-4198,0.97,0.25,12,-600,0,0,0,1,0,49480,14621,40957,135.979
138600,1238,0.065,0.7351,0.048,11.17,-600,-23.95,-255038,0,2.0618,23.242,-599.9,-4199,0.96,0.25,12,-600,0,0,0,1,0,49472,14598,40945,136.089
138710,1239,0.101,0.7351,0.074,11.13,-600,-23.95,-255080,0,2.0624,23.259,-600,-4200,0.96,0.25,12,-600,0,0,0,1,0,49481,14599,40957,136.199
138820,1240,0.041,0.7348,0.03,11.14,-600,-23.95,-255065,0,2.062,23.249,-599.9,-4199,0.97,0.25,12,-600,0,0,0,1,0,49466,14592,40950,136.309
138930,1241,0.045,0.7365,0.033,11.2,-600,-23.95,-255011,0,2.0622,23.253,-599.7,-4198,0.97,0.25,12,-600,0,0,0,1,0,49467,14626,40953,136.419
139040,1242,0.053,0.7318,0.039,11.17,-600,-23.95,-255049,0,2.0622,23.255,-599.9,-4199,0.96,0.25,12,-600,0,0,0,1,0,49469,14532,40954,136.529
139150,1243,0.109,0.7323,0.08,11.14,-600,-23.95,-255069,0,2.062,23.248,-599.9,-4199,0.97,0.25,12,-600,0,0,0,1,0,49483,14543,40949,136.639
139260,1244,0.105,0.7321,0.077,11.18,-600,-23.95,-255028,0,2.0619,23.246,-599.6,-4197,0.97,0.25,12,-600,0,0,0,1,0,49482,14538,40948,136.749
139370,1245,0.081,0.7306,0.059,11.21,-600,-23.95,-255010,0,2.0621,23.252,-599.9,-4199,0.97,0.25,12,-600,0,0,0,1,0,49476,14509,40952,136.859
139480,1246,0.049,0.7313,0.036,11.15,-600,-23.95,-255072,0,2.0624,23.259,-600,-4200,0.97,0.25,12,-600,0,0,0,1,0,49468,14522,40957,136.969
139590,1247,0.077,0.729,0.056,11.15,-600,-23.95,-255059,0,2.0617,23.239,-599.4,-4196,0.97,0.25,12,-600,0,0,0,1,0,49475,14478,40943,137.079
139700,1248,0.073,0.7288,0.053,11.18,-600,-23.95,-255032,0,2.0617,23.239,-600,-4200,0.97,0.25,12,0,0,0,0,1,0,49474,14473,40943,137.189
139810,1249,0.008,0.728,0.006,11.19,-600,-23.95,-255030,0,2.0621,23.252,-594,-4158,0,0,12,0,0,0,0,1,0,49458,14457,40952,137.299
139920,1250,0.057,0.7278,0.041,11.14,-600,-23.95,-255078,0,2.0619,23.245,-579.9,-4059,0,0,12,0,0,0,0,1,0,49470,14454,40947,137.409
140030,1251,0.065,0.7263,0.047,11.08,-600,-23.95,-255120,0,2.0623,23.256,-567,-3969,0,0,12,0,0,0,0,1,0,49472,14424,40955,137.519
140140,1252,0.045,0.7262,0.032,10.99,-600,-23.95,-255185,0,2.0617,23.239,-553.7,-3876,0,0,12,0,0,0,0,1,0,49467,14422,40943,137.629
140250,1253,0.049,0.725,0.035,10.98,-600,-23.95,-255174,0,2.0618,23.244,-539.1,-3774,0,0,12,0,0,0,0,1,0,49468,14397,40946,137.739
140360,1254,0.081,0.7246,0.059,11.04,-600,-23.95,-255112,0,2.0621,23.252,-526.6,-3686,0,0,12,0,0,0,0,1,0,49476,14390,40952,137.849
140470,1255,0.045,0.7233,0.032,11.08,-600,-23.95,-255088,0,2.0622,23.255,-513.1,-3592,0,0,12,0,0,0,0,1,0,49467,14365,40954,137.959
140580,1256,0.045,0.7235,0.032,11.08,-600,-23.95,-255102,0,2.0617,23.241,-500.1,-3501,0,0,12,0,0,0,0,1,0,49467,14368,40944,138.069
140690,1257,0.097,0.7224,0.07,11.05,-600,-23.95,-255128,0,2.062,23.249,-486.7,-3407,0,0,12,0,0,0,0,1,0,49480,14346,40950,138.179
140800,1258,0.021,0.7214,0.015,11.11,-600,-23.95,-255063,0,2.0621,23.251,-473.3,-3313,0,0,12,0,0,0,0,1,0,49461,14327,40951,138.289
140910,1259,0.045,0.7198,0.032,11.1,-600,-23.95,-255093,0,2.0622,23.253,-460,-3220,0,0,12,0,0,0,0,1,0,49467,14294,40953,138.399
141020,1260,0.061,0.7202,0.044,11.11,-600,-23.95,-255085,0,2.0618,23.244,-447.9,-3135,0,0,12,0,0,0,0,1,0,49471,14302,40946,138.509
141130,1261,0.089,0.7193,0.064,11.12,-600,-23.95,-255076,0,2.0621,23.251,-433.9,-3037,0,0,12,0,0,0,0,1,0,49478,14285,40951,138.619
141240,1262,0.053,0.719,0.038,11.14,-600,-23.95,-255057,0,2.0618,23.242,-420.3,-2942,0,0,12,0,0,0,0,1,0,49469,14279,40945,138.729
141350,1263,0.017,0.7157,0.012,11.06,-600,-23.95,-255135,0,2.0619,23.246,-408.7,-2861,0,0,12,0,0,0,0,1,0,49460,14214,40948,138.839
141460,1264,0.021,0.7169,0.015,11.03,-600,-23.95,-255146,0,2.0619,23.246,-396.1,-2773,0,0,12,0,0,0,0,1,0,49461,14237,40948,138.949
141570,1265,0.073,0.7168,0.052,11.05,-600,-23.95,-255117,0,2.0618,23.244,-382.9,-2680,0,0,12,0,0,0,0,1,0,49474,14235,40946,139.059
141680,1266,0.089,0.7153,0.064,11,-600,-23.95,-255165,0,2.062,23.248,-368.4,-2579,0,0,12,0,0,0,0,1,0,49478,14205,40949,139.169
141790,1267,0.049,0.7152,0.035,11,-600,-23.95,-255157,0,2.0622,23.255,-356.4,-2495,0,0,12,0,0,0,0,1,0,49468,14204,40954,139.279
141900,1268,0.045,0.7141,0.032,10.9,-600,-23.95,-255248,0,2.0621,23.251,-345,-2415,0,0,12,0,0,0,0,1,0,49467,14182,40951,139.389
142010,1269,0.041,0.7136,0.029,10.89,-600,-23.95,-255231,0,2.0622,23.253,-330,-2310,0,0,12,0,0,0,0,1,0,49466,14171,40953,139.499
142120,1270,0.041,0.7126,0.029,10.88,-600,-23.95,-255236,0,2.0622,23.253,-316.9,-2218,0,0,12,0,0,0,0,1,0,49466,14152,40953,139.609
142230,1271,0.045,0.7126,0.032,11.04,-600,-23.95,-255081,0,2.0621,23.252,-303.1,-2122,0,0,12,0,0,0,0,1,0,49467,14151,40952,139.719
142340,1272,0.065,0.7116,0.046,11.1,-600,-23.95,-255078,0,2.0617,23.239,-291.1,-2038,0,0,12,0,0,0,0,1,0,49472,14132,40943,139.829
142450,1273,0.101,0.7104,0.072,11.17,-600,-23.95,-255023,0,2.0624,23.259,-277.3,-1941,0,0,12,0,0,0,0,1,0,49481,14107,40957,139.939
142560,1274,0.069,0.7093,0.049,11.08,-600,-23.95,-255131,0,2.0623,23.256,-267,-1869,0,0,12,0,0,0,0,1,0,49473,14086,40955,140.049
142670,1275,0.017,0.7067,0.012,11.02,-600,-23.95,-255154,0,2.0624,23.261,-252.4,-1767,0,0,12,0,0,0,0,1,0,49460,14035,40958,140.159
142780,1276,0.085,0.7091,0.06,11.08,-600,-23.95,-255088,0,2.062,23.249,-240.4,-1683,0,0,12,0,0,0,0,1,0,49477,14082,40950,140.269
142890,1277,0.085,0.707,0.06,11.07,-600,-23.95,-255109,0,2.0624,23.259,-226.1,-1583,0,0,12,0,0,0,0,1,0,49477,14040,40957,140.379
143000,1278,0.065,0.708,0.046,11.02,-600,-23.95,-255157,0,2.0624,23.259,-216,-1512,0,0,12,0,0,0,0,1,0,49472,14060,40957,140.489
143110,1279,0.081,0.7071,0.057,11.06,-600,-23.95,-255104,0,2.0624,23.261,-201.1,-1408,0,0,12,0,0,0,0,1,0,49476,14043,40958,140.599
143220,1280,0.041,0.7061,0.029,11.09,-600,-23.95,-255092,0,2.0628,23.27,-186,-1302,0,0,12,0,0,0,0,1,0,49466,14023,40965,140.709
143330,1281,0.012,0.7052,0.009,11.01,-600,-23.95,-255172,0,2.0621,23.251,-171.3,-1199,0,0,12,0,0,0,0,1,0,49459,14005,40951,140.819
143440,1282,0.049,0.7073,0.034,11.03,-600,-23.95,-255127,0,2.0624,23.261,-159.7,-1118,0,0,12,0,0,0,0,1,0,49468,14046,40958,140.929
143550,1283,0.017,0.7047,0.012,11,-600,-23.95,-255168,0,2.0619,23.246,-144.4,-1011,0,0,12,0,0,0,0,1,0,49460,13994,40948,141.039
143660,1284,0.049,0.7022,0.034,11.03,-600,-23.95,-255126,0,2.0621,23.251,-128.4,-899,0,0,12,0,0,0,0,1,0,49468,13946,40951,141.149
143770,1285,0.077,0.702,0.054,11,-600,-23.95,-255165,0,2.0621,23.252,-117.3,-821,0,0,12,0,0,0,0,1,0,49475,13941,40952,141.259
143880,1286,0.073,0.7016,0.051,11.03,-600,-23.95,-255124,0,2.0621,23.251,-103.1,-722,0,0,12,0,0,0,0,1,0,49474,13933,40951,141.369
143990,1287,0.041,0.7008,0.029,11.03,-600,-23.95,-255132,0,2.0621,23.251,-92.7,-649,0,0,12,0,0,0,0,1,0,49466,13918,40951,141.479
144100,1288,0.053,0.6997,0.037,10.98,-600,-23.95,-255186,0,2.0623,23.258,-79.7,-558,0,0,12,0,0,0,0,1,0,49469,13895,40956,141.589
144210,1289,0.053,0.6994,0.037,11.01,-600,-23.95,-255138,0,2.0622,23.255,-45.7,-320,0,0,12,0,0,0,0,1,0,49469,13890,40954,141.699
144320,1290,0.033,0.6986,0.023,11.08,-600,-23.95,-255081,0,2.062,23.248,-11.6,-81,0,0,12,0,0,0,0,1,0,49464,13873,40949,141.809
144430,1291,0.081,0.6978,0.056,11.11,-600,-23.95,-255074,0,2.062,23.249,-18.4,-129,0,0,12,0,0,0,0,1,0,49476,13857,40950,141.919
144540,1292,0.113,0.6967,0.079,11.06,-600,-23.95,-255130,0,2.0622,23.255,-0.7,-5,0,0,12,0,0,0,0,1,0,49484,13835,40954,142.029
144650,1293,0.073,0.6964,0.051,11.08,-600,-23.95,-255096,0,2.0622,23.255,0,0,0,0,12,0,0,0,0,1,0,49474,13830,40954,142.139
144760,1294,0.033,0.697,0.023,11.09,-600,-23.95,-255094,0,2.0624,23.261,0,0,0,0,12,0,0,0,0,1,0,49464,13841,40958,142.249
144870,1295,0.113,0.6957,0.079,11.12,-600,-23.95,-255064,0,2.0615,23.235,0,0,0,0,12,0,0,0,0,1,0,49484,13815,40940,142.359
144980,1296,0.085,0.6943,0.059,11.1,-600,-23.95,-255094,0,2.0622,23.253,0,0,0,0,12,0,0,0,0,1,0,49477,13789,40953,142.469
145090,1297,0.045,0.6938,0.031,11.12,-600,-23.95,-255068,0,2.0622,23.253,0,0,0,0,12,0,0,0,0,1,0,49467,13779,40953,142.579
145200,1298,0.061,0.6933,0.042,11.08,-600,-23.95,-255111,0,2.0622,23.255,0,0,0,0,12,0,0,0,0,1,0,49471,13768,40954,142.689
145310,1299,0.041,0.6925,0.028,11.13,-600,-23.95,-255060,0,2.0623,23.256,0,0,0,0,12,0,0,0,0,1,0,49466,13752,40955,142.799
145420,1300,0.069,0.6917,0.048,11.17,-600,-23.95,-255030,0,2.0621,23.251,0,0,0,0,12,0,0,0,0,1,0,49473,13736,40951,142.909
145530,1301,0.053,0.6915,0.036,11.11,-600,-23.95,-255105,0,2.0624,23.259,0,0,0,0,12,0,0,0,0,1,0,49469,13732,40957,143.019
145640,1302,0.041,0.6914,0.028,11.11,-600,-23.95,-255080,0,2.0624,23.259,0,0,0,0,12,0,0,0,0,1,0,49466,13730,40957,143.129
145750,1303,0.041,0.6907,0.028,11.11,-600,-23.95,-255088,0,2.0618,23.244,0,0,0,0,12,0,0,0,0,1,0,49466,13716,40946,143.239
145860,1304,0.093,0.6889,0.064,11.12,-600,-23.95,-255068,0,2.0624,23.259,0,0,0,0,12,0,0,0,0,1,0,49479,13680,40957,143.349
145970,1305,0.129,0.688,0.089,11.12,-600,-23.95,-255074,0,2.0624,23.261,0,0,0,0,12,0,0,0,0,1,0,49488,13663,40958,143.459
146080,1306,0.041,0.6883,0.028,11.13,-600,-23.95,-255073,0,2.0623,23.258,0,0,0,0,12,0,0,0,0,1,0,49466,13670,40956,143.569
146190,1307,0.017,0.6874,0.011,11.09,-600,-23.95,-255104,0,2.0617,23.239,0,0,0,0,12,0,0,0,0,1,0,49460,13652,40943,143.679
146300,1308,0.073,0.6864,0.05,11.07,-600,-23.95,-255111,0,2.0626,23.265,0,0,0,0,12,0,0,0,0,1,0,49474,13632,40961,143.789
146410,1309,0.065,0.6857,0.044,11,-600,-23.95,-255175,0,2.0622,23.253,0,0,0,0,12,0,0,0,0,1,0,49472,13617,40953,143.899
146520,1310,0.057,0.6855,0.039,11.12,-600,-23.95,-255042,0,2.0624,23.259,0,0,0,0,12,0,0,0,0,1,0,49470,13613,40957,144.009
146630,1311,0.025,0.6852,0.017,11.08,-600,-23.95,-255111,0,2.0617,23.239,0,0,0,0,12,0,0,0,0,1,0,49462,13607,40943,144.119
146740,1312,0.053,0.6848,0.036,11.08,-600,-23.95,-255100,0,2.0622,23.255,0,0,0,0,12,0,0,0,0,1,0,49469,13600,40954,144.229
146850,1313,0.105,0.684,0.072,11.12,-600,-23.95,-255062,0,2.0624,23.259,0,0,0,0,12,0,0,0,0,1,0,49482,13584,40957,144.339
146960,1314,0.057,0.6824,0.039,11.11,-600,-23.95,-255089,0,2.0625,23.262,0,0,0,0,12,0,0,0,0,1,0,49470,13551,40959,144.449
147070,1315,0.069,0.6826,0.047,11.08,-600,-23.95,-255115,0,2.0618,23.244,0,0,0,0,12,0,0,0,0,1,0,49473,13556,40946,144.559
147180,1316,0.073,0.6812,0.05,11.06,-600,-23.95,-255118,0,2.0622,23.255,0,0,0,0,12,0,0,0,0,1,0,49474,13529,40954,144.669
147290,1317,0.033,0.6811,0.022,11.09,-600,-23.95,-255089,0,2.0623,23.258,0,0,0,0,12,0,0,0,0,1,0,49464,13527,40956,144.779
147400,1318,0.073,0.6797,0.05,11.11,-600,-23.95,-255076,0,2.0622,23.255,0,0,0,0,12,0,0,0,0,1,0,49474,13499,40954,144.889
147510,1319,0.049,0.6791,0.033,11.04,-600,-23.95,-255151,0,2.0622,23.253,0,0,0,0,12,0,0,0,0,1,0,49468,13487,40953,144.999
147620,1320,0.037,0.6788,0.025,10.97,-600,-23.95,-255196,0,2.0624,23.261,0,0,0,0,12,0,0,0,0,1,0,49465,13480,40958,145.109
147730,1321,0.025,0.6788,0.017,10.97,-600,-23.95,-255176,0,2.062,23.249,0,0,0,0,12,0,0,0,0,1,0,49462,13480,40950,145.219
147840,1322,0.057,0.677,0.038,11.01,-600,-23.95,-255141,0,2.0623,23.256,0,0,0,0,12,0,0,0,0,1,0,49470,13445,40955,145.329
147950,1323,0.057,0.6777,0.038,11.09,-600,-23.95,-255073,0,2.0621,23.252,0,0,0,0,12,0,0,0,0,1,0,49470,13459,40952,145.439
148060,1324,0.141,0.676,0.096,11.12,-600,-23.95,-255067,0,2.062,23.248,0,0,0,0,12,0,0,0,0,1,0,49491,13425,40949,145.549
148170,1325,0.093,0.6751,0.063,11.11,-600,-23.95,-255088,0,2.0622,23.255,0,0,0,0,12,0,0,0,0,1,0,49479,13407,40954,145.659
148280,1326,0.109,0.6752,0.074,11.12,-600,-23.95,-255077,0,2.0621,23.251,0,0,0,0,12,0,0,0,0,1,0,49483,13408,40951,145.769
148390,1327,0.077,0.6737,0.052,11.07,-600,-23.95,-255120,0,2.062,23.248,0,0,0,0,12,0,0,0,0,1,0,49475,13380,40949,145.879
148500,1328,0.133,0.6736,0.09,11.13,-600,-23.95,-255057,0,2.062,23.249,0,0,0,0,12,0,0,0,0,1,0,49489,13377,40950,145.989
148610,1329,0.069,0.6731,0.046,11.1,-600,-23.95,-255100,0,2.0621,23.252,0,0,0,0,12,0,0,0,0,1,0,49473,13367,40952,146.099
148720,1330,0.053,0.6724,0.035,11.09,-600,-23.95,-255096,0,2.0621,23.252,0,0,0,0,12,0,0,0,0,1,0,49469,13354,40952,146.209
148830,1331,0.085,0.6708,0.057,11.09,-600,-23.95,-255095,0,2.062,23.248,0,0,0,0,12,0,0,0,0,1,0,49477,13322,40949,146.319
148940,1332,0.097,0.6709,0.065,11.13,-600,-23.95,-255059,0,2.0621,23.252,0,0,0,0,12,0,0,0,0,1,0,49480,13324,40952,146.429
149050,1333,0.081,0.6703,0.054,11.13,-600,-23.95,-255069,0,2.062,23.249,0,0,0,0,12,0,0,0,0,1,0,49476,13311,40950,146.539
149160,1334,0.045,0.6698,0.03,11.09,-600,-23.95,-255107,0,2.0619,23.246,0,0,0,0,12,0,0,0,0,1,0,49467,13301,40948,146.649
149270,1335,0.057,0.6693,0.038,11.05,-600,-23.95,-255130,0,2.0616,23.238,0,0,0,0,12,0,0,0,0,1,0,49470,13291,40942,146.759
149380,1336,0.057,0.6682,0.038,11.06,-600,-23.95,-255110,0,2.0625,23.263,0,0,0,0,12,0,0,0,0,1,0,49470,13269,40960,146.869
149490,1337,0.145,0.6676,0.097,11.05,-600,-23.95,-255130,0,2.0624,23.261,0,0,0,0,12,0,0,0,0,1,0,49492,13258,40958,146.979
149600,1338,0.041,0.6667,0.027,11.01,-600,-23.95,-255158,0,2.0625,23.262,0,0,0,0,12,0,0,0,0,1,0,49466,13240,40959,147.089
149710,1339,0.093,0.6668,0.062,11.04,-600,-23.95,-255121,0,2.062,23.248,0,0,0,0,12,0,0,0,0,1,0,49479,13242,40949,147.199
149820,1340,0.121,0.6658,0.081,11.06,-600,-23.95,-255113,0,2.0623,23.258,0,0,0,0,12,0,0,0,0,1,0,49486,13222,40956,147.309
149930,1341,0.029,0.665,0.019,11.13,-600,-23.95,-255048,0,2.0623,23.256,0,0,0,0,12,0,0,0,0,1,0,49463,13206,40955,147.419
150040,1342,0.077,0.6646,0.051,11.24,-600,-23.95,-254971,0,2.0622,23.255,0,0,0,0,12,0,0,0,0,1,0,49475,13198,40954,147.529
150150,1343,0.109,0.6635,0.072,11.17,-600,-23.95,-255061,0,2.0623,23.258,0,0,0,0,12,0,0,0,0,1,0,49483,13177,40956,147.639
150260,1344,0.061,0.6635,0.04,11.12,-600,-23.95,-255089,0,2.0617,23.241,0,0,0,0,12,0,0,0,0,1,0,49471,13177,40944,147.749
150370,1345,0.109,0.662,0.072,11.14,-600,-23.95,-255062,0,2.0622,23.253,0,0,0,0,12,0,0,0,0,1,0,49483,13147,40953,147.859
150480,1346,0.117,0.6621,0.078,11.14,-600,-23.95,-255065,0,2.0623,23.256,0,0,0,0,12,0,0,0,0,1,0,49485,13149,40955,147.969
150590,1347,0.061,0.6617,0.04,11.11,-600,-23.95,-255087,0,2.062,23.248,0,0,0,0,12,0,0,0,0,1,0,49471,13140,40949,148.079
150700,1348,0.093,0.6613,0.062,11.17,-600,-23.95,-255033,0,2.0621,23.252,0,0,0,0,12,0,0,0,0,1,0,49479,13133,40952,148.189
150810,1349,0.093,0.6599,0.061,11.08,-600,-23.95,-255130,0,2.0623,23.258,0,0,0,0,12,0,0,0,0,1,0,49479,13105,40956,148.299
150920,1350,0.012,0.6596,0.008,11.11,-600,-23.95,-255078,0,2.0624,23.261,0,0,0,0,12,0,0,0,0,1,0,49459,13099,40958,148.409
151030,1351,0.109,0.6589,0.072,11.1,-600,-23.95,-255094,0,2.0619,23.246,0,0,0,0,12,0,0,0,0,1,0,49483,13085,40948,148.519
151140,1352,0.105,0.6581,0.069,11.04,-600,-23.95,-255147,0,2.0624,23.261,0,0,0,0,12,0,0,0,0,1,0,49482,13069,40958,148.629
151250,1353,0.101,0.6579,0.067,11.08,-600,-23.95,-255095,0,2.0623,23.258,0,0,0,0,12,0,0,0,0,1,0,49481,13065,40956,148.739
151360,1354,0.093,0.6573,0.061,11.1,-600,-23.95,-255085,0,2.0622,23.253,0,0,0,0,12,0,0,0,0,1,0,49479,13054,40953,148.849
151470,1355,0.012,0.6562,0.008,11.08,-600,-23.95,-255112,0,2.0619,23.246,0,0,0,0,12,0,0,0,0,1,0,49459,13032,40948,148.959
151580,1356,0.041,0.6558,0.027,11.03,-600,-23.95,-255149,0,2.0624,23.259,0,0,0,0,12,0,0,0,0,1,0,49466,13023,40957,149.069
151690,1357,0.049,0.6553,0.032,11.07,-600,-23.95,-255098,0,2.062,23.249,0,0,0,0,12,0,0,0,0,1,0,49468,13014,40950,149.179
151800,1358,0.073,0.6551,0.048,11.07,-600,-23.95,-255110,0,2.062,23.249,0,0,0,0,12,0,0,0,0,1,0,49474,13010,40950,149.289
151910,1359,0.037,0.654,0.024,11.08,-600,-23.95,-255104,0,2.0623,23.256,0,0,0,0,12,0,0,0,0,1,0,49465,12988,40955,149.399
152020,1360,0.069,0.653,0.045,11.15,-600,-23.95,-255034,0,2.0623,23.256,0,0,0,0,12,0,0,0,0,1,0,49473,12967,40955,149.509
152130,1361,0.045,0.653,0.029,11.21,-600,-23.95,-255006,0,2.0622,23.255,0,0,0,0,12,0,0,0,0,1,0,49467,12968,40954,149.619
152240,1362,0.037,0.6523,0.024,11.19,-600,-23.95,-255033,0,2.0623,23.258,0,0,0,0,12,0,0,0,0,1,0,49465,12955,40956,149.729
152350,1363,0.053,0.6516,0.034,11.19,-600,-23.95,-255029,0,2.0622,23.253,0,0,0,0,12,0,0,0,0,1,0,49469,12940,40953,149.839
152460,1364,0.073,0.6504,0.047,11.24,-600,-23.95,-254989,0,2.0622,23.253,0,0,0,0,12,0,0,0,0,1,0,49474,12917,40953,149.949
152570,1365,0.045,0.6496,0.029,11.25,-600,-23.95,-254985,0,2.0623,23.258,0,0,0,0,12,0,0,0,0,1,0,49467,12901,40956,150.059
152680,1366,0.021,0.6501,0.013,11.25,-600,-23.95,-254993,0,2.0625,23.262,0,0,0,0,12,0,0,0,0,1,0,49461,12911,40959,150.169
152790,1367,0.065,0.6486,0.042,11.25,-600,-23.95,-254991,0,2.0621,23.252,0,0,0,0,12,0,0,0,0,1,0,49472,12881,40952,150.279
152900,1368,0.093,0.6478,0.06,11.12,-600,-23.95,-255112,0,2.0624,23.259,0,0,0,0,12,0,0,0,0,1,0,49479,12865,40957,150.389
153010,1369,0.133,0.6471,0.086,11.14,-600,-23.95,-255063,0,2.0623,23.258,0,0,0,0,12,0,0,0,0,1,0,49489,12850,40956,150.499
153120,1370,-0.036,0.6472,-0.023,11.15,-600,-23.95,-255052,0,2.0624,23.261,0,0,0,0,12,0,0,0,0,1,0,49447,12853,40958,150.609
153230,1371,0.137,0.6468,0.089,11.28,-600,-23.95,-254941,0,2.0622,23.253,0,0,0,0,12,0,0,0,0,1,0,49490,12845,40953,150.719
153340,1372,0.045,0.6463,0.029,11.24,-600,-23.95,-255012,0,2.0623,23.256,0,0,0,0,12,0,0,0,0,1,0,49467,12834,40955,150.829
153450,1373,0.085,0.6454,0.055,11.25,-600,-23.95,-254988,0,2.0621,23.251,0,0,0,0,12,0,0,0,0,1,0,49477,12818,40951,150.939
153560,1374,0.045,0.6439,0.029,11.23,-600,-23.95,-255010,0,2.0622,23.255,0,0,0,0,12,0,0,0,0,1,0,49467,12788,40954,151.049
153670,1375,0.037,0.6445,0.024,11.18,-600,-23.95,-255049,0,2.0622,23.255,0,0,0,0,12,0,0,0,0,1,0,49465,12799,40954,151.159
153780,1376,0.053,0.6435,0.034,11.15,-600,-23.95,-255069,0,2.0622,23.253,0,0,0,0,12,0,0,0,0,1,0,49469,12780,40953,151.269
153890,1377,0.085,0.6427,0.055,11.15,-600,-23.95,-255052,0,2.062,23.249,0,0,0,0,12,0,0,0,0,1,0,49477,12763,40950,151.379
154000,1378,0.065,0.642,0.042,11.21,-600,-23.95,-254998,0,2.0621,23.252,0,0,0,0,12,0,0,0,0,1,0,49472,12749,40952,151.489
154110,1379,0.049,0.6419,0.031,11.24,-600,-23.95,-254988,0,2.0618,23.244,0,0,0,0,12,0,0,0,0,1,0,49468,12747,40946,151.599
154220,1380,0.049,0.6409,0.031,11.21,-600,-23.95,-255032,0,2.0624,23.259,0,0,0,0,12,0,0,0,0,1,0,49468,12728,40957,151.709
154330,1381,0.097,0.6404,0.062,11.2,-600,-23.95,-255022,0,2.062,23.249,0,0,0,0,12,0,0,0,0,1,0,49480,12718,40950,151.819
154440,1382,0.008,0.6392,0.005,11.12,-600,-23.95,-255103,0,2.0625,23.262,0,0,0,0,12,0,0,0,0,1,0,49458,12693,40959,151.929
154550,1383,0.041,0.6386,0.026,11.09,-600,-23.95,-255102,0,2.0617,23.239,0,0,0,0,12,0,0,0,0,1,0,49466,12683,40943,152.039
154660,1384,0.037,0.6382,0.023,11.18,-600,-23.95,-255016,0,2.0623,23.256,0,0,0,0,12,0,0,0,0,1,0,49465,12674,40955,152.149
154770,1385,0.109,0.6379,0.07,11.25,-600,-23.95,-254973,0,2.0623,23.258,0,0,0,0,12,0,0,0,0,1,0,49483,12668,40956,152.259
154880,1386,-0.012,0.6373,-0.007,11.24,-600,-23.95,-255000,0,2.0623,23.258,0,0,0,0,12,0,0,0,0,1,0,49453,12656,40956,152.369
154990,1387,0.045,0.6368,0.028,11.19,-600,-23.95,-255041,0,2.0621,23.252,0,0,0,0,12,0,0,0,0,1,0,49467,12646,40952,152.479
155100,1388,0.037,0.6361,0.023,11.14,-600,-23.95,-255082,0,2.0623,23.258,0,0,0,0,12,0,0,0,0,1,0,49465,12632,40956,152.589
155210,1389,-0.004,0.6358,-0.002,11.08,-600,-23.95,-255114,0,2.0624,23.261,0,0,0,0,12,0,0,0,0,1,0,49455,12627,40958,152.699
155320,1390,0.004,0.6351,0.003,11.13,-600,-23.95,-255058,0,2.0624,23.259,0,0,0,0,12,0,0,0,0,1,0,49457,12613,40957,152.809
155430,1391,0.053,0.6336,0.033,11.19,-600,-23.95,-255016,0,2.0621,23.251,0,0,0,0,12,0,0,0,0,1,0,49469,12582,40951,152.919
155540,1392,0.049,0.6336,0.031,11.23,-600,-23.95,-254992,0,2.0623,23.256,0,0,0,0,12,0,0,0,0,1,0,49468,12583,40955,153.029
155650,1393,0.041,0.6333,0.026,11.09,-600,-23.95,-255138,0,2.0621,23.252,0,0,0,0,12,0,0,0,0,1,0,49466,12576,40952,153.139
155760,1394,0.041,0.6323,0.026,11.09,-600,-23.95,-255091,0,2.0623,23.258,0,0,0,0,12,0,0,0,0,1,0,49466,12556,40956,153.249
155870,1395,0.053,0.6322,0.033,11.13,-600,-23.95,-255060,0,2.0622,23.253,0,0,0,0,12,0,0,0,0,1,0,49469,12555,40953,153.359
155980,1396,0.089,0.631,0.056,11.12,-600,-23.95,-255077,0,2.0621,23.251,0,0,0,0,12,0,0,0,0,1,0,49478,12532,40951,153.469
156090,1397,0.093,0.6307,0.059,11.15,-600,-23.95,-255047,0,2.0617,23.241,0,0,0,0,12,0,0,0,0,1,0,49479,12525,40944,153.579
156200,1398,0.041,0.6304,0.026,11.16,-600,-23.95,-255051,0,2.0622,23.255,0,0,0,0,12,0,0,0,0,1,0,49466,12519,40954,153.689
156310,1399,0.105,0.6294,0.066,11.11,-600,-23.95,-255096,0,2.0623,23.256,0,0,0,0,12,0,0,0,0,1,0,49482,12499,40955,153.799
156420,1400,0.081,0.6285,0.051,11.07,-600,-23.95,-255117,0,2.0622,23.255,0,0,0,0,12,0,0,0,0,1,0,49476,12482,40954,153.909
156530,1401,0.101,0.6277,0.063,11.08,-600,-23.95,-255102,0,2.0624,23.259,0,0,0,0,12,0,0,0,0,1,0,49481,12466,40957,154.019
156640,1402,0.061,0.6283,0.038,11.07,-600,-23.95,-255110,0,2.0621,23.251,0,0,0,0,12,0,0,0,0,1,0,49471,12478,40951,154.129
156750,1403,0.065,0.6272,0.041,11.12,-600,-23.95,-255060,0,2.0622,23.255,0,0,0,0,12,0,0,0,0,1,0,49472,12456,40954,154.239
156860,1404,0.041,0.6266,0.025,11.13,-600,-23.95,-255068,0,2.0623,23.258,0,0,0,0,12,0,0,0,0,1,0,49466,12444,40956,154.349
156970,1405,0.049,0.6256,0.03,11.13,-600,-23.95,-255069,0,2.0623,23.256,0,0,0,0,12,0,0,0,0,1,0,49468,12423,40955,154.459
157080,1406,0.057,0.6254,0.036,11.05,-600,-23.95,-255143,0,2.0621,23.251,0,0,0,0,12,0,0,0,0,1,0,49470,12420,40951,154.569
157190,1407,0.053,0.6251,0.033,11.05,-600,-23.95,-255126,0,2.0622,23.253,0,0,0,0,12,0,0,0,0,1,0,49469,12414,40953,154.679
157300,1408,0.069,0.6237,0.043,11.01,-600,-23.95,-255163,0,2.062,23.249,0,0,0,0,12,0,0,0,0,1,0,49473,12387,40950,154.789
157410,1409,0.061,0.6236,0.038,11.05,-600,-23.95,-255112,0,2.0625,23.262,0,0,0,0,12,0,0,0,0,1,0,49471,12385,40959,154.899
157520,1410,0.097,0.6231,0.06,11.1,-600,-23.95,-255075,0,2.0619,23.246,0,0,0,0,12,0,0,0,0,1,0,49480,12374,40948,155.009
157630,1411,0.053,0.622,0.033,11.09,-600,-23.95,-255095,0,2.0624,23.261,0,0,0,0,12,0,0,0,0,1,0,49469,12353,40958,155.119
157740,1412,0.037,0.6214,0.023,11.09,-600,-23.95,-255095,0,2.062,23.249,0,0,0,0,12,0,0,0,0,1,0,49465,12341,40950,155.229
157850,1413,0.033,0.621,0.02,11.07,-600,-23.95,-255120,0,2.0622,23.253,0,0,0,0,12,0,0,0,0,1,0,49464,12332,40953,155.339
157960,1414,0.085,0.6208,0.053,10.99,-600,-23.95,-255179,0,2.0622,23.253,0,0,0,0,12,0,0,0,0,1,0,49477,12328,40953,155.449
158070,1415,0.037,0.6201,0.023,11,-600,-23.95,-255156,0,2.0625,23.263,0,0,0,0,12,0,0,0,0,1,0,49465,12314,40960,155.559
158180,1416,0.061,0.6193,0.038,11.01,-600,-23.95,-255143,0,2.062,23.249,0,0,0,0,12,0,0,0,0,1,0,49471,12299,40950,155.669
158290,1417,0.077,0.6185,0.048,10.98,-600,-23.95,-255180,0,2.0622,23.255,0,0,0,0,12,0,0,0,0,1,0,49475,12282,40954,155.779
158400,1418,0.049,0.6187,0.03,10.95,-600,-23.95,-255199,0,2.0617,23.241,0,0,0,0,12,0,0,0,0,1,0,49468,12286,40944,155.889
158510,1419,0.093,0.6179,0.058,10.99,-600,-23.95,-255147,0,2.0622,23.253,0,0,0,0,12,0,0,0,0,1,0,49479,12271,40953,155.999
158620,1420,0.073,0.6167,0.045,11.06,-600,-23.95,-255101,0,2.0623,23.258,0,0,0,0,12,0,0,0,0,1,0,49474,12248,40956,156.109
158730,1421,0.053,0.6163,0.033,11.03,-600,-23.95,-255147,0,2.062,23.248,0,0,0,0,12,0,0,0,0,1,0,49469,12239,40949,156.219
158840,1422,0.037,0.616,0.023,11.03,-600,-23.95,-255133,0,2.0622,23.255,0,0,0,0,12,0,0,0,0,1,0,49465,12234,40954,156.329
158950,1423,0.069,0.6157,0.042,11.05,-600,-23.95,-255115,0,2.0622,23.253,0,0,0,0,12,0,0,0,0,1,0,49473,12227,40953,156.439
159060,1424,-0.004,0.6148,-0.002,11.05,-600,-23.95,-255123,0,2.0625,23.262,0,0,0,0,12,0,0,0,0,1,0,49455,12209,40959,156.549
159170,1425,0.021,0.6142,0.013,11.02,-600,-23.95,-255147,0,2.062,23.248,0,0,0,0,12,0,0,0,0,1,0,49461,12197,40949,156.659
159280,1426,0.049,0.6138,0.03,10.98,-600,-23.95,-255183,0,2.0621,23.252,0,0,0,0,12,0,0,0,0,1,0,49468,12190,40952,156.769
159390,1427,0.105,0.6132,0.064,10.93,-600,-23.95,-255209,0,2.0621,23.252,0,0,0,0,12,0,0,0,0,1,0,49482,12178,40952,156.879
159500,1428,0.041,0.6116,0.025,10.97,-600,-23.95,-255167,0,2.0622,23.255,0,0,0,0,12,0,0,0,0,1,0,49466,12146,40954,156.989
159610,1429,0.021,0.6123,0.013,10.99,-600,-23.95,-255153,0,2.0623,23.256,0,0,0,0,12,0,0,0,0,1,0,49461,12160,40955,157.099
159720,1430,0.057,0.6116,0.035,10.96,-600,-23.95,-255186,0,2.0619,23.245,0,0,0,0,12,0,0,0,0,1,0,49470,12146,40947,157.209
159830,1431,0.053,0.6106,0.032,10.92,-600,-23.95,-255218,0,2.0623,23.258,0,0,0,0,12,0,0,0,0,1,0,49469,12125,40956,157.319
159940,1432,0.113,0.6105,0.069,11.01,-600,-23.95,-255124,0,2.0624,23.259,0,0,0,0,12,0,0,0,0,1,0,49484,12123,40957,157.429
160050,1433,0.053,0.6092,0.032,11,-600,-23.95,-255155,0,2.0623,23.256,0,0,0,0,12,0,0,0,0,1,0,49469,12098,40955,157.539
160160,1434,0.061,0.6093,0.037,11.02,-600,-23.95,-255135,0,2.0616,23.236,0,0,0,0,12,0,0,0,0,1,0,49471,12100,40941,157.649
160270,1435,0.049,0.6084,0.03,11.02,-600,-23.95,-255143,0,2.0622,23.255,0,0,0,0,12,0,0,0,0,1,0,49468,12083,40954,157.759
160380,1436,0.057,0.6078,0.035,11.03,-600,-23.95,-255130,0,2.0625,23.262,0,0,0,0,12,0,0,0,0,1,0,49470,12071,40959,157.869
160490,1437,0.077,0.6076,0.047,11.06,-600,-23.95,-255111,0,2.0622,23.253,0,0,0,0,12,0,0,0,0,1,0,49475,12067,40953,157.979
160600,1438,0.097,0.6075,0.059,11.03,-600,-23.95,-255142,0,2.062,23.248,0,0,0,0,12,0,0,0,0,1,0,49480,12065,40949,158.089
160710,1439,0.061,0.6062,0.037,10.99,-600,-23.95,-255172,0,2.0623,23.256,0,0,0,0,12,0,0,0,0,1,0,49471,12038,40955,158.199
160820,1440,0.121,0.6056,0.073,10.96,-600,-23.95,-255185,0,2.0624,23.261,0,0,0,0,12,0,0,0,0,1,0,49486,12026,40958,158.309
160930,1441,0.073,0.6045,0.044,10.91,-600,-23.95,-255230,0,2.0622,23.255,0,0,0,0,12,0,0,0,0,1,0,49474,12005,40954,158.419
161040,1442,0.069,0.6039,0.042,10.95,-600,-23.95,-255179,0,2.0619,23.245,0,0,0,0,12,0,0,0,0,1,0,49473,11993,40947,158.529
161150,1443,0.085,0.6039,0.051,11.02,-600,-23.95,-255121,0,2.0622,23.253,0,0,0,0,12,0,0,0,0,1,0,49477,11992,40953,158.639
161260,1444,0.041,0.6025,0.025,10.98,-600,-23.95,-255175,0,2.0622,23.253,0,0,0,0,12,0,0,0,0,1,0,49466,11966,40953,158.749
161370,1445,0.053,0.6025,0.032,11,-600,-23.95,-255148,0,2.0622,23.255,0,0,0,0,12,0,0,0,0,1,0,49469,11965,40954,158.859
161480,1446,0.029,0.6022,0.017,11,-600,-23.95,-255151,0,2.0618,23.244,0,0,0,0,12,0,0,0,0,1,0,49463,11960,40946,158.969
161590,1447,0.069,0.6019,0.041,10.93,-600,-23.95,-255220,0,2.0624,23.259,0,0,0,0,12,0,0,0,0,1,0,49473,11954,40957,159.079
161700,1448,0.049,0.6007,0.029,10.91,-600,-23.95,-255223,0,2.0621,23.252,0,0,0,0,12,0,0,0,0,1,0,49468,11930,40952,159.189
161810,1449,-0.008,0.6,-0.005,10.88,-600,-23.95,-255236,0,2.0621,23.251,0,0,0,0,12,0,0,0,0,1,0,49454,11916,40951,159.299
161920,1450,0.073,0.6002,0.044,10.99,-600,-23.95,-255132,0,2.0619,23.245,0,0,0,0,12,0,0,0,0,1,0,49474,11920,40947,159.409
162030,1451,0.105,0.5995,0.063,10.99,-600,-23.95,-255160,0,2.0622,23.253,0,0,0,0,12,0,0,0,0,1,0,49482,11906,40953,159.519
162140,1452,0.069,0.5979,0.041,10.95,-600,-23.95,-255197,0,2.0621,23.252,0,0,0,0,12,0,0,0,0,1,0,49473,11874,40952,159.629
162250,1453,0.041,0.5979,0.024,10.97,-600,-23.95,-255170,0,2.0619,23.245,0,0,0,0,12,0,0,0,0,1,0,49466,11873,40947,159.739
162360,1454,0.041,0.5974,0.024,10.93,-600,-23.95,-255209,0,2.0621,23.252,0,0,0,0,12,0,0,0,0,1,0,49466,11864,40952,159.849
162470,1455,0.073,0.5966,0.043,10.88,-600,-23.95,-255248,0,2.0621,23.251,0,0,0,0,12,0,0,0,0,1,0,49474,11847,40951,159.959
162580,1456,0.025,0.5962,0.015,10.92,-600,-23.95,-255200,0,2.0621,23.252,0,0,0,0,12,0,0,0,0,1,0,49462,11840,40952,160.069
162690,1457,0.017,0.5955,0.01,10.96,-600,-23.95,-255169,0,2.0619,23.245,0,0,0,0,12,0,0,0,0,1,0,49460,11827,40947,160.179
162800,1458,0.037,0.5953,0.022,10.91,-600,-23.95,-255231,0,2.062,23.249,0,0,0,0,12,0,0,0,0,1,0,49465,11822,40950,160.289
162910,1459,0.069,0.5943,0.041,10.88,-600,-23.95,-255244,0,2.0624,23.259,0,0,0,0,12,0,0,0,0,1,0,49473,11803,40957,160.399
163020,1460,0.081,0.5943,0.048,10.86,-600,-23.95,-255255,0,2.062,23.248,0,0,0,0,12,0,0,0,0,1,0,49476,11802,40949,160.509
163130,1461,0.025,0.5939,0.015,10.88,-600,-23.95,-255229,0,2.0616,23.238,0,0,0,0,12,0,0,0,0,1,0,49462,11794,40942,160.619
163240,1462,0.081,0.5933,0.048,10.83,-600,-23.95,-255280,0,2.0625,23.262,0,0,0,0,12,0,0,0,0,1,0,49476,11782,40959,160.729
163350,1463,0.037,0.5925,0.022,10.82,-600,-23.95,-255276,0,2.062,23.249,0,0,0,0,12,0,0,0,0,1,0,49465,11767,40950,160.839
163460,1464,0.109,0.5907,0.064,10.82,-600,-23.95,-255268,0,2.062,23.248,0,0,0,0,12,0,0,0,0,1,0,49483,11730,40949,160.949
163570,1465,0.105,0.5916,0.062,10.86,-600,-23.95,-255236,0,2.0618,23.242,0,0,0,0,12,0,0,0,0,1,0,49482,11749,40945,161.059
163680,1466,0.041,0.5905,0.024,10.87,-600,-23.95,-255234,0,2.0624,23.261,0,0,0,0,12,0,0,0,0,1,0,49466,11726,40958,161.169
163790,1467,0.089,0.5907,0.053,10.9,-600,-23.95,-255208,0,2.0624,23.261,0,0,0,0,12,0,0,0,0,1,0,49478,11730,40958,161.279
163900,1468,0.012,0.5895,0.007,10.89,-600,-23.95,-255230,0,2.0622,23.255,0,0,0,0,12,0,0,0,0,1,0,49459,11706,40954,161.389
164010,1469,0.065,0.5893,0.038,10.89,-600,-23.95,-255230,0,2.0625,23.262,0,0,0,0,12,0,0,0,0,1,0,49472,11702,40959,161.499
164120,1470,0.077,0.5883,0.045,10.89,-600,-23.95,-255222,0,2.0622,23.253,0,0,0,0,12,0,0,0,0,1,0,49475,11684,40953,161.609
164230,1471,0.069,0.5881,0.041,10.88,-600,-23.95,-255236,0,2.062,23.248,0,0,0,0,12,0,0,0,0,1,0,49473,11680,40949,161.719
164340,1472,0.041,0.588,0.024,10.87,-600,-23.95,-255245,0,2.0624,23.261,0,0,0,0,12,0,0,0,0,1,0,49466,11677,40958,161.829
164450,1473,0.077,0.5872,0.045,10.86,-600,-23.95,-255245,0,2.0616,23.236,0,0,0,0,12,0,0,0,0,1,0,49475,11662,40941,161.939
164560,1474,0.089,0.5858,0.052,10.88,-600,-23.95,-255229,0,2.062,23.249,0,0,0,0,12,0,0,0,0,1,0,49478,11633,40950,162.049
164670,1475,0.065,0.5859,0.038,10.87,-600,-23.95,-255238,0,2.0621,23.251,0,0,0,0,12,0,0,0,0,1,0,49472,11635,40951,162.159
164780,1476,0.021,0.5849,0.012,10.96,-600,-23.95,-255153,0,2.0623,23.256,0,0,0,0,12,0,0,0,0,1,0,49461,11616,40955,162.269
164890,1477,0.053,0.5844,0.031,10.98,-600,-23.95,-255168,0,2.0615,23.235,0,0,0,0,12,0,0,0,0,1,0,49469,11605,40940,162.379
165000,1478,0.049,0.584,0.028,10.99,-600,-23.95,-255155,0,2.0622,23.253,0,0,0,0,12,0,0,0,0,1,0,49468,11598,40953,162.489
165110,1479,0.037,0.5838,0.021,10.93,-600,-23.95,-255214,0,2.0623,23.258,0,0,0,0,12,0,0,0,0,1,0,49465,11593,40956,162.599
165220,1480,0.069,0.5834,0.04,10.94,-600,-23.95,-255194,0,2.0621,23.251,0,0,0,0,12,0,0,0,0,1,0,49473,11586,40951,162.709
165330,1481,0,0.5823,0,10.94,-600,-23.95,-255190,0,2.0618,23.242,0,0,0,0,12,0,0,0,0,1,0,49456,11564,40945,162.819
165440,1482,0.077,0.5827,0.045,10.9,-600,-23.95,-255232,0,2.0623,23.256,0,0,0,0,12,0,0,0,0,1,0,49475,11572,40955,162.929
165550,1483,0.085,0.5815,0.049,10.88,-600,-23.95,-255242,0,2.062,23.248,0,0,0,0,12,0,0,0,0,1,0,49477,11549,40949,163.039
165660,1484,0.049,0.5807,0.028,10.92,-600,-23.95,-255198,0,2.0622,23.253,0,0,0,0,12,0,0,0,0,1,0,49468,11532,40953,163.149
165770,1485,0.105,0.5807,0.061,10.9,-600,-23.95,-255224,0,2.0622,23.253,0,0,0,0,12,0,0,0,0,1,0,49482,11533,40953,163.259
165880,1486,0.073,0.58,0.042,10.87,-600,-23.95,-255246,0,2.0623,23.258,0,0,0,0,12,0,0,0,0,1,0,49474,11519,40956,163.369
165990,1487,0.085,0.5793,0.049,10.85,-600,-23.95,-255261,0,2.062,23.248,0,0,0,0,12,0,0,0,0,1,0,49477,11505,40949,163.479
166100,1488,0.029,0.5787,0.017,10.79,-600,-23.95,-255305,0,2.0622,23.253,0,0,0,0,12,0,0,0,0,1,0,49463,11492,40953,163.589
166210,1489,0.061,0.5778,0.035,10.83,-600,-23.95,-255254,0,2.0623,23.256,0,0,0,0,12,0,0,0,0,1,0,49471,11475,40955,163.699
166320,1490,0.029,0.5779,0.017,10.82,-600,-23.95,-255278,0,2.0623,23.258,0,0,0,0,12,0,0,0,0,1,0,49463,11477,40956,163.809
166430,1491,0.045,0.5775,0.026,10.85,-600,-23.95,-255245,0,2.0619,23.246,0,0,0,0,12,0,0,0,0,1,0,49467,11469,40948,163.919
166540,1492,0.073,0.576,0.042,10.76,-600,-23.95,-255332,0,2.0618,23.244,0,0,0,0,12,0,0,0,0,1,0,49474,11438,40946,164.029
166650,1493,0.037,0.5764,0.021,10.81,-600,-23.95,-255263,0,2.0622,23.255,0,0,0,0,12,0,0,0,0,1,0,49465,11446,40954,164.139
166760,1494,0.053,0.5755,0.03,10.79,-600,-23.95,-255298,0,2.0621,23.252,0,0,0,0,12,0,0,0,0,1,0,49469,11429,40952,164.249
166870,1495,0.117,0.5752,0.067,10.79,-600,-23.95,-255296,0,2.0622,23.253,0,0,0,0,12,0,0,0,0,1,0,49485,11423,40953,164.359
166980,1496,0.109,0.5745,0.063,10.85,-600,-23.95,-255236,0,2.0615,23.235,0,0,0,0,12,0,0,0,0,1,0,49483,11410,40940,164.469
167090,1497,0.065,0.5741,0.037,10.82,-600,-23.95,-255283,0,2.0624,23.259,0,0,0,0,12,0,0,0,0,1,0,49472,11402,40957,164.579
167200,1498,0.081,0.5729,0.046,10.77,-600,-23.95,-255314,0,2.0619,23.246,0,0,0,0,12,0,0,0,0,1,0,49476,11377,40948,164.689
167310,1499,0.049,0.5729,0.028,10.82,-600,-23.95,-255255,0,2.062,23.248,0,0,0,0,12,0,0,0,0,1,0,49468,11377,40949,164.799
167420,1500,0.061,0.5727,0.035,10.9,-600,-23.95,-255202,0,2.0618,23.242,0,0,0,0,12,0,0,0,0,1,0,49471,11373,40945,164.909
167530,1501,0.041,0.5719,0.023,10.83,-600,-23.95,-255284,0,2.0617,23.241,0,0,0,0,12,0,0,0,0,1,0,49466,11357,40944,165.019
167640,1502,0.093,0.5719,0.053,10.77,-600,-23.95,-255321,0,2.0622,23.253,0,0,0,0,12,0,0,0,0,1,0,49479,11358,40953,165.129
167750,1503,0.093,0.5707,0.053,10.7,-600,-23.95,-255370,0,2.0624,23.259,0,0,0,0,12,0,0,0,0,1,0,49479,11333,40957,165.239
167860,1504,0.077,0.5701,0.044,10.7,-600,-23.95,-255354,0,2.0618,23.244,0,0,0,0,12,0,0,0,0,1,0,49475,11322,40946,165.349
167970,1505,0.069,0.5691,0.039,10.77,-600,-23.95,-255283,0,2.0624,23.259,0,0,0,0,12,0,0,0,0,1,0,49473,11302,40957,165.459
168080,1506,0.081,0.5689,0.046,10.86,-600,-23.95,-255222,0,2.0622,23.255,0,0,0,0,12,0,0,0,0,1,0,49476,11297,40954,165.569
168190,1507,0.037,0.5689,0.021,10.89,-600,-23.95,-255218,0,2.0621,23.251,0,0,0,0,12,0,0,0,0,1,0,49465,11297,40951,165.679
168300,1508,0.045,0.5679,0.025,10.92,-600,-23.95,-255196,0,2.0619,23.246,0,0,0,0,12,0,0,0,0,1,0,49467,11278,40948,165.789
168410,1509,0.025,0.5678,0.014,10.93,-600,-23.95,-255195,0,2.0623,23.258,0,0,0,0,12,0,0,0,0,1,0,49462,11276,40956,165.899
168520,1510,0.053,0.5669,0.03,10.87,-600,-23.95,-255260,0,2.0624,23.261,0,0,0,0,12,0,0,0,0,1,0,49469,11258,40958,166.009
168630,1511,-0.02,0.5676,-0.011,10.89,-600,-23.95,-255218,0,2.0621,23.251,0,0,0,0,12,0,0,0,0,1,0,49451,11273,40951,166.119
168740,1512,0.057,0.5661,0.032,10.86,-600,-23.95,-255254,0,2.0624,23.259,0,0,0,0,12,0,0,0,0,1,0,49470,11243,40957,166.229
168850,1513,0.089,0.5655,0.05,10.86,-600,-23.95,-255251,0,2.0623,23.258,0,0,0,0,12,0,0,0,0,1,0,49478,11230,40956,166.339
168960,1514,0.069,0.5652,0.039,10.82,-600,-23.95,-255279,0,2.0622,23.255,0,0,0,0,12,0,0,0,0,1,0,49473,11224,40954,166.449
169070,1515,0.073,0.5651,0.041,10.84,-600,-23.95,-255258,0,2.0625,23.262,0,0,0,0,12,0,0,0,0,1,0,49474,11222,40959,166.559
169180,1516,0.053,0.564,0.03,10.86,-600,-23.95,-255242,0,2.0621,23.252,0,0,0,0,12,0,0,0,0,1,0,49469,11201,40952,166.669
169290,1517,0.061,0.5633,0.034,10.83,-600,-23.95,-255273,0,2.0622,23.255,0,0,0,0,12,0,0,0,0,1,0,49471,11187,40954,166.779
169400,1518,0.097,0.5621,0.055,10.84,-600,-23.95,-255252,0,2.0621,23.251,0,0,0,0,12,0,0,0,0,1,0,49480,11163,40951,166.889
169510,1519,0.041,0.5632,0.023,10.84,-600,-23.95,-255259,0,2.0616,23.238,0,0,0,0,12,0,0,0,0,1,0,49466,11185,40942,166.999
169620,1520,0.025,0.561,0.014,10.86,-600,-23.95,-255241,0,2.0619,23.246,0,0,0,0,12,0,0,0,0,1,0,49462,11141,40948,167.109
169730,1521,0.073,0.5598,0.041,10.88,-600,-23.95,-255227,0,2.0622,23.255,0,0,0,0,12,0,0,0,0,1,0,49474,11118,40954,167.219
169840,1522,0.049,0.5609,0.027,10.86,-600,-23.95,-255250,0,2.0622,23.255,0,0,0,0,12,0,0,0,0,1,0,49468,11138,40954,167.329
169950,1523,0.085,0.5608,0.048,10.77,-600,-23.95,-255327,0,2.0617,23.239,0,0,0,0,12,0,0,0,0,1,0,49477,11137,40943,167.439
170060,1524,0.101,0.5593,0.057,10.84,-600,-23.95,-255240,0,2.0623,23.256,0,0,0,0,12,0,0,0,0,1,0,49481,11107,40955,167.549
170170,1525,0.073,0.56,0.041,10.86,-600,-23.95,-255237,0,2.0624,23.259,0,0,0,0,12,0,0,0,0,1,0,49474,11121,40957,167.659
170280,1526,0.081,0.5583,0.045,10.84,-600,-23.95,-255269,0,2.0618,23.244,0,0,0,0,12,0,0,0,0,1,0,49476,11087,40946,167.769
170390,1527,0.081,0.5579,0.045,10.89,-600,-23.95,-255210,0,2.062,23.248,0,0,0,0,12,0,0,0,0,1,0,49476,11080,40949,167.879
170500,1528,0.041,0.5581,0.023,10.92,-600,-23.95,-255198,0,2.0624,23.259,0,0,0,0,12,0,0,0,0,1,0,49466,11083,40957,167.989
170610,1529,0.101,0.5569,0.056,10.9,-600,-23.95,-255224,0,2.0621,23.252,0,0,0,0,12,0,0,0,0,1,0,49481,11059,40952,168.099
170720,1530,0.045,0.5568,0.025,10.87,-600,-23.95,-255249,0,2.0621,23.252,0,0,0,0,12,0,0,0,0,1,0,49467,11057,40952,168.209
170830,1531,0.061,0.5569,0.034,10.81,-600,-23.95,-255298,0,2.0614,23.232,0,0,0,0,12,0,0,0,0,1,0,49471,11059,40938,168.319
170940,1532,0.069,0.5555,0.038,10.74,-600,-23.95,-255339,0,2.0622,23.255,0,0,0,0,12,0,0,0,0,1,0,49473,11032,40954,168.429
171050,1533,0.073,0.555,0.04,10.74,-600,-23.95,-255329,0,2.0619,23.246,0,0,0,0,12,0,0,0,0,1,0,49474,11021,40948,168.539
171160,1534,0.057,0.5548,0.032,10.72,-600,-23.95,-255342,0,2.0623,23.256,0,0,0,0,12,0,0,0,0,1,0,49470,11017,40955,168.649
171270,1535,0.097,0.5544,0.054,10.77,-600,-23.95,-255293,0,2.0616,23.236,0,0,0,0,12,0,0,0,0,1,0,49480,11010,40941,168.759
171380,1536,0.085,0.5544,0.047,10.75,-600,-23.95,-255326,0,2.0623,23.256,0,0,0,0,12,0,0,0,0,1,0,49477,11009,40955,168.869
171490,1537,0.081,0.5532,0.045,10.73,-600,-23.95,-255333,0,2.0622,23.253,0,0,0,0,12,0,0,0,0,1,0,49476,10986,40953,168.979
171600,1538,0.041,0.553,0.022,10.7,-600,-23.95,-255358,0,2.062,23.249,0,0,0,0,12,0,0,0,0,1,0,49466,10982,40950,169.089
171710,1539,0.089,0.552,0.049,10.71,-600,-23.95,-255346,0,2.0615,23.234,0,0,0,0,12,0,0,0,0,1,0,49478,10962,40939,169.199
171820,1540,0.073,0.5521,0.04,10.72,-600,-23.95,-255334,0,2.0621,23.252,0,0,0,0,12,0,0,0,0,1,0,49474,10965,40952,169.309
171930,1541,0.065,0.5516,0.036,10.73,-600,-23.95,-255328,0,2.0622,23.255,0,0,0,0,12,0,0,0,0,1,0,49472,10954,40954,169.419
172040,1542,0.061,0.5509,0.034,10.77,-600,-23.95,-255294,0,2.0619,23.246,0,0,0,0,12,0,0,0,0,1,0,49471,10941,40948,169.529
172150,1543,0.133,0.5507,0.073,10.82,-600,-23.95,-255255,0,2.0621,23.251,0,0,0,0,12,0,0,0,0,1,0,49489,10936,40951,169.639
172260,1544,0.061,0.5499,0.033,10.77,-600,-23.95,-255321,0,2.0622,23.253,0,0,0,0,12,0,0,0,0,1,0,49471,10920,40953,169.749
172370,1545,0.113,0.5494,0.062,10.71,-600,-23.95,-255358,0,2.0624,23.259,0,0,0,0,12,0,0,0,0,1,0,49484,10911,40957,169.859
172480,1546,0.049,0.5491,0.027,10.72,-600,-23.95,-255339,0,2.0625,23.262,0,0,0,0,12,0,0,0,0,1,0,49468,10905,40959,169.969
172590,1547,0.061,0.5479,0.033,10.74,-600,-23.95,-255321,0,2.0621,23.252,0,0,0,0,12,0,0,0,0,1,0,49471,10880,40952,170.079
172700,1548,0.061,0.5483,0.033,10.82,-600,-23.95,-255252,0,2.0622,23.253,0,0,0,0,12,0,0,0,0,1,0,49471,10889,40953,170.189
172810,1549,0.089,0.5476,0.049,10.79,-600,-23.95,-255295,0,2.0623,23.258,0,0,0,0,12,0,0,0,0,1,0,49478,10874,40956,170.299
172920,1550,0.049,0.5468,0.027,10.76,-600,-23.95,-255320,0,2.0615,23.235,0,0,0,0,12,0,0,0,0,1,0,49468,10859,40940,170.409
173030,1551,0.065,0.5468,0.035,10.69,-600,-23.95,-255376,0,2.062,23.249,0,0,0,0,12,0,0,0,0,1,0,49472,10859,40950,170.519
173140,1552,0.077,0.5456,0.042,10.65,-600,-23.95,-255392,0,2.0623,23.256,0,0,0,0,12,0,0,0,0,1,0,49475,10836,40955,170.629
173250,1553,0.049,0.5455,0.027,10.68,-600,-23.95,-255354,0,2.0622,23.253,0,0,0,0,12,0,0,0,0,1,0,49468,10834,40953,170.739
173360,1554,0.073,0.5451,0.04,10.76,-600,-23.95,-255289,0,2.062,23.249,0,0,0,0,12,0,0,0,0,1,0,49474,10825,40950,170.849
173470,1555,0.069,0.544,0.037,10.81,-600,-23.95,-255263,0,2.0617,23.241,0,0,0,0,12,0,0,0,0,1,0,49473,10804,40944,170.959
173580,1556,0.113,0.544,0.062,10.78,-600,-23.95,-255306,0,2.0624,23.259,0,0,0,0,12,0,0,0,0,1,0,49484,10803,40957,171.069
173690,1557,0.045,0.5436,0.024,10.69,-600,-23.95,-255386,0,2.0622,23.253,0,0,0,0,12,0,0,0,0,1,0,49467,10796,40953,171.179
173800,1558,0.069,0.5429,0.037,10.72,-600,-23.95,-255327,0,2.0619,23.245,0,0,0,0,12,0,0,0,0,1,0,49473,10781,40947,171.289
173910,1559,0.093,0.5426,0.05,10.78,-600,-23.95,-255286,0,2.0622,23.253,0,0,0,0,12,0,0,0,0,1,0,49479,10775,40953,171.399
174020,1560,0.077,0.5424,0.042,10.76,-600,-23.95,-255318,0,2.0623,23.256,0,0,0,0,12,0,0,0,0,1,0,49475,10771,40955,171.509
174130,1561,0.045,0.542,0.024,10.72,-600,-23.95,-255352,0,2.0624,23.261,0,0,0,0,12,0,0,0,0,1,0,49467,10764,40958,171.619
174240,1562,0.061,0.5413,0.033,10.74,-600,-23.95,-255318,0,2.0617,23.241,0,0,0,0,12,0,0,0,0,1,0,49471,10749,40944,171.729
174350,1563,0.053,0.5409,0.029,10.72,-600,-23.95,-255345,0,2.0622,23.255,0,0,0,0,12,0,0,0,0,1,0,49469,10741,40954,171.839
174460,1564,0.045,0.5402,0.024,10.73,-600,-23.95,-255328,0,2.062,23.249,0,0,0,0,12,0,0,0,0,1,0,49467,10728,40950,171.949
174570,1565,0.017,0.5398,0.009,10.79,-600,-23.95,-255272,0,2.062,23.248,0,0,0,0,12,0,0,0,0,1,0,49460,10720,40949,172.059
174680,1566,0.077,0.5391,0.041,10.78,-600,-23.95,-255298,0,2.0616,23.236,0,0,0,0,12,0,0,0,0,1,0,49475,10706,40941,172.169
174790,1567,0.041,0.5385,0.022,10.77,-600,-23.95,-255309,0,2.0618,23.242,0,0,0,0,12,0,0,0,0,1,0,49466,10695,40945,172.279
174900,1568,0.081,0.5387,0.044,10.76,-600,-23.95,-255317,0,2.0623,23.258,0,0,0,0,12,0,0,0,0,1,0,49476,10698,40956,172.389
175010,1569,0.073,0.5378,0.039,10.73,-600,-23.95,-255340,0,2.0621,23.252,0,0,0,0,12,0,0,0,0,1,0,49474,10680,40952,172.499
175120,1570,0.053,0.5375,0.028,10.73,-600,-23.95,-255334,0,2.0615,23.235,0,0,0,0,12,0,0,0,0,1,0,49469,10675,40940,172.609
175230,1571,0.021,0.5362,0.011,10.68,-600,-23.95,-255375,0,2.0625,23.263,0,0,0,0,12,0,0,0,0,1,0,49461,10649,40960,172.719
175340,1572,0.105,0.5361,0.056,10.67,-600,-23.95,-255370,0,2.0622,23.253,0,0,0,0,12,0,0,0,0,1,0,49482,10646,40953,172.829
175450,1573,0.029,0.5359,0.015,10.77,-600,-23.95,-255276,0,2.0624,23.259,0,0,0,0,12,0,0,0,0,1,0,49463,10642,40957,172.939
175560,1574,0.121,0.535,0.065,10.83,-600,-23.95,-255252,0,2.0622,23.253,0,0,0,0,12,0,0,0,0,1,0,49486,10625,40953,173.049
175670,1575,0.065,0.5345,0.035,10.73,-600,-23.95,-255361,0,2.0624,23.259,0,0,0,0,12,0,0,0,0,1,0,49472,10614,40957,173.159
175780,1576,0.097,0.5343,0.052,10.68,-600,-23.95,-255376,0,2.0623,23.256,0,0,0,0,12,0,0,0,0,1,0,49480,10611,40955,173.269
175890,1577,0.069,0.5345,0.037,10.66,-600,-23.95,-255385,0,2.0618,23.244,0,0,0,0,12,0,0,0,0,1,0,49473,10615,40946,173.379
176000,1578,0.017,0.5336,0.009,10.72,-600,-23.95,-255323,0,2.0625,23.263,0,0,0,0,12,0,0,0,0,1,0,49460,10596,40960,173.489
176110,1579,0.033,0.5326,0.017,10.68,-600,-23.95,-255372,0,2.062,23.248,0,0,0,0,12,0,0,0,0,1,0,49464,10576,40949,173.599
176220,1580,0.141,0.5328,0.075,10.64,-600,-23.95,-255401,0,2.0623,23.258,0,0,0,0,12,0,0,0,0,1,0,49491,10580,40956,173.709
176330,1581,0.085,0.5326,0.045,10.65,-600,-23.95,-255382,0,2.0618,23.242,0,0,0,0,12,0,0,0,0,1,0,49477,10576,40945,173.819
176440,1582,0.121,0.5313,0.064,10.64,-600,-23.95,-255390,0,2.0623,23.258,0,0,0,0,12,0,0,0,0,1,0,49486,10551,40956,173.929
176550,1583,0.049,0.5312,0.026,10.64,-600,-23.95,-255388,0,2.0621,23.252,0,0,0,0,12,0,0,0,0,1,0,49468,10550,40952,174.039
176660,1584,0.073,0.5304,0.039,10.64,-600,-23.95,-255392,0,2.0622,23.253,0,0,0,0,12,0,0,0,0,1,0,49474,10533,40953,174.149
176770,1585,0.105,0.5299,0.056,10.63,-600,-23.95,-255400,0,2.0613,23.228,0,0,0,0,12,0,0,0,0,1,0,49482,10524,40935,174.259
176880,1586,0.101,0.5286,0.053,10.66,-600,-23.95,-255371,0,2.0617,23.241,0,0,0,0,12,0,0,0,0,1,0,49481,10497,40944,174.369
176990,1587,0.049,0.5293,0.026,10.65,-600,-23.95,-255385,0,2.0621,23.251,0,0,0,0,12,0,0,0,0,1,0,49468,10511,40951,174.479
177100,1588,0.029,0.5278,0.015,10.63,-600,-23.95,-255403,0,2.0619,23.246,0,0,0,0,12,0,0,0,0,1,0,49463,10482,40948,174.589
177210,1589,0.061,0.528,0.032,10.6,-600,-23.95,-255420,0,2.0615,23.234,0,0,0,0,12,0,0,0,0,1,0,49471,10486,40939,174.699
177320,1590,0.053,0.5277,0.028,10.63,-600,-23.95,-255393,0,2.0619,23.245,0,0,0,0,12,0,0,0,0,1,0,49469,10479,40947,174.809
177430,1591,0.061,0.5275,0.032,10.66,-600,-23.95,-255371,0,2.0622,23.253,0,0,0,0,12,0,0,0,0,1,0,49471,10476,40953,174.919
177540,1592,0.069,0.5266,0.036,10.69,-600,-23.95,-255346,0,2.0625,23.263,0,0,0,0,12,0,0,0,0,1,0,49473,10458,40960,175.029
177650,1593,0.085,0.5261,0.045,10.69,-600,-23.95,-255355,0,2.0616,23.238,0,0,0,0,12,0,0,0,0,1,0,49477,10448,40942,175.139
177760,1594,0.101,0.5258,0.053,10.69,-600,-23.95,-255355,0,2.0622,23.255,0,0,0,0,12,0,0,0,0,1,0,49481,10442,40954,175.249
177870,1595,0.061,0.525,0.032,10.65,-600,-23.95,-255393,0,2.0616,23.238,0,0,0,0,12,0,0,0,0,1,0,49471,10426,40942,175.359
177980,1596,0.041,0.5245,0.021,10.71,-600,-23.95,-255332,0,2.0621,23.251,0,0,0,0,12,0,0,0,0,1,0,49466,10416,40951,175.469
178090,1597,0.053,0.524,0.028,10.69,-600,-23.95,-255364,0,2.0621,23.252,0,0,0,0,12,0,0,0,0,1,0,49469,10407,40952,175.579
178200,1598,0.065,0.5235,0.034,10.68,-600,-23.95,-255369,0,2.0623,23.256,0,0,0,0,12,0,0,0,0,1,0,49472,10397,40955,175.689
178310,1599,0.045,0.5226,0.023,10.61,-600,-23.95,-255423,0,2.0622,23.253,0,0,0,0,12,0,0,0,0,1,0,49467,10379,40953,175.799
178420,1600,0.004,0.5234,0.002,10.59,-600,-23.95,-255428,0,2.0618,23.242,0,0,0,0,12,0,0,0,0,1,0,49457,10395,40945,175.909
178530,1601,0.065,0.5224,0.034,10.6,-600,-23.95,-255416,0,2.062,23.248,0,0,0,0,12,0,0,0,0,1,0,49472,10374,40949,176.019
178640,1602,0.093,0.5219,0.049,10.59,-600,-23.95,-255427,0,2.0623,23.258,0,0,0,0,12,0,0,0,0,1,0,49479,10364,40956,176.129
178750,1603,0.121,0.5216,0.063,10.56,-600,-23.95,-255445,0,2.0623,23.258,0,0,0,0,12,0,0,0,0,1,0,49486,10359,40956,176.239
178860,1604,0,0.5213,0,10.57,-600,-23.95,-255433,0,2.0616,23.236,0,0,0,0,12,0,0,0,0,1,0,49456,10352,40941,176.349
178970,1605,0.105,0.5205,0.055,10.61,-600,-23.95,-255396,0,2.0624,23.261,0,0,0,0,12,0,0,0,0,1,0,49482,10337,40958,176.459
179080,1606,0.073,0.5205,0.038,10.62,-600,-23.95,-255403,0,2.0621,23.252,0,0,0,0,12,0,0,0,0,1,0,49474,10336,40952,176.569
179190,1607,0.101,0.52,0.053,10.61,-600,-23.95,-255409,0,2.0621,23.251,0,0,0,0,12,0,0,0,0,1,0,49481,10326,40951,176.679
179300,1608,0.004,0.5195,0.002,10.62,-600,-23.95,-255398,0,2.0618,23.244,0,0,0,0,12,0,0,0,0,1,0,49457,10316,40946,176.789
179410,1609,0.101,0.5174,0.052,10.65,-600,-23.95,-255377,0,2.0619,23.246,0,0,0,0,12,0,0,0,0,1,0,49481,10276,40948,176.899
179520,1610,0.097,0.5188,0.05,10.65,-600,-23.95,-255381,0,2.0618,23.242,0,0,0,0,12,0,0,0,0,1,0,49480,10302,40945,177.009
179630,1611,0.065,0.518,0.034,10.61,-600,-23.95,-255424,0,2.062,23.248,0,0,0,0,12,0,0,0,0,1,0,49472,10287,40949,177.119
179740,1612,0.085,0.5172,0.044,10.58,-600,-23.95,-255437,0,2.0613,23.229,0,0,0,0,12,0,0,0,0,1,0,49477,10271,40936,177.229
179850,1613,0.041,0.5167,0.021,10.53,-600,-23.95,-255475,0,2.0619,23.245,0,0,0,0,12,0,0,0,0,1,0,49466,10262,40947,177.339
179960,1614,0.045,0.5163,0.023,10.62,-600,-23.95,-255376,0,2.0619,23.245,0,0,0,0,12,0,0,0,0,1,0,49467,10253,40947,177.449
180070,1615,0.069,0.5159,0.036,10.58,-600,-23.95,-255441,0,2.0623,23.258,0,0,0,0,12,0,0,0,0,1,0,49473,10245,40956,177.559
180180,1616,0.053,0.5153,0.027,10.6,-600,-23.95,-255411,0,2.0616,23.236,0,0,0,0,12,0,0,0,0,1,0,49469,10233,40941,177.669
180290,1617,0.008,0.5156,0.004,10.58,-600,-23.95,-255435,0,2.0623,23.256,0,0,0,0,12,0,0,0,0,1,0,49458,10239,40955,177.779
180400,1618,0.105,0.5146,0.054,10.56,-600,-23.95,-255450,0,2.0624,23.259,0,0,0,0,12,0,0,0,0,1,0,49482,10220,40957,177.889
180510,1619,0.141,0.5142,0.073,10.58,-600,-23.95,-255424,0,2.062,23.249,0,0,0,0,12,0,0,0,0,1,0,49491,10211,40950,177.999
180620,1620,0.097,0.5138,0.05,10.61,-600,-23.95,-255400,0,2.0624,23.259,0,0,0,0,12,0,0,0,0,1,0,49480,10203,40957,178.109
180730,1621,0.057,0.5129,0.029,10.58,-600,-23.95,-255438,0,2.0619,23.246,0,0,0,0,12,0,0,0,0,1,0,49470,10185,40948,178.219
180840,1622,0.073,0.5126,0.037,10.51,-600,-23.95,-255489,0,2.0624,23.261,0,0,0,0,12,0,0,0,0,1,0,49474,10179,40958,178.329
180950,1623,0.021,0.5126,0.011,10.62,-600,-23.95,-255372,0,2.0621,23.251,0,0,0,0,12,0,0,0,0,1,0,49461,10179,40951,178.439
181060,1624,0.093,0.5121,0.048,10.64,-600,-23.95,-255388,0,2.0621,23.251,0,0,0,0,12,0,0,0,0,1,0,49479,10169,40951,178.549
181170,1625,0.085,0.5107,0.043,10.67,-600,-23.95,-255356,0,2.0619,23.246,0,0,0,0,12,0,0,0,0,1,0,49477,10143,40948,178.659
181280,1626,0.093,0.5114,0.048,10.63,-600,-23.95,-255410,0,2.0622,23.255,0,0,0,0,12,0,0,0,0,1,0,49479,10155,40954,178.769
181390,1627,0.125,0.5112,0.064,10.57,-600,-23.95,-255447,0,2.0614,23.232,0,0,0,0,12,0,0,0,0,1,0,49487,10152,40938,178.879
181500,1628,0.073,0.5097,0.037,10.58,-600,-23.95,-255431,0,2.0623,23.258,0,0,0,0,12,0,0,0,0,1,0,49474,10122,40956,178.989
181610,1629,0.093,0.5098,0.047,10.63,-600,-23.95,-255377,0,2.0619,23.245,0,0,0,0,12,0,0,0,0,1,0,49479,10124,40947,179.099
181720,1630,0.069,0.5087,0.035,10.65,-600,-23.95,-255381,0,2.0616,23.236,0,0,0,0,12,0,0,0,0,1,0,49473,10103,40941,179.209
181830,1631,0.117,0.5088,0.06,10.53,-600,-23.95,-255497,0,2.0616,23.238,0,0,0,0,12,0,0,0,0,1,0,49485,10105,40942,179.319
181940,1632,0.097,0.5079,0.049,10.53,-600,-23.95,-255460,0,2.0622,23.255,0,0,0,0,12,0,0,0,0,1,0,49480,10086,40954,179.429
182050,1633,0.049,0.5079,0.025,10.58,-600,-23.95,-255414,0,2.0622,23.255,0,0,0,0,12,0,0,0,0,1,0,49468,10086,40954,179.539
182160,1634,0.049,0.5071,0.025,10.62,-600,-23.95,-255396,0,2.062,23.248,0,0,0,0,12,0,0,0,0,1,0,49468,10070,40949,179.649
182270,1635,0.021,0.5067,0.01,10.63,-600,-23.95,-255395,0,2.0616,23.236,0,0,0,0,12,0,0,0,0,1,0,49461,10063,40941,179.759
182380,1636,0.049,0.5066,0.025,10.54,-600,-23.95,-255478,0,2.0621,23.251,0,0,0,0,12,0,0,0,0,1,0,49468,10061,40951,179.869
182490,1637,0.093,0.506,0.047,10.53,-600,-23.95,-255464,0,2.0624,23.261,0,0,0,0,12,0,0,0,0,1,0,49479,10049,40958,179.979
182600,1638,0.069,0.5053,0.035,10.58,-600,-23.95,-255418,0,2.0618,23.242,0,0,0,0,12,0,0,0,0,1,0,49473,10035,40945,180.089
182710,1639,0.069,0.505,0.035,10.49,-600,-23.95,-255513,0,2.0616,23.236,0,0,0,0,12,0,0,0,0,1,0,49473,10029,40941,180.199
182820,1640,0.109,0.505,0.055,10.58,-600,-23.95,-255406,0,2.062,23.249,0,0,0,0,12,0,0,0,0,1,0,49483,10028,40950,180.309
182930,1641,0.081,0.5044,0.041,10.6,-600,-23.95,-255406,0,2.0619,23.246,0,0,0,0,12,0,0,0,0,1,0,49476,10017,40948,180.419
183040,1642,0.069,0.503,0.035,10.59,-600,-23.95,-255427,0,2.0619,23.246,0,0,0,0,12,0,0,0,0,1,0,49473,9989,40948,180.529
183150,1643,0.041,0.5032,0.02,10.54,-600,-23.95,-255471,0,2.0617,23.241,0,0,0,0,12,0,0,0,0,1,0,49466,9994,40944,180.639
183260,1644,0.029,0.5024,0.014,10.46,-600,-23.95,-255526,0,2.0615,23.235,0,0,0,0,12,0,0,0,0,1,0,49463,9978,40940,180.749
183370,1645,0.049,0.5025,0.024,10.43,-600,-23.95,-255534,0,2.0619,23.246,0,0,0,0,12,0,0,0,0,1,0,49468,9980,40948,180.859
183480,1646,0.065,0.5022,0.033,10.44,-600,-23.95,-255515,0,2.0619,23.245,0,0,0,0,12,0,0,0,0,1,0,49472,9974,40947,180.969
183590,1647,0.061,0.5019,0.031,10.44,-600,-23.95,-255517,0,2.0616,23.236,0,0,0,0,12,0,0,0,0,1,0,49471,9967,40941,181.079
183700,1648,0.073,0.5009,0.037,10.51,-600,-23.95,-255452,0,2.062,23.249,0,0,0,0,12,0,0,0,0,1,0,49474,9947,40950,181.189
183810,1649,0.077,0.501,0.039,10.53,-600,-23.95,-255454,0,2.0622,23.253,0,0,0,0,12,0,0,0,0,1,0,49475,9950,40953,181.299
183920,1650,0.012,0.5006,0.006,10.52,-600,-23.95,-255472,0,2.062,23.249,0,0,0,0,12,0,0,0,0,1,0,49459,9941,40950,181.409
184030,1651,0.029,0.5001,0.014,10.49,-600,-23.95,-255496,0,2.0621,23.251,0,0,0,0,12,0,0,0,0,1,0,49463,9932,40951,181.519
184140,1652,0.093,0.4986,0.046,10.5,-600,-23.95,-255482,0,2.0621,23.251,0,0,0,0,12,0,0,0,0,1,0,49479,9902,40951,181.629
184250,1653,0.109,0.4988,0.054,10.53,-600,-23.95,-255452,0,2.0621,23.252,0,0,0,0,12,0,0,0,0,1,0,49483,9905,40952,181.739
184360,1654,0.025,0.4991,0.012,10.55,-600,-23.95,-255438,0,2.0615,23.235,0,0,0,0,12,0,0,0,0,1,0,49462,9912,40940,181.849
184470,1655,0.012,0.4978,0.006,10.44,-600,-23.95,-255548,0,2.0622,23.253,0,0,0,0,12,0,0,0,0,1,0,49459,9885,40953,181.959
184580,1656,0.101,0.4973,0.05,10.42,-600,-23.95,-255536,0,2.062,23.248,0,0,0,0,12,0,0,0,0,1,0,49481,9875,40949,182.069
184690,1657,0.057,0.4965,0.028,10.42,-600,-23.95,-255536,0,2.0618,23.242,0,0,0,0,12,0,0,0,0,1,0,49470,9860,40945,182.179
184800,1658,0.081,0.4967,0.04,10.45,-600,-23.95,-255505,0,2.0614,23.231,0,0,0,0,12,0,0,0,0,1,0,49476,9864,40937,182.289
184910,1659,0.061,0.4955,0.03,10.45,-600,-23.95,-255516,0,2.0621,23.251,0,0,0,0,12,0,0,0,0,1,0,49471,9840,40951,182.399
185020,1660,0.081,0.4961,0.04,10.46,-600,-23.95,-255504,0,2.0616,23.238,0,0,0,0,12,0,0,0,0,1,0,49476,9853,40942,182.509
185130,1661,0.065,0.4952,0.032,10.45,-600,-23.95,-255516,0,2.0621,23.252,0,0,0,0,12,0,0,0,0,1,0,49472,9834,40952,182.619
185240,1662,0.045,0.4955,0.022,10.45,-600,-23.95,-255510,0,2.0616,23.236,0,0,0,0,12,0,0,0,0,1,0,49467,9841,40941,182.729
185350,1663,0.021,0.4933,0.01,10.5,-600,-23.95,-255469,0,2.0619,23.246,0,0,0,0,12,0,0,0,0,1,0,49461,9797,40948,182.839
185460,1664,0.101,0.4938,0.05,10.56,-600,-23.95,-255420,0,2.0623,23.258,0,0,0,0,12,0,0,0,0,1,0,49481,9807,40956,182.949
185570,1665,0.029,0.4934,0.014,10.56,-600,-23.95,-255442,0,2.0622,23.255,0,0,0,0,12,0,0,0,0,1,0,49463,9798,40954,183.059
185680,1666,-0.008,0.4933,-0.004,10.47,-600,-23.95,-255525,0,2.0618,23.242,0,0,0,0,12,0,0,0,0,1,0,49454,9797,40945,183.169
185790,1667,0.109,0.4922,0.054,10.45,-600,-23.95,-255520,0,2.062,23.248,0,0,0,0,12,0,0,0,0,1,0,49483,9774,40949,183.279
185900,1668,0.017,0.4926,0.008,10.36,-600,-23.95,-255599,0,2.0617,23.241,0,0,0,0,12,0,0,0,0,1,0,49460,9783,40944,183.389
186010,1669,0.089,0.4915,0.044,10.32,-600,-23.95,-255608,0,2.062,23.248,0,0,0,0,12,0,0,0,0,1,0,49478,9761,40949,183.499
186120,1670,0.113,0.4908,0.056,10.37,-600,-23.95,-255547,0,2.0613,23.229,0,0,0,0,12,0,0,0,0,1,0,49484,9747,40936,183.609
186230,1671,0.109,0.4902,0.054,10.41,-600,-23.95,-255525,0,2.0617,23.241,0,0,0,0,12,0,0,0,0,1,0,49483,9734,40944,183.719
186340,1672,0.081,0.4908,0.04,10.39,-600,-23.95,-255563,0,2.0619,23.245,0,0,0,0,12,0,0,0,0,1,0,49476,9747,40947,183.829
186450,1673,0.057,0.4903,0.028,10.31,-600,-23.95,-255627,0,2.0622,23.253,0,0,0,0,12,0,0,0,0,1,0,49470,9736,40953,183.939
186560,1674,0.069,0.4895,0.034,10.31,-600,-23.95,-255602,0,2.0621,23.251,0,0,0,0,12,0,0,0,0,1,0,49473,9722,40951,184.049
186670,1675,0.069,0.4898,0.034,10.38,-600,-23.95,-255544,0,2.0617,23.239,0,0,0,0,12,0,0,0,0,1,0,49473,9726,40943,184.159
186780,1676,0.053,0.4886,0.026,10.38,-600,-23.95,-255553,0,2.0615,23.234,0,0,0,0,12,0,0,0,0,1,0,49469,9704,40939,184.269
186890,1677,0.008,0.4885,0.004,10.38,-600,-23.95,-255562,0,2.0622,23.253,0,0,0,0,12,0,0,0,0,1,0,49458,9702,40953,184.379
187000,1678,0.061,0.4875,0.03,10.32,-600,-23.95,-255615,0,2.0617,23.241,0,0,0,0,12,0,0,0,0,1,0,49471,9682,40944,184.489
187110,1679,0.073,0.4878,0.036,10.47,-600,-23.95,-255459,0,2.062,23.249,0,0,0,0,12,0,0,0,0,1,0,49474,9687,40950,184.599
187220,1680,0.065,0.4866,0.032,10.45,-600,-23.95,-255516,0,2.0619,23.246,0,0,0,0,12,0,0,0,0,1,0,49472,9664,40948,184.709
187330,1681,0.037,0.486,0.018,10.37,-600,-23.95,-255585,0,2.0617,23.239,0,0,0,0,12,0,0,0,0,1,0,49465,9652,40943,184.819
187440,1682,0.037,0.4861,0.018,10.38,-600,-23.95,-255560,0,2.0621,23.252,0,0,0,0,12,0,0,0,0,1,0,49465,9654,40952,184.929
187550,1683,0.085,0.4848,0.041,10.39,-600,-23.95,-255549,0,2.062,23.249,0,0,0,0,12,0,0,0,0,1,0,49477,9628,40950,185.039
187660,1684,0.049,0.4853,0.024,10.39,-600,-23.95,-255553,0,2.0621,23.251,0,0,0,0,12,0,0,0,0,1,0,49468,9638,40951,185.149
187770,1685,0.073,0.4853,0.035,10.46,-600,-23.95,-255486,0,2.0618,23.242,0,0,0,0,12,0,0,0,0,1,0,49474,9638,40945,185.259
187880,1686,0.061,0.4847,0.029,10.41,-600,-23.95,-255551,0,2.0618,23.244,0,0,0,0,12,0,0,0,0,1,0,49471,9625,40946,185.369
187990,1687,0.037,0.4839,0.018,10.42,-600,-23.95,-255530,0,2.0619,23.245,0,0,0,0,12,0,0,0,0,1,0,49465,9610,40947,185.479
188100,1688,0.033,0.4835,0.016,10.3,-600,-23.95,-255647,0,2.062,23.248,0,0,0,0,12,0,0,0,0,1,0,49464,9602,40949,185.589
188210,1689,0.101,0.4831,0.049,10.32,-600,-23.95,-255591,0,2.0617,23.239,0,0,0,0,12,0,0,0,0,1,0,49481,9594,40943,185.699
188320,1690,0.089,0.4823,0.043,10.28,-600,-23.95,-255632,0,2.062,23.249,0,0,0,0,12,0,0,0,0,1,0,49478,9578,40950,185.809
188430,1691,0.049,0.4823,0.024,10.33,-600,-23.95,-255574,0,2.0619,23.246,0,0,0,0,12,0,0,0,0,1,0,49468,9579,40948,185.919
188540,1692,0.061,0.4817,0.029,10.37,-600,-23.95,-255556,0,2.0618,23.242,0,0,0,0,12,0,0,0,0,1,0,49471,9567,40945,186.029
188650,1693,0.065,0.4824,0.031,10.3,-600,-23.95,-255626,0,2.0614,23.232,0,0,0,0,12,0,0,0,0,1,0,49472,9580,40938,186.139
188760,1694,0.137,0.4808,0.066,10.32,-600,-23.95,-255591,0,2.0623,23.256,0,0,0,0,12,0,0,0,0,1,0,49490,9549,40955,186.249
188870,1695,0.049,0.4809,0.023,10.33,-600,-23.95,-255588,0,2.0621,23.251,0,0,0,0,12,0,0,0,0,1,0,49468,9551,40951,186.359
188980,1696,0.041,0.4801,0.02,10.39,-600,-23.95,-255540,0,2.0623,23.256,0,0,0,0,12,0,0,0,0,1,0,49466,9535,40955,186.469
189090,1697,0.101,0.4804,0.049,10.37,-600,-23.95,-255574,0,2.0615,23.234,0,0,0,0,12,0,0,0,0,1,0,49481,9540,40939,186.579
189200,1698,0.012,0.4791,0.006,10.3,-600,-23.95,-255627,0,2.062,23.248,0,0,0,0,12,0,0,0,0,1,0,49459,9515,40949,186.689
189310,1699,0.073,0.4787,0.035,10.26,-600,-23.95,-255652,0,2.0624,23.259,0,0,0,0,12,0,0,0,0,1,0,49474,9507,40957,186.799
189420,1700,0.029,0.4788,0.014,10.27,-600,-23.95,-255624,0,2.0622,23.255,0,0,0,0,12,0,0,0,0,1,0,49463,9509,40954,186.909
189530,1701,0.025,0.4786,0.012,10.31,-600,-23.95,-255591,0,2.0621,23.252,0,0,0,0,12,0,0,0,0,1,0,49462,9504,40952,187.019
189640,1702,0.017,0.4778,0.008,10.33,-600,-23.95,-255588,0,2.0623,23.258,0,0,0,0,12,0,0,0,0,1,0,49460,9488,40956,187.129
189750,1703,0.057,0.477,0.027,10.32,-600,-23.95,-255602,0,2.0621,23.251,0,0,0,0,12,0,0,0,0,1,0,49470,9473,40951,187.239
189860,1704,0.037,0.4776,0.018,10.35,-600,-23.95,-255572,0,2.0618,23.244,0,0,0,0,12,0,0,0,0,1,0,49465,9485,40946,187.349
189970,1705,0.041,0.4767,0.019,10.27,-600,-23.95,-255655,0,2.0618,23.244,0,0,0,0,12,0,0,0,0,1,0,49466,9466,40946,187.459
190080,1706,0.045,0.4767,0.021,10.23,-600,-23.95,-255663,0,2.0619,23.245,0,0,0,0,12,0,0,0,0,1,0,49467,9466,40947,187.569
190190,1707,0.008,0.4753,0.004,10.26,-600,-23.95,-255630,0,2.0623,23.258,0,0,0,0,12,0,0,0,0,1,0,49458,9440,40956,187.679
190300,1708,0.081,0.4755,0.038,10.3,-600,-23.95,-255600,0,2.0617,23.239,0,0,0,0,12,0,0,0,0,1,0,49476,9443,40943,187.789
190410,1709,0.121,0.4745,0.058,10.3,-600,-23.95,-255608,0,2.062,23.249,0,0,0,0,12,0,0,0,0,1,0,49486,9423,40950,187.899
190520,1710,0.053,0.4754,0.025,10.37,-600,-23.95,-255550,0,2.062,23.248,0,0,0,0,12,0,0,0,0,1,0,49469,9441,40949,188.009
190630,1711,0.061,0.4742,0.029,10.36,-600,-23.95,-255574,0,2.0618,23.244,0,0,0,0,12,0,0,0,0,1,0,49471,9417,40946,188.119
190740,1712,0.065,0.4743,0.031,10.3,-600,-23.95,-255627,0,2.0616,23.238,0,0,0,0,12,0,0,0,0,1,0,49472,9419,40942,188.229
190850,1713,0.069,0.4734,0.033,10.23,-600,-23.95,-255676,0,2.0619,23.246,0,0,0,0,12,0,0,0,0,1,0,49473,9402,40948,188.339
190960,1714,0.041,0.4737,0.019,10.29,-600,-23.95,-255602,0,2.0622,23.253,0,0,0,0,12,0,0,0,0,1,0,49466,9407,40953,188.449
191070,1715,0.105,0.4731,0.05,10.3,-600,-23.95,-255604,0,2.062,23.248,0,0,0,0,12,0,0,0,0,1,0,49482,9396,40949,188.559
191180,1716,0.085,0.4722,0.04,10.29,-600,-23.95,-255621,0,2.0617,23.241,0,0,0,0,12,0,0,0,0,1,0,49477,9378,40944,188.669
191290,1717,0.093,0.4718,0.044,10.27,-600,-23.95,-255640,0,2.0622,23.253,0,0,0,0,12,0,0,0,0,1,0,49479,9370,40953,188.779
191400,1718,0.069,0.4712,0.032,10.23,-600,-23.95,-255670,0,2.0621,23.251,0,0,0,0,12,0,0,0,0,1,0,49473,9357,40951,188.889
191510,1719,0.093,0.4704,0.044,10.19,-600,-23.95,-255691,0,2.0622,23.255,0,0,0,0,12,0,0,0,0,1,0,49479,9341,40954,188.999
191620,1720,0.029,0.4702,0.013,10.17,-600,-23.95,-255699,0,2.0617,23.241,0,0,0,0,12,0,0,0,0,1,0,49463,9338,40944,189.109
191730,1721,0.053,0.4702,0.025,10.19,-600,-23.95,-255676,0,2.0621,23.252,0,0,0,0,12,0,0,0,0,1,0,49469,9338,40952,189.219
191840,1722,0.017,0.4695,0.008,10.26,-600,-23.95,-255619,0,2.0617,23.239,0,0,0,0,12,0,0,0,0,1,0,49460,9324,40943,189.329
191950,1723,0.012,0.4698,0.006,10.29,-600,-23.95,-255613,0,2.0621,23.252,0,0,0,0,12,0,0,0,0,1,0,49459,9330,40952,189.439
192060,1724,0.033,0.4689,0.015,10.26,-600,-23.95,-255646,0,2.062,23.249,0,0,0,0,12,0,0,0,0,1,0,49464,9312,40950,189.549
192170,1725,0.037,0.4678,0.017,10.27,-600,-23.95,-255624,0,2.0621,23.252,0,0,0,0,12,0,0,0,0,1,0,49465,9291,40952,189.659
192280,1726,0.093,0.4683,0.044,10.21,-600,-23.95,-255683,0,2.0618,23.242,0,0,0,0,12,0,0,0,0,1,0,49479,9300,40945,189.769
192390,1727,0.061,0.4677,0.028,10.24,-600,-23.95,-255641,0,2.062,23.248,0,0,0,0,12,0,0,0,0,1,0,49471,9289,40949,189.879
192500,1728,0.113,0.4672,0.053,10.27,-600,-23.95,-255623,0,2.0623,23.258,0,0,0,0,12,0,0,0,0,1,0,49484,9278,40956,189.989
192610,1729,0.065,0.4668,0.03,10.26,-600,-23.95,-255637,0,2.062,23.248,0,0,0,0,12,0,0,0,0,1,0,49472,9270,40949,190.099
192720,1730,0.069,0.4671,0.032,10.22,-600,-23.95,-255677,0,2.0625,23.262,0,0,0,0,12,0,0,0,0,1,0,49473,9276,40959,190.209
192830,1731,0.081,0.4658,0.038,10.23,-600,-23.95,-255653,0,2.0616,23.238,0,0,0,0,12,0,0,0,0,1,0,49476,9251,40942,190.319
192940,1732,0.073,0.4654,0.034,10.25,-600,-23.95,-255637,0,2.0622,23.253,0,0,0,0,12,0,0,0,0,1,0,49474,9243,40953,190.429
193050,1733,0.041,0.4648,0.019,10.26,-600,-23.95,-255631,0,2.0615,23.234,0,0,0,0,12,0,0,0,0,1,0,49466,9231,40939,190.539
193160,1734,0.065,0.4645,0.03,10.24,-600,-23.95,-255660,0,2.0623,23.256,0,0,0,0,12,0,0,0,0,1,0,49472,9225,40955,190.649
193270,1735,0.012,0.4644,0.006,10.22,-600,-23.95,-255669,0,2.0615,23.235,0,0,0,0,12,0,0,0,0,1,0,49459,9223,40940,190.759
193380,1736,0.041,0.4645,0.019,10.21,-600,-23.95,-255676,0,2.0622,23.253,0,0,0,0,12,0,0,0,0,1,0,49466,9224,40953,190.869
193490,1737,0.065,0.464,0.03,10.23,-600,-23.95,-255649,0,2.0621,23.251,0,0,0,0,12,0,0,0,0,1,0,49472,9214,40951,190.979
193600,1738,0.061,0.464,0.028,10.24,-600,-23.95,-255645,0,2.0623,23.258,0,0,0,0,12,0,0,0,0,1,0,49471,9214,40956,191.089
193710,1739,0.057,0.463,0.026,10.28,-600,-23.95,-255614,0,2.0617,23.241,0,0,0,0,12,0,0,0,0,1,0,49470,9194,40944,191.199
193820,1740,0.125,0.4627,0.058,10.29,-600,-23.95,-255618,0,2.0619,23.245,0,0,0,0,12,0,0,0,0,1,0,49487,9188,40947,191.309
193930,1741,0.109,0.4619,0.05,10.25,-600,-23.95,-255654,0,2.062,23.249,0,0,0,0,12,0,0,0,0,1,0,49483,9173,40950,191.419
194040,1742,0.077,0.4616,0.036,10.25,-600,-23.95,-255642,0,2.0617,23.241,0,0,0,0,12,0,0,0,0,1,0,49475,9166,40944,191.529
194150,1743,0.053,0.4616,0.024,10.25,-600,-23.95,-255642,0,2.0614,23.232,0,0,0,0,12,0,0,0,0,1,0,49469,9166,40938,191.639
194260,1744,0.085,0.4608,0.039,10.24,-600,-23.95,-255655,0,2.0619,23.245,0,0,0,0,12,0,0,0,0,1,0,49477,9151,40947,191.749
194370,1745,0.041,0.4603,0.019,10.25,-600,-23.95,-255636,0,2.0623,23.256,0,0,0,0,12,0,0,0,0,1,0,49466,9141,40955,191.859
194480,1746,0.081,0.4599,0.037,10.25,-600,-23.95,-255642,0,2.0621,23.252,0,0,0,0,12,0,0,0,0,1,0,49476,9133,40952,191.969
194590,1747,0.033,0.4601,0.015,10.22,-600,-23.95,-255670,0,2.0618,23.242,0,0,0,0,12,0,0,0,0,1,0,49464,9137,40945,192.079
194700,1748,0.017,0.4592,0.008,10.23,-600,-23.95,-255656,0,2.0617,23.239,0,0,0,0,12,0,0,0,0,1,0,49460,9120,40943,192.189
194810,1749,0.077,0.4591,0.035,10.21,-600,-23.95,-255678,0,2.0618,23.244,0,0,0,0,12,0,0,0,0,1,0,49475,9118,40946,192.299
194920,1750,0.008,0.4591,0.004,10.2,-600,-23.95,-255674,0,2.0622,23.255,0,0,0,0,12,0,0,0,0,1,0,49458,9118,40954,192.409
195030,1751,0.113,0.4579,0.052,10.19,-600,-23.95,-255682,0,2.0618,23.244,0,0,0,0,12,0,0,0,0,1,0,49484,9093,40946,192.519
195140,1752,0.081,0.4581,0.037,10.17,-600,-23.95,-255703,0,2.0618,23.242,0,0,0,0,12,0,0,0,0,1,0,49476,9097,40945,192.629
195250,1753,0.049,0.4575,0.022,10.21,-600,-23.95,-255657,0,2.062,23.248,0,0,0,0,12,0,0,0,0,1,0,49468,9086,40949,192.739
195360,1754,0.021,0.4572,0.009,10.15,-600,-23.95,-255727,0,2.0622,23.255,0,0,0,0,12,0,0,0,0,1,0,49461,9080,40954,192.849
195470,1755,0.033,0.4565,0.015,10.13,-600,-23.95,-255727,0,2.0621,23.252,0,0,0,0,12,0,0,0,0,1,0,49464,9066,40952,192.959
195580,1756,0.061,0.4563,0.028,10.16,-600,-23.95,-255696,0,2.0622,23.253,0,0,0,0,12,0,0,0,0,1,0,49471,9062,40953,193.069
195690,1757,0.097,0.4553,0.044,10.17,-600,-23.95,-255693,0,2.0621,23.251,0,0,0,0,12,0,0,0,0,1,0,49480,9042,40951,193.179
195800,1758,0.041,0.4559,0.019,10.17,-600,-23.95,-255699,0,2.0615,23.235,0,0,0,0,12,0,0,0,0,1,0,49466,9053,40940,193.289
195910,1759,0.045,0.4549,0.02,10.18,-600,-23.95,-255687,0,2.0621,23.251,0,0,0,0,12,0,0,0,0,1,0,49467,9034,40951,193.399
196020,1760,0.065,0.4546,0.029,10.15,-600,-23.95,-255713,0,2.0622,23.255,0,0,0,0,12,0,0,0,0,1,0,49472,9028,40954,193.509
196130,1761,0.117,0.4544,0.053,10.14,-600,-23.95,-255716,0,2.062,23.248,0,0,0,0,12,0,0,0,0,1,0,49485,9024,40949,193.619
196240,1762,0.017,0.4544,0.008,10.09,-600,-23.95,-255761,0,2.0616,23.238,0,0,0,0,12,0,0,0,0,1,0,49460,9023,40942,193.729
196350,1763,0.101,0.4532,0.046,10.12,-600,-23.95,-255724,0,2.0618,23.242,0,0,0,0,12,0,0,0,0,1,0,49481,9001,40945,193.839
196460,1764,0.081,0.4526,0.037,10.17,-600,-23.95,-255683,0,2.0621,23.252,0,0,0,0,12,0,0,0,0,1,0,49476,8989,40952,193.949
196570,1765,0.053,0.4527,0.024,10.16,-600,-23.95,-255708,0,2.0623,23.258,0,0,0,0,12,0,0,0,0,1,0,49469,8991,40956,194.059
196680,1766,0.045,0.4526,0.02,10.13,-600,-23.95,-255728,0,2.0613,23.228,0,0,0,0,12,0,0,0,0,1,0,49467,8988,40935,194.169
196790,1767,0.085,0.4516,0.038,10.09,-600,-23.95,-255761,0,2.0621,23.251,0,0,0,0,12,0,0,0,0,1,0,49477,8969,40951,194.279
196900,1768,0.041,0.4516,0.018,10.08,-600,-23.95,-255759,0,2.062,23.249,0,0,0,0,12,0,0,0,0,1,0,49466,8968,40950,194.389
197010,1769,0.025,0.4516,0.011,10.06,-600,-23.95,-255775,0,2.062,23.249,0,0,0,0,12,0,0,0,0,1,0,49462,8968,40950,194.499
197120,1770,0.041,0.4515,0.018,10.05,-600,-23.95,-255777,0,2.0616,23.238,0,0,0,0,12,0,0,0,0,1,0,49466,8966,40942,194.609
197230,1771,0.049,0.4501,0.022,10.05,-600,-23.95,-255772,0,2.0622,23.253,0,0,0,0,12,0,0,0,0,1,0,49468,8938,40953,194.719
197340,1772,0.061,0.4502,0.027,10.09,-600,-23.95,-255734,0,2.0618,23.244,0,0,0,0,12,0,0,0,0,1,0,49471,8940,40946,194.829
197450,1773,0.097,0.4493,0.044,10.06,-600,-23.95,-255772,0,2.0623,23.256,0,0,0,0,12,0,0,0,0,1,0,49480,8922,40955,194.939
197560,1774,0.061,0.4497,0.027,10.03,-600,-23.95,-255797,0,2.0618,23.244,0,0,0,0,12,0,0,0,0,1,0,49471,8930,40946,195.049
197670,1775,0.017,0.4492,0.007,10.06,-600,-23.95,-255755,0,2.0622,23.253,0,0,0,0,12,0,0,0,0,1,0,49460,8920,40953,195.159
197780,1776,0.069,0.4487,0.031,10.1,-600,-23.95,-255729,0,2.0624,23.261,0,0,0,0,12,0,0,0,0,1,0,49473,8911,40958,195.269
197890,1777,0.085,0.4479,0.038,10.07,-600,-23.95,-255773,0,2.0615,23.234,0,0,0,0,12,0,0,0,0,1,0,49477,8895,40939,195.379
198000,1778,0.069,0.4475,0.031,10.05,-600,-23.95,-255776,0,2.0616,23.236,0,0,0,0,12,0,0,0,0,1,0,49473,8887,40941,195.489
198110,1779,0.053,0.4473,0.024,10.06,-600,-23.95,-255762,0,2.0619,23.245,0,0,0,0,12,0,0,0,0,1,0,49469,8882,40947,195.599
198220,1780,0.061,0.4473,0.027,10.11,-600,-23.95,-255723,0,2.0625,23.262,0,0,0,0,12,0,0,0,0,1,0,49471,8883,40959,195.709
198330,1781,0.069,0.447,0.031,10.1,-600,-23.95,-255743,0,2.0618,23.244,0,0,0,0,12,0,0,0,0,1,0,49473,8878,40946,195.819
198440,1782,0.057,0.4466,0.025,10.09,-600,-23.95,-255747,0,2.063,23.276,0,0,0,0,12,0,0,0,0,1,0,49470,8869,40969,195.929
198550,1783,0.061,0.446,0.027,9.93,-600,-23.95,-255901,0,2.0624,23.259,0,0,0,0,12,0,0,0,0,1,0,49471,8858,40957,196.039
198660,1784,0.121,0.4456,0.054,9.99,-600,-23.95,-255792,0,2.0621,23.251,0,0,0,0,12,0,0,0,0,1,0,49486,8850,40951,196.149
198770,1785,0.085,0.4451,0.038,10.14,-600,-23.95,-255674,0,2.0625,23.262,0,0,0,0,12,0,0,0,0,1,0,49477,8839,40959,196.259
198880,1786,0.077,0.4441,0.034,10.07,-600,-23.95,-255783,0,2.0628,23.272,0,0,0,0,12,0,0,0,0,1,0,49475,8820,40966,196.369
198990,1787,0.101,0.4441,0.045,9.99,-600,-23.95,-255838,0,2.0627,23.268,0,0,0,0,12,0,0,0,0,1,0,49481,8820,40963,196.479
199100,1788,0.117,0.4445,0.052,10,-600,-23.95,-255806,0,2.0627,23.269,0,0,0,0,12,0,0,0,0,1,0,49485,8827,40964,196.589
199210,1789,0.101,0.4441,0.045,10.01,-600,-23.95,-255797,0,2.0623,23.256,0,0,0,0,12,0,0,0,0,1,0,49481,8820,40955,196.699
199320,1790,0.109,0.4436,0.048,10.04,-600,-23.95,-255768,0,2.0625,23.262,0,0,0,0,12,0,0,0,0,1,0,49483,8810,40959,196.809
199430,1791,0.093,0.4427,0.041,10.09,-600,-23.95,-255734,0,2.0629,23.273,0,0,0,0,12,0,0,0,0,1,0,49479,8791,40967,196.919
199540,1792,0.101,0.4427,0.045,10.07,-600,-23.95,-255769,0,2.0627,23.268,0,0,0,0,12,0,0,0,0,1,0,49481,8791,40963,197.029
199650,1793,0.085,0.4428,0.038,10.08,-600,-23.95,-255754,0,2.0622,23.255,0,0,0,0,12,0,0,0,0,1,0,49477,8794,40954,197.139
199760,1794,0.077,0.4425,0.034,10.06,-600,-23.95,-255772,0,2.0627,23.268,0,0,0,0,12,0,0,0,0,1,0,49475,8787,40963,197.249
199870,1795,0.008,0.4413,0.004,10,-600,-23.95,-255823,0,2.0627,23.269,0,0,0,0,12,0,0,0,0,1,0,49458,8764,40964,197.359
199980,1796,0.073,0.4409,0.032,9.98,-600,-23.95,-255823,0,2.0627,23.269,0,0,0,0,12,0,0,0,0,1,0,49474,8755,40964,197.469
200090,1797,0.061,0.4407,0.027,9.97,-600,-23.95,-255828,0,2.0627,23.268,0,0,0,0,12,0,0,0,0,1,0,49471,8751,40963,197.579
200200,1798,0.069,0.4405,0.03,9.99,-600,-23.95,-255810,0,2.0627,23.269,0,0,0,0,12,0,0,0,0,1,0,49473,8748,40964,197.689
200310,1799,0.053,0.4401,0.023,10,-600,-23.95,-255799,0,2.0627,23.268,0,0,0,0,12,0,0,0,0,1,0,49469,8739,40963,197.799
200420,1800,0.049,0.4397,0.021,9.96,-600,-23.95,-255847,0,2.0628,23.27,0,0,0,0,12,0,0,0,0,1,0,49468,8733,40965,197.909
200530,1801,0.069,0.4391,0.03,10.03,-600,-23.95,-255765,0,2.0624,23.261,0,0,0,0,12,0,0,0,0,1,0,49473,8720,40958,198.019
200640,1802,0.037,0.439,0.016,10.04,-600,-23.95,-255775,0,2.0628,23.272,0,0,0,0,12,0,0,0,0,1,0,49465,8719,40966,198.129
200750,1803,0.021,0.4385,0.009,9.98,-600,-23.95,-255840,0,2.0627,23.269,0,0,0,0,12,0,0,0,0,1,0,49461,8708,40964,198.239
200860,1804,0.065,0.4378,0.028,9.91,-600,-23.95,-255884,0,2.0628,23.272,0,0,0,0,12,0,0,0,0,1,0,49472,8694,40966,198.349
200970,1805,-0.016,0.438,-0.007,9.98,-600,-23.95,-255802,0,2.0628,23.272,0,0,0,0,12,0,0,0,0,1,0,49452,8698,40966,198.459
201080,1806,0.085,0.4376,0.037,10.01,-600,-23.95,-255793,0,2.0626,23.265,0,0,0,0,12,0,0,0,0,1,0,49477,8690,40961,198.569
201190,1807,0.129,0.437,0.057,9.97,-600,-23.95,-255835,0,2.0623,23.256,0,0,0,0,12,0,0,0,0,1,0,49488,8679,40955,198.679
201300,1808,0.025,0.4372,0.011,9.96,-600,-23.95,-255833,0,2.0626,23.265,0,0,0,0,12,0,0,0,0,1,0,49462,8682,40961,198.789
201410,1809,0.113,0.4361,0.049,9.99,-600,-23.95,-255802,0,2.0626,23.266,0,0,0,0,12,0,0,0,0,1,0,49484,8660,40962,198.899
201520,1810,0.069,0.4361,0.03,10,-600,-23.95,-255801,0,2.0626,23.265,0,0,0,0,12,0,0,0,0,1,0,49473,8660,40961,199.009
201630,1811,0.121,0.4356,0.053,9.99,-600,-23.95,-255819,0,2.0629,23.273,0,0,0,0,12,0,0,0,0,1,0,49486,8650,40967,199.119
201740,1812,0.121,0.4354,0.053,9.94,-600,-23.95,-255855,0,2.0625,23.263,0,0,0,0,12,0,0,0,0,1,0,49486,8647,40960,199.229
201850,1813,0.109,0.435,0.047,9.93,-600,-23.95,-255852,0,2.0626,23.266,0,0,0,0,12,0,0,0,0,1,0,49483,8639,40962,199.339
201960,1814,0.073,0.4349,0.032,9.99,-600,-23.95,-255793,0,2.0629,23.273,0,0,0,0,12,0,0,0,0,1,0,49474,8636,40967,199.449
202070,1815,0.077,0.4339,0.033,10.02,-600,-23.95,-255787,0,2.0627,23.269,0,0,0,0,12,0,0,0,0,1,0,49475,8617,40964,199.559
202180,1816,0.049,0.4343,0.021,9.95,-600,-23.95,-255857,0,2.0621,23.252,0,0,0,0,12,0,0,0,0,1,0,49468,8624,40952,199.669
202290,1817,0.089,0.4333,0.039,9.93,-600,-23.95,-255855,0,2.0629,23.273,0,0,0,0,12,0,0,0,0,1,0,49478,8604,40967,199.779
202400,1818,0.105,0.4334,0.046,9.93,-600,-23.95,-255853,0,2.0628,23.27,0,0,0,0,12,0,0,0,0,1,0,49482,8606,40965,199.889
202510,1819,0.093,0.4324,0.04,9.87,-600,-23.95,-255906,0,2.0627,23.269,0,0,0,0,12,0,0,0,0,1,0,49479,8587,40964,199.999
202620,1820,0.053,0.4326,0.023,9.9,-600,-23.95,-255865,0,2.0625,23.263,0,0,0,0,12,0,0,0,0,1,0,49469,8592,40960,200.109
202730,1821,0.105,0.4316,0.045,9.88,-600,-23.95,-255888,0,2.0624,23.259,0,0,0,0,12,0,0,0,0,1,0,49482,8571,40957,200.219
202840,1822,0.069,0.4315,0.03,9.88,-600,-23.95,-255886,0,2.0626,23.266,0,0,0,0,12,0,0,0,0,1,0,49473,8570,40962,200.329
202950,1823,-0.012,0.4312,-0.005,9.85,-600,-23.95,-255913,0,2.0627,23.269,0,0,0,0,12,0,0,0,0,1,0,49453,8563,40964,200.439
203060,1824,0.081,0.4308,0.035,9.89,-600,-23.95,-255865,0,2.0626,23.266,0,0,0,0,12,0,0,0,0,1,0,49476,8555,40962,200.549
203170,1825,0.061,0.4309,0.026,9.91,-600,-23.95,-255863,0,2.0628,23.272,0,0,0,0,12,0,0,0,0,1,0,49471,8558,40966,200.659
203280,1826,0.061,0.43,0.026,9.94,-600,-23.95,-255835,0,2.0626,23.266,0,0,0,0,12,0,0,0,0,1,0,49471,8539,40962,200.769
203390,1827,0.129,0.4303,0.056,9.92,-600,-23.95,-255864,0,2.0627,23.268,0,0,0,0,12,0,0,0,0,1,0,49488,8546,40963,200.879
203500,1828,0.081,0.4296,0.035,9.97,-600,-23.95,-255816,0,2.0629,23.273,0,0,0,0,12,0,0,0,0,1,0,49476,8531,40967,200.989
203610,1829,0.093,0.4289,0.04,10.04,-600,-23.95,-255759,0,2.0627,23.269,0,0,0,0,12,0,0,0,0,1,0,49479,8517,40964,201.099
203720,1830,0.081,0.429,0.035,10.07,-600,-23.95,-255756,0,2.0627,23.269,0,0,0,0,12,0,0,0,0,1,0,49476,8520,40964,201.209
203830,1831,0.069,0.4286,0.03,10,-600,-23.95,-255826,0,2.0627,23.268,0,0,0,0,12,0,0,0,0,1,0,49473,8511,40963,201.319
203940,1832,0.008,0.428,0.004,10,-600,-23.95,-255808,0,2.0628,23.272,0,0,0,0,12,0,0,0,0,1,0,49458,8500,40966,201.429
204050,1833,0.073,0.4278,0.031,10.02,-600,-23.95,-255790,0,2.0627,23.268,0,0,0,0,12,0,0,0,0,1,0,49474,8495,40963,201.539
204160,1834,0.085,0.427,0.036,9.99,-600,-23.95,-255820,0,2.0626,23.266,0,0,0,0,12,0,0,0,0,1,0,49477,8479,40962,201.649
204270,1835,0.065,0.4273,0.028,9.92,-600,-23.95,-255875,0,2.0623,23.258,0,0,0,0,12,0,0,0,0,1,0,49472,8486,40956,201.759
204380,1836,0.129,0.4264,0.055,9.87,-600,-23.95,-255902,0,2.0625,23.263,0,0,0,0,12,0,0,0,0,1,0,49488,8468,40960,201.869
204490,1837,0.025,0.4263,0.01,9.9,-600,-23.95,-255864,0,2.0629,23.273,0,0,0,0,12,0,0,0,0,1,0,49462,8466,40967,201.979
204600,1838,0.053,0.4263,0.022,9.96,-600,-23.95,-255818,0,2.0626,23.265,0,0,0,0,12,0,0,0,0,1,0,49469,8465,40961,202.089
204710,1839,0.041,0.4256,0.017,9.92,-600,-23.95,-255866,0,2.0623,23.256,0,0,0,0,12,0,0,0,0,1,0,49466,8453,40955,202.199
204820,1840,0.057,0.4252,0.024,9.86,-600,-23.95,-255914,0,2.0628,23.272,0,0,0,0,12,0,0,0,0,1,0,49470,8445,40966,202.309
204930,1841,0.033,0.4254,0.014,9.89,-600,-23.95,-255870,0,2.0628,23.272,0,0,0,0,12,0,0,0,0,1,0,49464,8448,40966,202.419
205040,1842,0.004,0.4244,0.002,9.93,-600,-23.95,-255841,0,2.0629,23.273,0,0,0,0,12,0,0,0,0,1,0,49457,8428,40967,202.529
205150,1843,0.109,0.4241,0.046,9.98,-600,-23.95,-255806,0,2.0625,23.263,0,0,0,0,12,0,0,0,0,1,0,49483,8422,40960,202.639
205260,1844,0.065,0.4237,0.027,9.97,-600,-23.95,-255824,0,2.0628,23.27,0,0,0,0,12,0,0,0,0,1,0,49472,8415,40965,202.749
205370,1845,0.057,0.4234,0.024,9.96,-600,-23.95,-255840,0,2.0624,23.261,0,0,0,0,12,0,0,0,0,1,0,49470,8409,40958,202.859
205480,1846,0.033,0.4236,0.014,9.92,-600,-23.95,-255865,0,2.0629,23.273,0,0,0,0,12,0,0,0,0,1,0,49464,8412,40967,202.969
205590,1847,0.069,0.423,0.029,9.91,-600,-23.95,-255868,0,2.0627,23.269,0,0,0,0,12,0,0,0,0,1,0,49473,8401,40964,203.079
205700,1848,0.053,0.4219,0.022,9.93,-600,-23.95,-255849,0,2.0629,23.275,0,0,0,0,12,0,0,0,0,1,0,49469,8379,40968,203.189
205810,1849,0.029,0.4218,0.012,9.91,-600,-23.95,-255870,0,2.0627,23.268,0,0,0,0,12,0,0,0,0,1,0,49463,8377,40963,203.299
205920,1850,-0.008,0.4217,-0.003,9.87,-600,-23.95,-255898,0,2.063,23.278,0,0,0,0,12,0,0,0,0,1,0,49454,8374,40970,203.409
206030,1851,0.033,0.4211,0.014,9.92,-600,-23.95,-255845,0,2.0628,23.272,0,0,0,0,12,0,0,0,0,1,0,49464,8363,40966,203.519
206140,1852,0.045,0.4206,0.019,9.99,-600,-23.95,-255796,0,2.0629,23.273,0,0,0,0,12,0,0,0,0,1,0,49467,8353,40967,203.629
206250,1853,0.029,0.4201,0.012,9.92,-600,-23.95,-255879,0,2.063,23.276,0,0,0,0,12,0,0,0,0,1,0,49463,8342,40969,203.739
206360,1854,0,0.4203,0,9.97,-600,-23.95,-255812,0,2.0624,23.261,0,0,0,0,12,0,0,0,0,1,0,49456,8347,40958,203.849
206470,1855,0.053,0.4202,0.022,9.97,-600,-23.95,-255828,0,2.0629,23.273,0,0,0,0,12,0,0,0,0,1,0,49469,8344,40967,203.959
206580,1856,0.113,0.4195,0.047,9.93,-600,-23.95,-255865,0,2.0625,23.263,0,0,0,0,12,0,0,0,0,1,0,49484,8331,40960,204.069
206690,1857,0.069,0.419,0.029,9.92,-600,-23.95,-255858,0,2.0624,23.259,0,0,0,0,12,0,0,0,0,1,0,49473,8321,40957,204.179
206800,1858,0.017,0.4193,0.007,10.01,-600,-23.95,-255778,0,2.0621,23.252,0,0,0,0,12,0,0,0,0,1,0,49460,8327,40952,204.289
206910,1859,0.101,0.4189,0.042,10,-600,-23.95,-255807,0,2.0625,23.263,0,0,0,0,12,0,0,0,0,1,0,49481,8318,40960,204.399
207020,1860,0.073,0.4184,0.031,9.98,-600,-23.95,-255824,0,2.0627,23.268,0,0,0,0,12,0,0,0,0,1,0,49474,8310,40963,204.509
207130,1861,0.069,0.4178,0.029,10.07,-600,-23.95,-255735,0,2.0623,23.258,0,0,0,0,12,0,0,0,0,1,0,49473,8298,40956,204.619
207240,1862,0.065,0.4181,0.027,10.08,-600,-23.95,-255756,0,2.0627,23.268,0,0,0,0,12,0,0,0,0,1,0,49472,8304,40963,204.729
207350,1863,0.121,0.4168,0.051,10.04,-600,-23.95,-255787,0,2.0624,23.259,0,0,0,0,12,0,0,0,0,1,0,49486,8278,40957,204.839
207460,1864,0.113,0.4172,0.047,9.96,-600,-23.95,-255855,0,2.0625,23.263,0,0,0,0,12,0,0,0,0,1,0,49484,8285,40960,204.949
207570,1865,0.077,0.4163,0.032,9.86,-600,-23.95,-255923,0,2.0626,23.266,0,0,0,0,12,0,0,0,0,1,0,49475,8268,40962,205.059
207680,1866,0.097,0.4163,0.04,9.93,-600,-23.95,-255837,0,2.0623,23.258,0,0,0,0,12,0,0,0,0,1,0,49480,8267,40956,205.169
207790,1867,0.073,0.4152,0.03,9.92,-600,-23.95,-255857,0,2.0624,23.259,0,0,0,0,12,0,0,0,0,1,0,49474,8245,40957,205.279
207900,1868,0.085,0.4154,0.035,9.95,-600,-23.95,-255833,0,2.0625,23.262,0,0,0,0,12,0,0,0,0,1,0,49477,8250,40959,205.389
208010,1869,0.008,0.4153,0.004,9.97,-600,-23.95,-255821,0,2.0628,23.272,0,0,0,0,12,0,0,0,0,1,0,49458,8247,40966,205.499
208120,1870,0.093,0.4146,0.039,9.98,-600,-23.95,-255815,0,2.0629,23.273,0,0,0,0,12,0,0,0,0,1,0,49479,8233,40967,205.609
208230,1871,0.053,0.4149,0.022,10.04,-600,-23.95,-255768,0,2.0629,23.273,0,0,0,0,12,0,0,0,0,1,0,49469,8239,40967,205.719
208340,1872,0.117,0.4141,0.049,10.04,-600,-23.95,-255781,0,2.0628,23.27,0,0,0,0,12,0,0,0,0,1,0,49485,8223,40965,205.829
208450,1873,0.065,0.4136,0.027,9.99,-600,-23.95,-255825,0,2.0628,23.272,0,0,0,0,12,0,0,0,0,1,0,49472,8214,40966,205.939
208560,1874,0.037,0.4134,0.015,9.95,-600,-23.95,-255847,0,2.0629,23.275,0,0,0,0,12,0,0,0,0,1,0,49465,8209,40968,206.049
208670,1875,0.069,0.4135,0.028,9.9,-600,-23.95,-255891,0,2.0629,23.273,0,0,0,0,12,0,0,0,0,1,0,49473,8212,40967,206.159
208780,1876,0.033,0.4125,0.013,9.9,-600,-23.95,-255866,0,2.0627,23.269,0,0,0,0,12,0,0,0,0,1,0,49464,8192,40964,206.269
208890,1877,0.061,0.4128,0.025,9.96,-600,-23.95,-255815,0,2.0625,23.262,0,0,0,0,12,0,0,0,0,1,0,49471,8197,40959,206.379
209000,1878,0.065,0.4121,0.027,9.94,-600,-23.95,-255850,0,2.0627,23.269,0,0,0,0,12,0,0,0,0,1,0,49472,8183,40964,206.489
209110,1879,0.061,0.4115,0.025,9.93,-600,-23.95,-255859,0,2.0629,23.273,0,0,0,0,12,0,0,0,0,1,0,49471,8173,40967,206.599
209220,1880,0.041,0.4117,0.017,9.94,-600,-23.95,-255839,0,2.0629,23.273,0,0,0,0,12,0,0,0,0,1,0,49466,8176,40967,206.709
209330,1881,0.041,0.4118,0.017,9.9,-600,-23.95,-255881,0,2.0626,23.265,0,0,0,0,12,0,0,0,0,1,0,49466,8178,40961,206.819
209440,1882,0.137,0.4101,0.056,9.84,-600,-23.95,-255931,0,2.0629,23.275,0,0,0,0,12,0,0,0,0,1,0,49490,8144,40968,206.929
209550,1883,0.077,0.4099,0.032,9.86,-600,-23.95,-255889,0,2.0629,23.275,0,0,0,0,12,0,0,0,0,1,0,49475,8140,40968,207.039
209660,1884,0.069,0.4104,0.028,9.92,-600,-23.95,-255844,0,2.0626,23.266,0,0,0,0,12,0,0,0,0,1,0,49473,8151,40962,207.149
209770,1885,0.093,0.4104,0.038,9.87,-600,-23.95,-255901,0,2.0623,23.256,0,0,0,0,12,0,0,0,0,1,0,49479,8150,40955,207.259
209880,1886,0.049,0.4091,0.02,9.85,-600,-23.95,-255912,0,2.0628,23.27,0,0,0,0,12,0,0,0,0,1,0,49468,8124,40965,207.369
209990,1887,0.069,0.4093,0.028,9.83,-600,-23.95,-255923,0,2.0626,23.265,0,0,0,0,12,0,0,0,0,1,0,49473,8128,40961,207.479
210100,1888,0.057,0.4084,0.023,9.86,-600,-23.95,-255893,0,2.0628,23.27,0,0,0,0,12,0,0,0,0,1,0,49470,8111,40965,207.589
210210,1889,0.049,0.4086,0.02,9.87,-600,-23.95,-255883,0,2.0624,23.261,0,0,0,0,12,0,0,0,0,1,0,49468,8115,40958,207.699
210320,1890,0.049,0.4078,0.02,9.85,-600,-23.95,-255911,0,2.0627,23.269,0,0,0,0,12,0,0,0,0,1,0,49468,8098,40964,207.809
210430,1891,0.093,0.4075,0.038,9.76,-600,-23.95,-255984,0,2.0625,23.263,0,0,0,0,12,0,0,0,0,1,0,49479,8092,40960,207.919
210540,1892,0.049,0.4077,0.02,9.78,-600,-23.95,-255946,0,2.0628,23.27,0,0,0,0,12,0,0,0,0,1,0,49468,8096,40965,208.029
210650,1893,0.089,0.407,0.036,9.83,-600,-23.95,-255905,0,2.0627,23.268,0,0,0,0,12,0,0,0,0,1,0,49478,8082,40963,208.139
210760,1894,0.113,0.4071,0.046,9.83,-600,-23.95,-255914,0,2.0629,23.275,0,0,0,0,12,0,0,0,0,1,0,49484,8085,40968,208.249
210870,1895,0.012,0.4064,0.005,9.87,-600,-23.95,-255884,0,2.0627,23.268,0,0,0,0,12,0,0,0,0,1,0,49459,8070,40963,208.359
210980,1896,0.061,0.4061,0.025,9.86,-600,-23.95,-255904,0,2.0628,23.272,0,0,0,0,12,0,0,0,0,1,0,49471,8064,40966,208.469
211090,1897,0.101,0.4057,0.041,9.88,-600,-23.95,-255879,0,2.0628,23.27,0,0,0,0,12,0,0,0,0,1,0,49481,8056,40965,208.579
211200,1898,0.105,0.4051,0.043,9.88,-600,-23.95,-255887,0,2.0629,23.275,0,0,0,0,12,0,0,0,0,1,0,49482,8045,40968,208.689
211310,1899,0.089,0.4043,0.036,9.85,-600,-23.95,-255914,0,2.063,23.278,0,0,0,0,12,0,0,0,0,1,0,49478,8029,40970,208.799
211420,1900,0.012,0.4052,0.005,9.81,-600,-23.95,-255941,0,2.0627,23.268,0,0,0,0,12,0,0,0,0,1,0,49459,8047,40963,208.909
211530,1901,0.029,0.4046,0.012,9.89,-600,-23.95,-255857,0,2.0629,23.275,0,0,0,0,12,0,0,0,0,1,0,49463,8035,40968,209.019
211640,1902,0.097,0.4038,0.039,9.89,-600,-23.95,-255876,0,2.0628,23.272,0,0,0,0,12,0,0,0,0,1,0,49480,8019,40966,209.129
211750,1903,0.085,0.4026,0.034,9.86,-600,-23.95,-255905,0,2.0629,23.273,0,0,0,0,12,0,0,0,0,1,0,49477,7996,40967,209.239
211860,1904,0.077,0.4035,0.031,9.87,-600,-23.95,-255890,0,2.0626,23.265,0,0,0,0,12,0,0,0,0,1,0,49475,8014,40961,209.349
211970,1905,0.117,0.4024,0.047,9.89,-600,-23.95,-255871,0,2.0629,23.275,0,0,0,0,12,0,0,0,0,1,0,49485,7991,40968,209.459
212080,1906,0.105,0.4024,0.042,9.83,-600,-23.95,-255936,0,2.0627,23.269,0,0,0,0,12,0,0,0,0,1,0,49482,7992,40964,209.569
212190,1907,0.101,0.4023,0.041,9.82,-600,-23.95,-255925,0,2.0629,23.275,0,0,0,0,12,0,0,0,0,1,0,49481,7990,40968,209.679
212300,1908,0.081,0.4028,0.033,9.81,-600,-23.95,-255934,0,2.0626,23.266,0,0,0,0,12,0,0,0,0,1,0,49476,8000,40962,209.789
212410,1909,0.033,0.4014,0.013,9.86,-600,-23.95,-255888,0,2.0627,23.269,0,0,0,0,12,0,0,0,0,1,0,49464,7971,40964,209.899
212520,1910,0.101,0.4011,0.041,9.82,-600,-23.95,-255936,0,2.0628,23.27,0,0,0,0,12,0,0,0,0,1,0,49481,7965,40965,210.009
212630,1911,0.025,0.4007,0.01,9.79,-600,-23.95,-255952,0,2.0626,23.266,0,0,0,0,12,0,0,0,0,1,0,49462,7958,40962,210.119
212740,1912,0.077,0.4008,0.031,9.78,-600,-23.95,-255948,0,2.062,23.249,0,0,0,0,12,0,0,0,0,1,0,49475,7960,40950,210.229
212850,1913,0.117,0.3995,0.047,9.79,-600,-23.95,-255939,0,2.0626,23.265,0,0,0,0,12,0,0,0,0,1,0,49485,7934,40961,210.339
212960,1914,0.057,0.3999,0.023,9.81,-600,-23.95,-255923,0,2.0626,23.266,0,0,0,0,12,0,0,0,0,1,0,49470,7941,40962,210.449
213070,1915,0,0.3996,0,9.82,-600,-23.95,-255924,0,2.0629,23.275,0,0,0,0,12,0,0,0,0,1,0,49456,7936,40968,210.559
213180,1916,0.061,0.399,0.024,9.83,-600,-23.95,-255910,0,2.0623,23.258,0,0,0,0,12,0,0,0,0,1,0,49471,7924,40956,210.669
213290,1917,0.105,0.3989,0.042,9.78,-600,-23.95,-255963,0,2.0626,23.266,0,0,0,0,12,0,0,0,0,1,0,49482,7922,40962,210.779
213400,1918,0.057,0.3987,0.023,9.79,-600,-23.95,-255937,0,2.0627,23.269,0,0,0,0,12,0,0,0,0,1,0,49470,7918,40964,210.889
213510,1919,0.033,0.3985,0.013,9.78,-600,-23.95,-255954,0,2.0628,23.272,0,0,0,0,12,0,0,0,0,1,0,49464,7914,40966,210.999
213620,1920,0.029,0.3982,0.011,9.83,-600,-23.95,-255900,0,2.0627,23.268,0,0,0,0,12,0,0,0,0,1,0,49463,7907,40963,211.109
213730,1921,0.077,0.3979,0.031,9.8,-600,-23.95,-255944,0,2.0625,23.263,0,0,0,0,12,0,0,0,0,1,0,49475,7901,40960,211.219
213840,1922,0.065,0.398,0.026,9.79,-600,-23.95,-255943,0,2.0622,23.255,0,0,0,0,12,0,0,0,0,1,0,49472,7903,40954,211.329
213950,1923,0.045,0.3976,0.018,9.79,-600,-23.95,-255940,0,2.0623,23.258,0,0,0,0,12,0,0,0,0,1,0,49467,7895,40956,211.439
214060,1924,0.125,0.3965,0.05,9.78,-600,-23.95,-255952,0,2.0625,23.262,0,0,0,0,12,0,0,0,0,1,0,49487,7874,40959,211.549
214170,1925,0.053,0.3965,0.021,9.74,-600,-23.95,-255991,0,2.0627,23.268,0,0,0,0,12,0,0,0,0,1,0,49469,7875,40963,211.659
214280,1926,0.105,0.3958,0.042,9.75,-600,-23.95,-255968,0,2.0625,23.263,0,0,0,0,12,0,0,0,0,1,0,49482,7861,40960,211.769
214390,1927,0.097,0.3958,0.038,9.72,-600,-23.95,-255997,0,2.062,23.249,0,0,0,0,12,0,0,0,0,1,0,49480,7861,40950,211.879
214500,1928,0.093,0.3957,0.037,9.73,-600,-23.95,-255975,0,2.0628,23.272,0,0,0,0,12,0,0,0,0,1,0,49479,7858,40966,211.989
214610,1929,0.017,0.3952,0.007,9.68,-600,-23.95,-256028,0,2.0624,23.261,0,0,0,0,12,0,0,0,0,1,0,49460,7848,40958,212.099
214720,1930,0.101,0.3948,0.04,9.75,-600,-23.95,-255951,0,2.0627,23.269,0,0,0,0,12,0,0,0,0,1,0,49481,7840,40964,212.209
214830,1931,0.081,0.3947,0.032,9.79,-600,-23.95,-255929,0,2.0624,23.261,0,0,0,0,12,0,0,0,0,1,0,49476,7838,40958,212.319
214940,1932,0.109,0.3945,0.043,9.81,-600,-23.95,-255930,0,2.0628,23.27,0,0,0,0,12,0,0,0,0,1,0,49483,7834,40965,212.429
215050,1933,0.089,0.3936,0.035,9.78,-600,-23.95,-255956,0,2.0622,23.255,0,0,0,0,12,0,0,0,0,1,0,49478,7817,40954,212.539
215160,1934,0.065,0.3931,0.025,9.8,-600,-23.95,-255928,0,2.0625,23.262,0,0,0,0,12,0,0,0,0,1,0,49472,7806,40959,212.649
215270,1935,0.109,0.3935,0.043,9.75,-600,-23.95,-255986,0,2.0622,23.255,0,0,0,0,12,0,0,0,0,1,0,49483,7814,40954,212.759
215380,1936,0.069,0.3934,0.027,9.75,-600,-23.95,-255972,0,2.0622,23.255,0,0,0,0,12,0,0,0,0,1,0,49473,7813,40954,212.869
215490,1937,0.121,0.3924,0.048,9.71,-600,-23.95,-256003,0,2.0626,23.265,0,0,0,0,12,0,0,0,0,1,0,49486,7792,40961,212.979
215600,1938,0.017,0.3922,0.006,9.7,-600,-23.95,-256005,0,2.0624,23.259,0,0,0,0,12,0,0,0,0,1,0,49460,7788,40957,213.089
215710,1939,0.089,0.392,0.035,9.7,-600,-23.95,-256003,0,2.0627,23.268,0,0,0,0,12,0,0,0,0,1,0,49478,7784,40963,213.199
215820,1940,0.089,0.3908,0.035,9.71,-600,-23.95,-255995,0,2.0628,23.272,0,0,0,0,12,0,0,0,0,1,0,49478,7761,40966,213.309
215930,1941,0.033,0.3916,0.013,9.72,-600,-23.95,-255981,0,2.0626,23.265,0,0,0,0,12,0,0,0,0,1,0,49464,7777,40961,213.419
216040,1942,-0.02,0.3914,-0.008,9.78,-600,-23.95,-255937,0,2.0627,23.268,0,0,0,0,12,0,0,0,0,1,0,49451,7772,40963,213.529
216150,1943,0.021,0.3905,0.008,9.76,-600,-23.95,-255967,0,2.063,23.276,0,0,0,0,12,0,0,0,0,1,0,49461,7754,40969,213.639
216260,1944,0.049,0.3889,0.019,9.75,-600,-23.95,-255972,0,2.0628,23.27,0,0,0,0,12,0,0,0,0,1,0,49468,7724,40965,213.749
216370,1945,0.109,0.3897,0.043,9.78,-600,-23.95,-255944,0,2.0627,23.269,0,0,0,0,12,0,0,0,0,1,0,49483,7739,40964,213.859
216480,1946,0.049,0.3902,0.019,9.81,-600,-23.95,-255921,0,2.0625,23.262,0,0,0,0,12,0,0,0,0,1,0,49468,7749,40959,213.969
216590,1947,0.029,0.3899,0.011,9.8,-600,-23.95,-255940,0,2.0628,23.272,0,0,0,0,12,0,0,0,0,1,0,49463,7743,40966,214.079
216700,1948,0.057,0.3887,0.022,9.82,-600,-23.95,-255915,0,2.0626,23.266,0,0,0,0,12,0,0,0,0,1,0,49470,7719,40962,214.189
216810,1949,0.065,0.3887,0.025,9.8,-600,-23.95,-255941,0,2.0629,23.273,0,0,0,0,12,0,0,0,0,1,0,49472,7719,40967,214.299
216920,1950,0.065,0.3891,0.025,9.8,-600,-23.95,-255933,0,2.0623,23.256,0,0,0,0,12,0,0,0,0,1,0,49472,7727,40955,214.409
217030,1951,0.093,0.388,0.036,9.78,-600,-23.95,-255954,0,2.0627,23.269,0,0,0,0,12,0,0,0,0,1,0,49479,7705,40964,214.519
217140,1952,0.085,0.3877,0.033,9.78,-600,-23.95,-255955,0,2.0627,23.269,0,0,0,0,12,0,0,0,0,1,0,49477,7700,40964,214.629
217250,1953,0.008,0.3877,0.003,9.7,-600,-23.95,-256019,0,2.0629,23.273,0,0,0,0,12,0,0,0,0,1,0,49458,7699,40967,214.739
217360,1954,0.049,0.3875,0.019,9.73,-600,-23.95,-255979,0,2.0625,23.262,0,0,0,0,12,0,0,0,0,1,0,49468,7695,40959,214.849
217470,1955,0.069,0.3868,0.027,9.71,-600,-23.95,-256000,0,2.0627,23.269,0,0,0,0,12,0,0,0,0,1,0,49473,7681,40964,214.959
217580,1956,0.069,0.3864,0.027,9.65,-600,-23.95,-256047,0,2.0625,23.262,0,0,0,0,12,0,0,0,0,1,0,49473,7673,40959,215.069
217690,1957,0.061,0.3866,0.024,9.62,-600,-23.95,-256063,0,2.0628,23.272,0,0,0,0,12,0,0,0,0,1,0,49471,7678,40966,215.179
217800,1958,0.069,0.3859,0.027,9.58,-600,-23.95,-256090,0,2.0624,23.259,0,0,0,0,12,0,0,0,0,1,0,49473,7664,40957,215.289
217910,1959,0.065,0.3858,0.025,9.69,-600,-23.95,-255976,0,2.0627,23.268,0,0,0,0,12,0,0,0,0,1,0,49472,7662,40963,215.399
218020,1960,0.077,0.3847,0.03,9.74,-600,-23.95,-255965,0,2.0626,23.266,0,0,0,0,12,0,0,0,0,1,0,49475,7640,40962,215.509
218130,1961,0.065,0.3851,0.025,9.7,-600,-23.95,-256016,0,2.0628,23.27,0,0,0,0,12,0,0,0,0,1,0,49472,7647,40965,215.619
218240,1962,0.065,0.385,0.025,9.69,-600,-23.95,-256007,0,2.0627,23.269,0,0,0,0,12,0,0,0,0,1,0,49472,7645,40964,215.729
218350,1963,0.053,0.3846,0.02,9.66,-600,-23.95,-256033,0,2.0628,23.272,0,0,0,0,12,0,0,0,0,1,0,49469,7638,40966,215.839
218460,1964,0.061,0.3833,0.023,9.67,-600,-23.95,-256018,0,2.0623,23.258,0,0,0,0,12,0,0,0,0,1,0,49471,7611,40956,215.949
218570,1965,0.041,0.3839,0.016,9.76,-600,-23.95,-255937,0,2.063,23.276,0,0,0,0,12,0,0,0,0,1,0,49466,7623,40969,216.059
218680,1966,0.049,0.3839,0.019,9.77,-600,-23.95,-255956,0,2.0627,23.269,0,0,0,0,12,0,0,0,0,1,0,49468,7623,40964,216.169
218790,1967,0.017,0.3827,0.006,9.71,-600,-23.95,-256008,0,2.0628,23.27,0,0,0,0,12,0,0,0,0,1,0,49460,7600,40965,216.279
218900,1968,0.085,0.383,0.033,9.69,-600,-23.95,-256014,0,2.0626,23.266,0,0,0,0,12,0,0,0,0,1,0,49477,7607,40962,216.389
219010,1969,0.097,0.3832,0.037,9.7,-600,-23.95,-256003,0,2.0624,23.261,0,0,0,0,12,0,0,0,0,1,0,49480,7610,40958,216.499
219120,1970,0.081,0.3818,0.031,9.69,-600,-23.95,-256006,0,2.0626,23.265,0,0,0,0,12,0,0,0,0,1,0,49476,7582,40961,216.609
219230,1971,0.073,0.3818,0.028,9.68,-600,-23.95,-256021,0,2.0628,23.27,0,0,0,0,12,0,0,0,0,1,0,49474,7582,40965,216.719
219340,1972,0.065,0.3828,0.025,9.71,-600,-23.95,-255988,0,2.0629,23.273,0,0,0,0,12,0,0,0,0,1,0,49472,7603,40967,216.829
219450,1973,0.025,0.3811,0.009,9.73,-600,-23.95,-255977,0,2.0625,23.263,0,0,0,0,12,0,0,0,0,1,0,49462,7568,40960,216.939
219560,1974,0.081,0.3817,0.031,9.7,-600,-23.95,-256012,0,2.0627,23.268,0,0,0,0,12,0,0,0,0,1,0,49476,7580,40963,217.049
219670,1975,0.049,0.3806,0.019,9.73,-600,-23.95,-255977,0,2.0627,23.269,0,0,0,0,12,0,0,0,0,1,0,49468,7558,40964,217.159
219780,1976,0.073,0.3805,0.028,9.73,-600,-23.95,-255983,0,2.0627,23.269,0,0,0,0,12,0,0,0,0,1,0,49474,7557,40964,217.269
219890,1977,0.077,0.3803,0.029,9.76,-600,-23.95,-255951,0,2.0624,23.259,0,0,0,0,12,0,0,0,0,1,0,49475,7552,40957,217.379
220000,1978,0.041,0.3799,0.015,9.77,-600,-23.95,-255951,0,2.0626,23.265,0,0,0,0,12,0,0,0,0,1,0,49466,7544,40961,217.489
220110,1979,0.041,0.3796,0.015,9.78,-600,-23.95,-255949,0,2.0626,23.266,0,0,0,0,12,0,0,0,0,1,0,49466,7538,40962,217.599
220220,1980,0.037,0.3796,0.014,9.78,-600,-23.95,-255946,0,2.0623,23.258,0,0,0,0,12,0,0,0,0,1,0,49465,7539,40956,217.709
220330,1981,0.045,0.3797,0.017,9.8,-600,-23.95,-255935,0,2.0623,23.258,0,0,0,0,12,0,0,0,0,1,0,49467,7541,40956,217.819
220440,1982,0.021,0.3785,0.008,9.82,-600,-23.95,-255919,0,2.0624,23.259,0,0,0,0,12,0,0,0,0,1,0,49461,7517,40957,217.929
220550,1983,0.121,0.3786,0.046,9.85,-600,-23.95,-255893,0,2.0627,23.269,0,0,0,0,12,0,0,0,0,1,0,49486,7518,40964,218.039
220660,1984,0.045,0.3786,0.017,9.82,-600,-23.95,-255930,0,2.0627,23.269,0,0,0,0,12,0,0,0,0,1,0,49467,7519,40964,218.149
220770,1985,0.069,0.3776,0.026,9.84,-600,-23.95,-255910,0,2.0622,23.255,0,0,0,0,12,0,0,0,0,1,0,49473,7499,40954,218.259
220880,1986,0.049,0.3771,0.018,9.8,-600,-23.95,-255944,0,2.0627,23.269,0,0,0,0,12,0,0,0,0,1,0,49468,7488,40964,218.369
220990,1987,0.081,0.3757,0.03,9.78,-600,-23.95,-255959,0,2.0626,23.265,0,0,0,0,12,0,0,0,0,1,0,49476,7461,40961,218.479
221100,1988,0.077,0.3761,0.029,9.78,-600,-23.95,-255949,0,2.0625,23.262,0,0,0,0,12,0,0,0,0,1,0,49475,7469,40959,218.589
221210,1989,0.017,0.3774,0.006,9.8,-600,-23.95,-255933,0,2.0627,23.269,0,0,0,0,12,0,0,0,0,1,0,49460,7494,40964,218.699
221320,1990,0.053,0.3761,0.02,9.75,-600,-23.95,-255979,0,2.0628,23.272,0,0,0,0,12,0,0,0,0,1,0,49469,7469,40966,218.809
221430,1991,0.037,0.3762,0.014,9.71,-600,-23.95,-256011,0,2.0627,23.268,0,0,0,0,12,0,0,0,0,1,0,49465,7471,40963,218.919
221540,1992,0.017,0.3759,0.006,9.8,-600,-23.95,-255914,0,2.0627,23.268,0,0,0,0,12,0,0,0,0,1,0,49460,7465,40963,219.029
221650,1993,0.073,0.3754,0.027,9.83,-600,-23.95,-255904,0,2.0628,23.272,0,0,0,0,12,0,0,0,0,1,0,49474,7456,40966,219.139
221760,1994,0.069,0.3751,0.026,9.93,-600,-23.95,-255823,0,2.0627,23.269,0,0,0,0,12,0,0,0,0,1,0,49473,7449,40964,219.249
221870,1995,0.105,0.3752,0.039,9.92,-600,-23.95,-255859,0,2.0628,23.27,0,0,0,0,12,0,0,0,0,1,0,49482,7452,40965,219.359
221980,1996,0.037,0.3746,0.014,9.93,-600,-23.95,-255851,0,2.0625,23.263,0,0,0,0,12,0,0,0,0,1,0,49465,7439,40960,219.469
222090,1997,0.033,0.3742,0.012,9.92,-600,-23.95,-255864,0,2.0625,23.263,0,0,0,0,12,0,0,0,0,1,0,49464,7432,40960,219.579
222200,1998,0.041,0.374,0.015,9.93,-600,-23.95,-255848,0,2.0627,23.268,0,0,0,0,12,0,0,0,0,1,0,49466,7427,40963,219.689
222310,1999,0.069,0.3732,0.026,9.95,-600,-23.95,-255832,0,2.0626,23.265,0,0,0,0,12,0,0,0,0,1,0,49473,7411,40961,219.799
222420,2000,0.017,0.3733,0.006,9.96,-600,-23.95,-255830,0,2.0624,23.259,0,0,0,0,12,0,0,0,0,1,0,49460,7413,40957,219.909
222530,2001,0.097,0.373,0.036,9.95,-600,-23.95,-255845,0,2.0627,23.268,0,0,0,0,12,0,0,0,0,1,0,49480,7408,40963,220.019
222640,2002,0.081,0.3726,0.03,9.94,-600,-23.95,-255848,0,2.0628,23.27,0,0,0,0,12,0,0,0,0,1,0,49476,7399,40965,220.129
222750,2003,0.065,0.3726,0.024,9.96,-600,-23.95,-255831,0,2.0624,23.261,0,0,0,0,12,0,0,0,0,1,0,49472,7399,40958,220.239
222860,2004,0.049,0.3721,0.018,9.97,-600,-23.95,-255820,0,2.0624,23.259,0,0,0,0,12,0,0,0,0,1,0,49468,7390,40957,220.349
222970,2005,0.085,0.3712,0.032,10.03,-600,-23.95,-255767,0,2.0623,23.258,0,0,0,0,12,0,0,0,0,1,0,49477,7371,40956,220.459
223080,2006,0.073,0.3707,0.027,10.05,-600,-23.95,-255772,0,2.0628,23.27,0,0,0,0,12,0,0,0,0,1,0,49474,7362,40965,220.569
223190,2007,0.089,0.3713,0.033,9.99,-600,-23.95,-255831,0,2.0626,23.265,0,0,0,0,12,0,0,0,0,1,0,49478,7374,40961,220.679
223300,2008,0.085,0.371,0.032,9.96,-600,-23.95,-255837,0,2.0624,23.261,0,0,0,0,12,0,0,0,0,1,0,49477,7368,40958,220.789
223410,2009,0.105,0.3708,0.039,9.98,-600,-23.95,-255813,0,2.0626,23.266,0,0,0,0,12,0,0,0,0,1,0,49482,7364,40962,220.899
223520,2010,0.061,0.3699,0.022,9.97,-600,-23.95,-255828,0,2.0627,23.269,0,0,0,0,12,0,0,0,0,1,0,49471,7345,40964,221.009
223630,2011,0.053,0.3699,0.02,10.05,-600,-23.95,-255749,0,2.0626,23.265,0,0,0,0,12,0,0,0,0,1,0,49469,7346,40961,221.119
223740,2012,0.053,0.3699,0.02,10.08,-600,-23.95,-255745,0,2.0626,23.266,0,0,0,0,12,0,0,0,0,1,0,49469,7346,40962,221.229
223850,2013,0.029,0.3697,0.011,10.08,-600,-23.95,-255756,0,2.0629,23.275,0,0,0,0,12,0,0,0,0,1,0,49463,7342,40968,221.339
223960,2014,0.089,0.3689,0.033,10.05,-600,-23.95,-255782,0,2.0629,23.275,0,0,0,0,12,0,0,0,0,1,0,49478,7326,40968,221.449
224070,2015,0.037,0.3696,0.014,10.1,-600,-23.95,-255728,0,2.0625,23.262,0,0,0,0,12,0,0,0,0,1,0,49465,7340,40959,221.559
224180,2016,0.025,0.3686,0.009,10.11,-600,-23.95,-255732,0,2.0628,23.27,0,0,0,0,12,0,0,0,0,1,0,49462,7320,40965,221.669
224290,2017,0.057,0.3683,0.021,10.08,-600,-23.95,-255766,0,2.0626,23.265,0,0,0,0,12,0,0,0,0,1,0,49470,7315,40961,221.779
224400,2018,0.069,0.3684,0.025,10.16,-600,-23.95,-255683,0,2.0626,23.265,0,0,0,0,12,0,0,0,0,1,0,49473,7316,40961,221.889
224510,2019,0.057,0.3673,0.021,10.24,-600,-23.95,-255629,0,2.0624,23.259,0,0,0,0,12,0,0,0,0,1,0,49470,7295,40957,221.999
224620,2020,0.069,0.3675,0.025,10.2,-600,-23.95,-255689,0,2.0629,23.273,0,0,0,0,12,0,0,0,0,1,0,49473,7299,40967,222.109
224730,2021,0.029,0.3669,0.01,10.22,-600,-23.95,-255656,0,2.0626,23.266,0,0,0,0,12,0,0,0,0,1,0,49463,7286,40962,222.219
224840,2022,0.085,0.3668,0.031,10.17,-600,-23.95,-255712,0,2.0626,23.265,0,0,0,0,12,0,0,0,0,1,0,49477,7285,40961,222.329
224950,2023,0.089,0.3659,0.033,10.17,-600,-23.95,-255696,0,2.0622,23.253,0,0,0,0,12,0,0,0,0,1,0,49478,7266,40953,222.439
225060,2024,0.065,0.3667,0.024,10.19,-600,-23.95,-255681,0,2.0626,23.265,0,0,0,0,12,0,0,0,0,1,0,49472,7282,40961,222.549
225170,2025,0.073,0.366,0.027,10.22,-600,-23.95,-255654,0,2.0626,23.265,0,0,0,0,12,0,0,0,0,1,0,49474,7269,40961,222.659
225280,2026,0.033,0.366,0.012,10.21,-600,-23.95,-255671,0,2.0626,23.265,0,0,0,0,12,0,0,0,0,1,0,49464,7269,40961,222.769
225390,2027,0.069,0.3656,0.025,10.21,-600,-23.95,-255669,0,2.0622,23.255,0,0,0,0,12,0,0,0,0,1,0,49473,7260,40954,222.879
225500,2028,0.061,0.3648,0.022,10.2,-600,-23.95,-255680,0,2.0623,23.256,0,0,0,0,12,0,0,0,0,1,0,49471,7245,40955,222.989
225610,2029,0.017,0.3648,0.006,10.26,-600,-23.95,-255617,0,2.0625,23.262,0,0,0,0,12,0,0,0,0,1,0,49460,7245,40959,223.099
225720,2030,0.069,0.3646,0.025,10.24,-600,-23.95,-255653,0,2.0627,23.268,0,0,0,0,12,0,0,0,0,1,0,49473,7240,40963,223.209