t,n,ji,jv,jw,f,fsp,perr,fr,busy,d,dmm,rpm,erpm,mi,ii,iv,rsp,lp,pmp,md,vok,flg,jir,jvr,dr,rt
219560,1974,0.025,0.0002,0,0.76,-600,0,-261839,0,2.5767,37.762,0,0,0,0,12,0,0,0,0,1,0,49462,4,51170,0
219670,1975,0.004,0.0002,0,0.73,-600,0,-261851,0,2.577,37.77,0,0,0,0,12,0,0,0,0,1,0,49457,4,51176,0.11
219780,1976,-0.024,0.0002,0,0.71,-600,0,-261864,0,2.577,37.772,0,0,0,0,12,0,0,0,0,1,0,49450,4,51177,0.22
219890,1977,0.065,0.0002,0,0.77,-600,0,-261802,0,2.5769,37.767,0,0,0,0,12,0,0,0,0,1,0,49472,4,51174,0.33
220000,1978,0.033,0.0002,0,0.74,-600,0,-261853,0,2.5767,37.762,0,0,0,0,12,0,0,0,0,1,0,49464,4,51170,0.44
220110,1979,-0.008,0.0002,0,0.65,-600,0,-261922,0,2.5771,37.773,0,0,0,0,12,0,0,0,0,1,0,49454,4,51178,0.55
220220,1980,0,0.0002,0,0.62,-600,0,-261922,0,2.5768,37.764,0,0,0,0,12,0,0,0,0,1,0,49456,4,51172,0.66
220330,1981,0.037,0.0002,0,0.67,-600,0,-261873,0,2.5766,37.76,0,0,0,0,12,0,0,0,0,1,0,49465,4,51169,0.77
220440,1982,0.045,0.0002,0,0.7,-600,0,-261856,0,2.577,37.772,0,0,0,0,12,0,0,0,0,1,0,49467,4,51177,0.88
220550,1983,0,0.0002,0,0.71,-600,0,-261860,0,2.577,37.772,0,0,0,0,12,0,0,0,0,1,0,49456,4,51177,0.99
220660,1984,0.037,0.0002,0,0.76,-600,0,-261814,0,2.5771,37.773,0,0,0,0,12,0,0,0,0,1,0,49465,4,51178,1.1
220770,1985,0.049,0.0002,0,0.73,-600,0,-261852,0,2.5768,37.766,0,0,0,0,12,0,0,0,0,1,0,49468,4,51173,1.21
220880,1986,-0.028,0.0002,0,0.74,-600,0,-261836,0,2.577,37.772,0,0,0,0,12,0,0,0,0,1,0,49449,4,51177,1.32
220990,1987,0.021,0.0002,0,0.76,-600,0,-261826,0,2.5771,37.774,0,0,0,0,12.1,0,0,0,0,1,0,49461,4,51179,1.43
221100,1988,-0.004,0.0002,0,0.77,-600,0,-261815,0,2.577,37.772,0,0,0,0,12,0,0,0,0,1,0,49455,4,51177,1.54
221210,1989,0,0.0002,0,0.73,-600,0,-261862,0,2.5772,37.776,0,0,0,0,12,0,0,0,0,1,0,49456,4,51180,1.65
221320,1990,-0.036,0.0002,0,0.73,-600,0,-261844,0,2.5769,37.767,0,0,0,0,12,0,0,0,0,1,0,49447,4,51174,1.76
221430,1991,-0.02,0.0002,0,0.78,-600,0,-261799,0,2.5765,37.757,0,0,0,0,12,0,0,0,0,1,0,49451,4,51167,1.87
221540,1992,0.033,0.0002,0,0.8,-600,0,-261798,0,2.5768,37.764,0,0,0,0,12,0,0,0,0,1,0,49464,4,51172,1.98
221650,1993,-0.024,0.0002,0,0.73,-600,0,-261868,0,2.577,37.772,0,0,0,0,12,0,0,0,0,1,0,49450,4,51177,2.09
221760,1994,0.012,0.0002,0,0.68,-600,0,-261889,0,2.5771,37.773,0,0,0,0,12,0,0,0,0,1,0,49459,4,51178,2.2
221870,1995,-0.032,0.0002,0,0.76,-600,0,-261807,0,2.5769,37.769,0,0,0,0,12,0,0,0,0,1,0,49448,4,51175,2.31
221980,1996,0.008,0.0002,0,0.75,-600,0,-261834,0,2.577,37.77,0,0,0,0,12,0,0,0,0,1,0,49458,4,51176,2.42
222090,1997,-0.036,0.0002,0,0.67,-600,0,-261912,0,2.5769,37.767,0,0,0,0,12,0,0,0,0,1,0,49447,4,51174,2.53
222200,1998,0.004,0.0002,0,0.64,-600,0,-261915,0,2.577,37.77,0,0,0,0,12,0,0,0,0,1,0,49457,4,51176,2.64
222310,1999,0.045,0.0002,0,0.62,-600,0,-261919,0,2.5769,37.767,0,0,0,0,12,0,0,0,0,1,0,49467,4,51174,2.75
222420,2000,-0.044,0.0002,0,0.68,-600,0,-261866,0,2.577,37.772,0,0,0,0,12,0,0,0,0,1,0,49445,4,51177,2.86
222530,2001,-0.028,0.0002,0,0.66,-600,0,-261896,0,2.5767,37.763,0,0,0,0,12,0,0,0,0,1,0,49449,4,51171,2.97
222640,2002,0.017,0.0002,0,0.68,-600,0,-261872,0,2.5769,37.767,0,0,0,0,12,0,0,0,0,1,0,49460,4,51174,3.08
222750,2003,0.025,0.0002,0,0.69,-600,0,-261867,0,2.5769,37.767,0,0,0,0,12,0,0,0,0,1,0,49462,4,51174,3.19
222860,2004,-0.004,0.0002,0,0.68,-600,0,-261880,0,2.5772,37.776,0,0,0,0,12,0,0,0,0,1,0,49455,4,51180,3.3
222970,2005,0.021,0.0002,0,0.74,-600,0,-261821,0,2.5771,37.773,0,0,0,0,12,0,0,0,0,1,0,49461,4,51178,3.41
223080,2006,-0.02,0.0002,0,0.78,-600,0,-261803,0,2.5772,37.776,0,0,0,0,12,0,0,0,0,1,0,49451,4,51180,3.52
223190,2007,-0.096,0.0002,0,0.74,-600,0,-261849,0,2.5769,37.767,0,0,0,0,12,0,0,0,0,1,0,49432,4,51174,3.63
223300,2008,-0.024,0.0002,0,0.74,-600,0,-261843,0,2.577,37.772,0,0,0,0,12,0,0,0,0,1,0,49450,4,51177,3.74
223410,2009,-0.02,0.0002,0,0.75,-600,0,-261834,0,2.5768,37.764,0,0,0,0,12,0,0,0,0,1,0,49451,4,51172,3.85
223520,2010,0.025,0.0003,0,0.73,-600,0,-261852,0,2.577,37.77,0,0,0,0,12,0,0,0,0,1,0,49462,5,51176,3.96
223630,2011,0.017,0.0002,0,0.73,-600,0,-261845,0,2.5768,37.764,0,0,0,0,12,0,0,0,0,1,0,49460,4,51172,4.07
223740,2012,0.049,0.0002,0,0.73,-600,0,-261849,0,2.5768,37.766,0,0,0,0,12,0,0,0,0,1,0,49468,4,51173,4.18
223850,2013,0.008,0.0002,0,0.73,-600,0,-261848,0,2.5769,37.769,0,0,0,0,12,0,0,0,0,1,0,49458,4,51175,4.29
223960,2014,-0.02,0.0002,0,0.76,-600,0,-261818,0,2.577,37.77,0,0,0,0,12,0,0,0,0,1,0,49451,4,51176,4.4
224070,2015,-0.048,0.0002,0,0.74,-600,0,-261842,0,2.577,37.772,0,0,0,0,12,0,0,0,0,1,0,49444,4,51177,4.51
224180,2016,-0.02,0.0002,0,0.74,-600,0,-261842,0,2.5768,37.764,0,0,0,0,12,0,0,0,0,1,0,49451,4,51172,4.62
224290,2017,0.004,0.0002,0,0.7,-600,0,-261875,0,2.5768,37.764,0,0,0,0,12,0,0,0,0,1,0,49457,4,51172,4.73
224400,2018,0.061,0.0002,0,0.59,-600,0,-261966,0,2.577,37.77,0,0,0,0,12,0,0,0,0,1,0,49471,4,51176,4.84
224510,2019,-0.008,0.0002,0,0.63,-600,0,-261905,0,2.5769,37.767,0,0,0,0,12,0,0,0,0,1,0,49454,4,51174,4.95
224620,2020,0.021,0.0002,0,0.71,-600,0,-261839,0,2.5769,37.767,0,0,0,0,12,0,0,0,0,1,0,49461,4,51174,5.06
224730,2021,-0.024,0.0002,0,0.73,-600,0,-261843,0,2.5769,37.767,0,0,0,0,12,0,0,0,0,1,0,49450,4,51174,5.17
224840,2022,0.025,0.0002,0,0.7,-600,0,-261874,0,2.5769,37.769,0,0,0,0,12,0,0,0,0,1,0,49462,4,51175,5.28
224950,2023,-0.016,0.0002,0,0.74,-600,0,-261826,0,2.5769,37.769,0,0,0,0,12,0,0,0,0,1,0,49452,4,51175,5.39
225060,2024,0.004,0.0002,0,0.74,-600,0,-261839,0,2.5769,37.767,0,0,0,0,12,0,0,0,0,1,0,49457,4,51174,5.5
225170,2025,0.033,0.0002,0,0.73,-600,0,-261849,0,2.5769,37.767,0,0,0,0,12,0,0,0,0,1,0,49464,4,51174,5.61
225280,2026,0.069,0.0002,0,0.71,-600,0,-261863,0,2.5766,37.76,0,0,0,0,12,0,0,0,0,1,0,49473,4,51169,5.72
225390,2027,0.073,0.0002,0,0.73,-600,0,-261842,0,2.5769,37.769,0,0,0,0,12,0,0,0,0,1,0,49474,4,51175,5.83
225500,2028,-0.032,0.0002,0,0.78,-600,0,-261803,0,2.577,37.77,0,0,0,0,12,0,0,0,0,1,0,49448,4,51176,5.94
225610,2029,-0.024,0.0002,0,0.77,-600,0,-261819,0,2.5768,37.766,0,0,0,0,12,0,0,0,0,1,0,49450,4,51173,6.05
225720,2030,0,0.0002,0,0.72,-600,0,-261872,0,2.577,37.77,0,0,0,0,12,0,0,0,0,1,0,49456,4,51176,6.16
225830,2031,0.025,0.0002,0,0.72,-600,0,-261852,0,2.5767,37.763,0,0,0,0,12,0,0,0,0,1,0,49462,4,51171,6.27
225940,2032,0,0.0002,0,0.73,-600,0,-261845,0,2.5768,37.764,0,0,0,0,12,0,0,0,0,1,0,49456,4,51172,6.38
226050,2033,-0.036,0.0002,0,0.75,-600,0,-261825,0,2.5769,37.769,0,0,0,0,12,0,0,0,0,1,0,49447,4,51175,6.49
226160,2034,0.041,0.0002,0,0.77,-600,0,-261817,0,2.5768,37.766,0,0,0,0,12,0,0,0,0,1,0,49466,4,51173,6.6
226270,2035,0.025,0.0002,0,0.78,-600,0,-261815,0,2.5771,37.773,0,0,0,0,12,0,0,0,0,1,0,49462,4,51178,6.71
226380,2036,-0.04,0.0002,0,0.74,-600,0,-261851,0,2.5767,37.762,0,0,0,0,12,0,0,0,0,1,0,49446,4,51170,6.82
226490,2037,-0.008,0.0002,0,0.69,-600,0,-261890,0,2.577,37.77,0,0,0,0,12,0,0,0,0,1,0,49454,4,51176,6.93
226600,2038,-0.008,0.0002,0,0.72,-600,0,-261846,0,2.577,37.77,0,0,0,0,12,0,0,0,0,1,0,49454,4,51176,7.04
226710,2039,0.033,0.0002,0,0.77,-600,0,-261809,0,2.5766,37.76,0,0,0,0,12,0,0,0,0,1,0,49464,4,51169,7.15
226820,2040,0.037,0.0002,0,0.71,-600,0,-261872,0,2.5769,37.767,0,0,0,0,12,0,0,0,0,1,0,49465,4,51174,7.26
226930,2041,0.012,0.0002,0,0.64,-600,0,-261922,0,2.5772,37.777,0,0,0,0,12,0,0,0,0,1,0,49459,4,51181,7.37
227040,2042,0.057,0.0002,0,0.69,-600,0,-261857,0,2.577,37.772,0,0,0,0,12,0,0,0,0,1,0,49470,4,51177,7.48
227150,2043,-0.032,0.0002,0,0.76,-600,0,-261809,0,2.577,37.772,0,0,0,0,12,0,0,0,0,1,0,49448,4,51177,7.59
227260,2044,-0.04,0.0002,0,0.81,-600,0,-261780,0,2.577,37.77,0,0,0,0,12,0,0,0,0,1,0,49446,4,51176,7.7
227370,2045,0.004,0.0002,0,0.79,-600,0,-261814,0,2.5766,37.76,0,0,0,0,12,0,0,0,0,1,0,49457,4,51169,7.81
227480,2046,0.053,0.0002,0,0.73,-600,0,-261862,0,2.5771,37.773,0,0,0,0,12,0,0,0,0,1,0,49469,4,51178,7.92
227590,2047,0.012,0.0002,0,0.71,-600,0,-261863,0,2.5769,37.769,0,0,0,0,12,0,0,0,0,1,0,49459,4,51175,8.03
227700,2048,-0.032,0.0002,0,0.73,-600,0,-261845,0,2.5767,37.763,0,0,0,0,12,0,0,0,0,1,0,49448,4,51171,8.14
227810,2049,-0.024,0.0002,0,0.75,-600,0,-261824,0,2.5771,37.774,0,0,0,0,12.1,0,0,0,0,1,0,49450,4,51179,8.25
227920,2050,0.017,0.0002,0,0.7,-600,0,-261883,0,2.5771,37.773,0,0,0,0,12,0,0,0,0,1,0,49460,4,51178,8.36
228030,2051,-0.04,0.0002,0,0.67,-600,0,-261891,0,2.577,37.77,0,0,0,0,12.1,0,0,0,0,1,0,49446,4,51176,8.47
228140,2052,-0.016,0.0002,0,0.7,-600,0,-261858,0,2.5771,37.773,0,0,0,0,12,0,0,0,0,1,0,49452,4,51178,8.58
228250,2053,-0.016,0.0002,0,0.7,-600,0,-261863,0,2.5769,37.767,0,0,0,0,12,0,0,0,0,1,0,49452,4,51174,8.69
228360,2054,0.017,0.0002,0,0.71,-600,0,-261855,0,2.5767,37.763,0,0,0,0,12,0,0,0,0,1,0,49460,4,51171,8.8
228470,2055,0.017,0.0002,0,0.71,-600,0,-261858,0,2.5771,37.773,0,0,0,0,12,0,0,0,0,1,0,49460,4,51178,8.91
228580,2056,0.057,0.0002,0,0.71,-600,0,-261862,0,2.577,37.77,0,0,0,0,12,0,0,0,0,1,0,49470,4,51176,9.02
228690,2057,-0.036,0.0002,0,0.7,-600,0,-261867,0,2.5769,37.767,0,0,0,0,12,0,0,0,0,1,0,49447,4,51174,9.13
228800,2058,-0.012,0.0002,0,0.7,-600,0,-261869,0,2.5769,37.769,0,0,0,0,12,0,0,0,0,1,0,49453,4,51175,9.24
228910,2059,0.004,0.0002,0,0.72,-600,0,-261850,0,2.5769,37.767,0,0,0,0,12,0,0,0,0,1,0,49457,4,51174,9.35
229020,2060,-0.024,0.0002,0,0.68,-600,0,-261892,0,2.577,37.772,0,0,0,0,12,0,0,0,0,1,0,49450,4,51177,9.46
229130,2061,0.029,0.0002,0,0.69,-600,0,-261872,0,2.5769,37.769,0,0,0,0,12,0,0,0,0,1,0,49463,4,51175,9.57
229240,2062,-0.08,0.0002,0,0.62,-600,0,-261934,0,2.5768,37.764,0,0,0,0,12,0,0,0,0,1,0,49436,4,51172,9.68
229350,2063,0.041,0.0002,0,0.55,-600,0,-261980,0,2.5769,37.769,0,0,0,0,12,0,0,0,0,1,0,49466,4,51175,9.79
229460,2064,-0.02,0.0002,0,0.57,-600,0,-261945,0,2.577,37.77,0,0,0,0,12,0,0,0,0,1,0,49451,4,51176,9.9
229570,2065,-0.048,0.0002,0,0.66,-600,0,-261870,0,2.5767,37.763,0,0,0,0,12.1,0,0,0,0,1,0,49444,4,51171,10.01
229680,2066,0.017,0.0002,0,0.7,-600,0,-261851,0,2.5769,37.767,0,0,0,0,12,0,0,0,0,1,0,49460,4,51174,10.12
229790,2067,-0.012,0.0002,0,0.75,-600,0,-261823,0,2.5768,37.764,0,0,0,0,12,0,0,0,0,1,0,49453,4,51172,10.23
229900,2068,-0.024,0.0002,0,0.76,-600,0,-261820,0,2.5768,37.766,0,0,0,0,12,0,0,0,0,1,0,49450,4,51173,10.34
230010,2069,0.057,0.0002,0,0.75,-600,0,-261841,0,2.5768,37.766,0,0,0,0,12,0,0,0,0,1,0,49470,4,51173,10.45
230120,2070,-0.004,0.0002,0,0.71,-600,0,-261867,0,2.577,37.77,0,0,0,0,12,0,0,0,0,1,0,49455,4,51176,10.56
230230,2071,0.008,0.0002,0,0.7,-600,0,-261871,0,2.577,37.772,0,0,0,0,12,0,0,0,0,1,0,49458,4,51177,10.67
230340,2072,-0.02,0.0002,0,0.76,-600,0,-261806,0,2.5766,37.76,0,0,0,0,12,0,0,0,0,1,0,49451,4,51169,10.78
230450,2073,0.073,0.0002,0,0.68,-600,0,-261898,0,2.5769,37.767,0,0,0,0,12,0,0,0,0,1,0,49474,4,51174,10.89
230560,2074,0.097,0.0002,0,0.74,-600,0,-261827,0,2.5769,37.769,0,0,0,0,12,0,0,0,0,1,0,49480,4,51175,11
230670,2075,0.041,0.0002,0,0.72,-600,0,-261856,0,2.5768,37.766,0,0,0,0,12,0,0,0,0,1,0,49466,4,51173,11.11
230780,2076,0.004,0.0002,0,0.68,-600,0,-261886,0,2.5769,37.769,0,0,0,0,12,0,0,0,0,1,0,49457,4,51175,11.22
230890,2077,-0.028,0.0002,0,0.69,-600,0,-261869,0,2.5769,37.769,0,0,0,0,12,0,0,0,0,1,0,49449,4,51175,11.33
231000,2078,0.049,0.0002,0,0.8,-600,0,-261773,0,2.5768,37.766,0,0,0,0,12,0,0,0,0,1,0,49468,4,51173,11.44
231110,2079,-0.012,0.0002,0,0.77,-600,0,-261824,0,2.5769,37.767,0,0,0,0,12,0,0,0,0,1,0,49453,4,51174,11.55
231220,2080,-0.02,0.0002,0,0.74,-600,0,-261852,0,2.5768,37.766,0,0,0,0,12,0,0,0,0,1,0,49451,4,51173,11.66
231330,2081,0,0.0002,0,0.74,-600,0,-261836,0,2.5769,37.767,0,0,0,0,12,0,0,0,0,1,0,49456,4,51174,11.77
231440,2082,0,0.0002,0,0.68,-600,0,-261900,0,2.5769,37.767,0,0,0,0,12,0,0,0,0,1,0,49456,4,51174,11.88
231550,2083,-0.056,0.0002,0,0.71,-600,0,-261849,0,2.577,37.77,0,0,0,0,12,0,0,0,0,1,0,49442,4,51176,11.99
231660,2084,0.008,0.0002,0,0.71,-600,0,-261858,0,2.5769,37.769,0,0,0,0,12,0,0,0,0,1,0,49458,4,51175,12.1
231770,2085,-0.02,0.0002,0,0.71,-600,0,-261856,0,2.5769,37.769,0,0,0,0,12,0,0,0,0,1,0,49451,4,51175,12.21
231880,2086,0.008,0.0002,0,0.71,-600,0,-261863,0,2.577,37.77,0,0,0,0,12,0,0,0,0,1,0,49458,4,51176,12.32
231990,2087,0.041,0.0002,0,0.7,-600,0,-261871,0,2.5769,37.769,0,0,0,0,12,0,0,0,0,1,0,49466,4,51175,12.43
232100,2088,0.077,0.0002,0,0.74,-600,0,-261824,0,2.5769,37.769,0,0,0,0,12,0,0,0,0,1,0,49475,4,51175,12.54
232210,2089,0.065,0.0002,0,0.68,-600,0,-261901,0,2.5769,37.769,0,0,0,0,12,0,0,0,0,1,0,49472,4,51175,12.65
232320,2090,0.105,0.0002,0,0.66,-600,0,-261900,0,2.5767,37.762,0,0,0,0,12,0,0,0,0,1,0,49482,4,51170,12.76
232430,2091,-0.028,0.0002,0,0.68,-600,0,-261868,0,2.5772,37.777,0,0,0,0,12,0,0,0,0,1,0,49449,4,51181,12.87
232540,2092,-0.008,0.0002,0,0.74,-600,0,-261825,0,2.5768,37.766,0,0,0,0,12,0,0,0,0,1,0,49454,4,51173,12.98
232650,2093,-0.024,0.0002,0,0.74,-600,0,-261838,0,2.5766,37.76,0,0,0,0,12,0,0,0,0,1,0,49450,4,51169,13.09
232760,2094,0.012,0.0002,0,0.66,-600,0,-261911,0,2.577,37.77,0,0,0,0,12,0,0,0,0,1,0,49459,4,51176,13.2
232870,2095,0.021,0.0002,0,0.72,-600,0,-261833,0,2.5769,37.769,0,0,0,0,12,0,0,0,0,1,0,49461,4,51175,13.31
232980,2096,0.037,0.0002,0,0.8,-600,0,-261781,0,2.5765,37.757,0,0,0,0,12,0,0,0,0,1,0,49465,4,51167,13.42
233090,2097,0,0.0002,0,0.81,-600,0,-261794,0,2.5768,37.764,0,0,0,0,12,0,0,0,0,1,0,49456,4,51172,13.53
233200,2098,0.029,0.0002,0,0.79,-600,0,-261808,0,2.5769,37.767,0,0,0,0,12,0,0,0,0,1,0,49463,4,51174,13.64
233310,2099,-0.004,0.0002,0,0.75,-600,0,-261845,0,2.5768,37.764,0,0,0,0,12,0,0,0,0,1,0,49455,4,51172,13.75
233420,2100,0.025,0.0002,0,0.72,-600,0,-261860,0,2.5768,37.766,0,0,0,0,12,0,0,0,0,1,0,49462,4,51173,13.86
233530,2101,0.029,0.0002,0,0.75,-600,0,-261823,0,2.577,37.772,0,0,0,0,12,0,0,0,0,1,0,49463,4,51177,13.97
233640,2102,0.069,0.0002,0,0.75,-600,0,-261835,0,2.5772,37.777,0,0,0,0,12,0,0,0,0,1,0,49473,4,51181,14.08
233750,2103,0.012,0.0002,0,0.77,-600,0,-261811,0,2.5769,37.767,0,0,0,0,12,0,0,0,0,1,0,49459,4,51174,14.19
233860,2104,-0.02,0.0003,0,0.74,-600,0,-261848,0,2.577,37.77,0,0,0,0,12,0,0,0,0,1,0,49451,5,51176,14.3
233970,2105,0.004,0.0002,0,0.74,-600,0,-261837,0,2.5768,37.764,0,0,0,0,12,0,0,0,0,1,0,49457,4,51172,14.41
234080,2106,0.008,0.0002,0,0.75,-600,0,-261827,0,2.577,37.77,0,0,0,0,12,0,0,0,0,1,0,49458,4,51176,14.52
234190,2107,-0.008,0.0002,0,0.72,-600,0,-261861,0,2.5767,37.762,0,0,0,0,12,0,0,0,0,1,0,49454,4,51170,14.63
234300,2108,0.037,0.0002,0,0.73,-600,0,-261842,0,2.577,37.772,0,0,0,0,12,0,0,0,0,1,0,49465,4,51177,14.74
234410,2109,0,0.0002,0,0.71,-600,0,-261868,0,2.577,37.77,0,0,0,0,12,0,0,0,0,1,0,49456,4,51176,14.85
234520,2110,0.017,0.0002,0,0.71,-600,0,-261857,0,2.577,37.772,0,0,0,0,12,0,0,0,0,1,0,49460,4,51177,14.96
234630,2111,-0.008,0.0002,0,0.75,-600,0,-261827,0,2.5766,37.76,0,0,0,0,12,0,0,0,0,1,0,49454,4,51169,15.07
234740,2112,0.069,0.0002,0,0.73,-600,0,-261847,0,2.5769,37.769,0,0,0,0,12,0,0,0,0,1,0,49473,4,51175,15.18
234850,2113,0.069,0.0002,0,0.78,-600,0,-261805,0,2.5769,37.767,0,0,0,0,12,0,0,0,0,1,0,49473,4,51174,15.29
234960,2114,-0.016,0.0002,0,0.74,-600,0,-261851,0,2.5769,37.767,0,0,0,0,12,0,0,0,0,1,0,49452,4,51174,15.4
235070,2115,-0.004,0.0002,0,0.69,-600,0,-261883,0,2.577,37.77,0,0,0,0,12,0,0,0,0,1,0,49455,4,51176,15.51
235180,2116,0.029,0.0002,0,0.72,-600,0,-261848,0,2.5769,37.767,0,0,0,0,12,0,0,0,0,1,0,49463,4,51174,15.62
235290,2117,0.012,0.0002,0,0.73,-600,0,-261843,0,2.5768,37.766,0,0,0,0,12,0,0,0,0,1,0,49459,4,51173,15.73
235400,2118,-0.008,0.0002,0,0.75,-600,0,-261826,0,2.577,37.772,0,0,0,0,12,0,0,0,0,1,0,49454,4,51177,15.84
235510,2119,0.004,0.0002,0,0.76,-600,0,-261828,0,2.5767,37.763,0,0,0,0,12,0,0,0,0,1,0,49457,4,51171,15.95
235620,2120,-0.008,0.0002,0,0.77,-600,0,-261820,0,2.5767,37.762,0,0,0,0,12,0,0,0,0,1,0,49454,4,51170,16.06
235730,2121,-0.02,0.0002,0,0.81,-600,0,-261783,0,2.5763,37.752,0,0,0,0,12,0,0,0,0,1,0,49451,4,51163,16.17
235840,2122,-0.004,0.0002,0,0.79,-600,0,-261810,0,2.5769,37.767,0,0,0,0,12,0,0,0,0,1,0,49455,4,51174,16.28
235950,2123,0.073,0.0002,0,0.76,-600,0,-261837,0,2.5769,37.767,0,0,0,0,12,-500,0,0,0,1,0,49474,4,51174,16.39
236060,2124,-0.016,0.0002,0,0.77,-600,0,-261819,0,2.5767,37.762,0,0,3.95,0.21,12,-500,0,0,0,1,0,49452,4,51170,16.5
236170,2125,0.025,0.0011,0,0.74,-600,0,-261850,0,2.5765,37.756,-126.1,-883,14.43,1.63,12,-500,0,0,0,1,0,49462,22,51166,16.61
236280,2126,-0.004,0.0002,0,0.78,-600,0,-261805,0,2.5766,37.759,-295.4,-2068,15.22,3.09,11.9,-500,0,0,0,1,0,49455,4,51168,16.72
236390,2127,-0.052,0.0124,-0.001,0.75,-600,0,-261845,0,2.5768,37.766,-453.6,-3175,10.16,2.61,12,-500,0,0,0,1,0,49443,246,51173,16.83
236500,2128,-0.016,0.0002,0,0.78,-600,0,-261800,0,2.577,37.77,-528.6,-3700,3.14,0.81,12,-500,0,0,0,1,0,49452,4,51176,16.94
236610,2129,-0.048,0.0011,0,0.85,-600,0,-261747,0,2.5765,37.757,-547.1,-3830,0.8,0.19,12,-500,0,0,0,1,0,49444,21,51167,17.05
236720,2130,0.037,0.0002,0,0.8,-600,0,-261811,0,2.5766,37.759,-544.3,-3810,0.36,0.08,12,-500,0,0,0,1,0,49465,4,51168,17.16
236830,2131,0,0.0002,0,0.76,-600,0,-261839,0,2.577,37.772,-537.7,-3764,0.49,0.11,12,-500,0,0,0,1,0,49456,4,51177,17.27
236940,2132,0.129,0.0009,0,0.76,-600,0,-261829,0,2.5769,37.769,-531.9,-3723,0.65,0.15,12,-500,0,0,0,1,0,49488,18,51175,17.38
237050,2133,-0.036,0.0007,0,0.8,-600,0,-261788,0,2.5768,37.764,-527.4,-3692,0.77,0.17,12,-500,0,0,0,1,0,49447,13,51172,17.49
237160,2134,0.012,0.0002,0,0.8,-600,0,-261805,0,2.577,37.772,-523.7,-3666,0.83,0.18,12,-500,0,0,0,1,0,49459,4,51177,17.6
237270,2135,0.049,0.0002,0,0.78,-600,0,-261818,0,2.5778,37.793,-521,-3647,0.86,0.19,12,-500,0,0,0,1,0,49468,4,51192,17.71
237380,2136,-0.036,0.0002,0,0.79,-600,0,-261803,0,2.577,37.772,-518.7,-3631,0.88,0.19,12,-500,0,0,0,1,0,49447,4,51177,17.82
237490,2137,0.012,0.0002,0,0.84,-600,0,-261765,0,2.5769,37.767,-516.3,-3614,0.89,0.19,12,-500,0,0,0,1,0,49459,4,51174,17.93
237600,2138,0,0.0002,0,0.82,-600,0,-261792,0,2.5766,37.759,-514.4,-3601,0.91,0.2,12,-500,0,0,0,1,0,49456,4,51168,18.04
237710,2139,-0.028,0.0018,0,0.81,-600,0,-261796,0,2.577,37.772,-512.6,-3588,0.93,0.2,12,-500,0,0,0,1,0,49449,36,51177,18.15
237820,2140,0,0.0022,0,0.81,-600,0,-261792,0,2.5769,37.769,-511.1,-3578,0.94,0.21,12,-500,0,451,0,1,0,49456,43,51175,18.26
237930,2141,-0.02,0.0028,0,0.81,-600,0,-261795,0,2.5771,37.774,-509.7,-3568,0.96,0.21,12,-500,0,451,0,1,0,49451,55,51179,18.37
238040,2142,0.041,0.0042,0,0.73,-600,0,-261866,0,2.577,37.77,-508.9,-3562,0.96,0.21,12,-500,0,451,0,1,0,49466,83,51176,18.48
238150,2143,-0.016,0.0003,0,0.84,-600,0,-261748,0,2.5768,37.766,-507.6,-3553,0.95,0.21,12,-500,0,451,0,1,0,49452,5,51173,18.59
238260,2144,0.033,0.0015,0,0.8,-600,0,-261814,0,2.5772,37.776,-507.1,-3550,0.94,0.2,12,-500,0,451,0,1,0,49464,30,51180,18.7
238370,2145,-0.008,0.0003,0,0.73,-600,0,-261867,0,2.5769,37.769,-505.9,-3541,0.94,0.2,12,-500,0,451,0,1,0,49454,6,51175,18.81
238480,2146,0.057,0.0002,0,0.77,-600,0,-261807,0,2.577,37.77,-505.3,-3537,0.96,0.21,12,-500,0,451,0,1,0,49470,4,51176,18.92
238590,2147,-0.04,0.0007,0,0.84,-600,0,-261758,0,2.5772,37.776,-504.6,-3532,0.96,0.21,12,-500,0,451,0,1,0,49446,14,51180,19.03
238700,2148,-0.004,0.0007,0,0.81,-600,-600.81,-261799,0,2.577,37.77,-504.1,-3529,0.98,0.21,12,-500,-1023,451,1,1,16,49455,13,51176,19.14
238810,2149,0.008,0.0002,0,0.79,-600,-600.79,-261815,0,2.5766,37.759,-503.9,-3527,0.99,0.21,12,-500,-1023,451,1,1,16,49458,4,51168,19.25
238920,2150,0.061,0.0016,0,-0.13,-600,-599.87,-262665,0,2.5773,37.779,-503.3,-3523,0.99,0.21,12,-500,-1023,451,1,1,16,49471,32,51182,19.36
239030,2151,-0.004,0.0069,0,-3.31,-600,-596.69,-265365,0,2.5771,37.773,-503.1,-3522,0.99,0.21,12,-500,-1023,451,1,1,16,49455,138,51178,19.47
239140,2152,0.049,0.0002,0,-7.9,-600,-592.1,-268756,0,2.5769,37.769,-502.3,-3516,0.98,0.21,12,-500,-1023,451,1,1,16,49468,4,51175,19.58
239250,2153,0.021,0.0006,0,-9.4,-600,-590.6,-268862,0,2.4936,35.419,-502,-3514,0.99,0.21,12,-500,-1023,451,1,1,16,49461,11,49520,19.69
239360,2154,0.089,0.0041,0,-10,-600,-590,-269007,0,2.4851,35.179,-501.9,-3513,0.99,0.21,12,-500,-1023,451,1,1,16,49478,82,49351,19.8
239470,2155,-0.068,0.0017,0,-10.09,-600,-589.91,-268925,0,2.4731,34.841,-501.4,-3510,0.99,0.21,12,-500,-1023,451,1,1,16,49439,34,49113,19.91
239580,2156,-0.008,0.0002,0,-10.44,-600,-589.56,-269222,0,2.4638,34.578,-501.4,-3510,0.99,0.21,12,-500,-1023,451,1,1,16,49454,4,48928,20.02
239690,2157,0.117,0.0013,0,-10.45,-600,-589.55,-269131,0,2.4539,34.3,-501,-3507,0.99,0.21,12,-500,-1023,451,1,1,16,49485,26,48732,20.13
239800,2158,0.017,0.0002,0,-10.51,-600,-589.49,-269184,0,2.4446,34.038,-501,-3507,1,0.21,12,-500,-1023,451,1,1,16,49460,4,48548,20.24
239910,2159,0.049,0.0005,0,-11.08,-600,-588.92,-269699,0,2.4405,33.923,-501.3,-3509,1,0.21,12,-500,-1023,451,1,1,16,49468,9,48467,20.35
240020,2160,-0.04,0.0005,0,-12.91,-600,-587.09,-271246,0,2.4303,33.635,-501,-3507,1,0.21,12,-500,-1023,451,1,1,16,49446,9,48264,20.46
240130,2161,-0.064,0.0002,0,-23.95,-600,-576.05,-281013,0,2.4187,33.308,-501.1,-3508,1.01,0.22,12,-500,-1023,451,1,1,16,49440,4,48034,20.57
240240,2162,-0.016,0.0002,0,-26.68,-600,-573.32,-280468,0,2.4073,32.985,-500.6,-3504,1.01,0.22,12,-500,-1023,451,1,1,16,49452,4,47806,20.68
240350,2163,0.025,0.0024,0,-25.88,-600,-574.12,-278964,0,2.3981,32.726,-500.6,-3504,1.01,0.22,12,-500,-1023,451,1,1,16,49462,47,47624,20.79
240460,2164,-0.044,0.0035,0,-25.21,-600,-574.79,-278559,0,2.3865,32.398,-500.4,-3503,1.01,0.22,12,-500,-1023,451,1,1,16,49445,69,47393,20.9
240570,2165,0.008,0.0003,0,-25.17,-600,-574.83,-278712,0,2.3771,32.136,-500.7,-3505,1.01,0.22,12,-500,-1023,451,1,1,16,49458,6,47208,21.01
240680,2166,-0.028,0.0003,0,-23.15,-600,-576.85,-276837,0,2.3637,31.755,-499.7,-3498,1.02,0.22,12,-500,-1023,451,1,1,16,49449,6,46940,21.12
240790,2167,0.037,0.0002,0,-21.41,-600,-578.59,-275783,0,2.3538,31.478,-500.1,-3501,1.01,0.22,12,-500,-1023,451,1,1,16,49465,4,46745,21.23
240900,2168,0.033,0.0055,0,-20.29,-600,-579.71,-275233,0,2.3452,31.234,-499.9,-3499,1.01,0.22,12,-500,-1023,451,1,1,16,49464,110,46573,21.34
241010,2169,-0.068,0.0009,0,-21.01,-600,-578.99,-276211,0,2.3397,31.081,-500.4,-3503,1.02,0.22,12,-500,-1023,451,1,1,16,49439,18,46465,21.45
241120,2170,0.012,0.0018,0,-26.78,-600,-573.22,-281386,0,2.3339,30.917,-499.9,-3499,1.01,0.22,12,-500,-1023,451,1,1,16,49459,35,46350,21.56
241230,2171,-0.04,0.0002,0,-33.63,-600,-566.37,-286146,0,2.3255,30.679,-500.1,-3501,1.01,0.22,12,-500,-1023,451,1,1,16,49446,4,46182,21.67
241340,2172,-0.032,0.0017,0,-40.03,-600,-559.97,-290188,0,2.321,30.552,-500.1,-3501,1.02,0.22,12,-500,-1023,451,1,1,16,49448,34,46093,21.78
241450,2173,-0.104,0.0002,0,-46.4,-600,-553.6,-294330,0,2.3071,30.159,-500.3,-3502,1.02,0.22,12,-500,-1023,451,1,1,16,49430,4,45816,21.89
241560,2174,-0.024,0.0019,0,-52.9,-600,-547.1,-298607,0,2.3007,29.979,-499.9,-3499,1,0.22,12,-500,-1023,451,1,1,16,49450,38,45689,22
241670,2175,0.069,0.001,0,-53.83,-600,-546.17,-297652,0,2.2722,29.176,-499.7,-3498,1.01,0.22,12,-500,-1023,451,1,1,16,49473,20,45124,22.11
241780,2176,0.012,0.0019,0,-54.75,-600,-545.25,-298249,0,2.263,28.918,-499.6,-3497,1.03,0.22,12,-500,-1023,451,1,1,16,49459,37,44942,22.22
241890,2177,0.033,0.0002,0,-38.08,-600,-561.92,-282483,0,2.2525,28.621,-500.4,-3503,1.01,0.22,12,-500,-1023,451,1,1,16,49464,4,44733,22.33
242000,2178,0.073,0.009,0.001,-24.92,-600,-575.08,-274879,0,2.2406,28.286,-499.7,-3498,1.01,0.22,12,-500,-1023,451,1,1,16,49474,178,44497,22.44
242110,2179,0.045,0.0005,0,-20.62,-600,-579.38,-274556,0,2.2303,27.993,-500,-3500,0.99,0.21,12,-500,-1023,451,1,1,16,49467,9,44291,22.55
242220,2180,0.061,0.0023,0,-19.01,-600,-580.99,-274257,0,2.2208,27.726,-500,-3500,0.99,0.21,12,-500,-1023,451,1,1,16,49471,46,44103,22.66
242330,2181,-0.004,0.0008,0,-17.58,-600,-582.42,-273376,0,2.2102,27.428,-500.3,-3502,0.99,0.21,12,-500,-1023,451,1,1,16,49455,15,43893,22.77
242440,2182,-0.024,0.0002,0,-17.18,-600,-582.82,-273407,0,2.2014,27.18,-500.4,-3503,1,0.21,12,-500,-1023,451,1,1,16,49450,4,43718,22.88
242550,2183,-0.028,0.0003,0,-17.26,-600,-582.74,-273593,0,2.1924,26.926,-500.7,-3505,0.99,0.21,12,-500,-1023,451,1,1,16,49449,5,43539,22.99
242660,2184,0,0.0022,0,-18.16,-600,-581.84,-274409,0,2.1861,26.748,-500.6,-3504,0.99,0.21,12,-500,-1023,451,1,1,16,49456,44,43414,23.1
242770,2185,-0.036,0.0002,0,-20.49,-600,-579.51,-276321,0,2.1777,26.512,-500.7,-3505,1,0.21,12,-500,-1023,451,1,1,16,49447,4,43248,23.21
242880,2186,-0.04,0.0004,0,-25.22,-600,-574.78,-280071,0,2.1642,26.13,-500.4,-3503,0.98,0.21,12,-500,-1023,451,1,1,16,49446,8,42979,23.32
242990,2187,0.025,0.0032,0,-31.37,-600,-568.63,-284478,0,2.1585,25.97,-500,-3500,0.98,0.21,12,-500,-1023,451,1,1,16,49462,64,42866,23.43
243100,2188,-0.028,0.0084,0,-31.91,-600,-568.09,-283263,0,2.1509,25.755,-500,-3500,0.99,0.21,12,-500,-1023,451,1,1,16,49449,167,42715,23.54
243210,2189,-0.052,0.0009,0,-36.02,-600,-563.98,-286943,0,2.1343,25.288,-500.1,-3501,0.99,0.21,12,-500,-1023,451,1,1,16,49443,17,42386,23.65
243320,2190,0.037,0.0014,0,-40.66,-600,-559.34,-290113,0,2.1265,25.067,-500.7,-3505,0.95,0.2,12,-500,-1023,451,1,1,16,49465,27,42230,23.76
243430,2191,0.073,0.0041,0,-36.21,-600,-563.79,-284675,0,2.1172,24.804,-500.9,-3506,0.92,0.19,12,-500,-1023,451,1,1,16,49474,81,42045,23.87
243540,2192,-0.036,0.0002,0,-35.87,-600,-564.13,-285597,0,2.1061,24.493,-500.9,-3506,0.91,0.19,12,-500,-1023,451,1,1,16,49447,4,41826,23.98
243650,2193,-0.024,0.0005,0,-37.13,-600,-562.87,-286862,0,2.0896,24.026,-501.1,-3508,0.92,0.19,12,-500,-1023,451,1,1,16,49450,9,41497,24.09
243760,2194,0,0.0002,0,-35.13,-600,-564.87,-284651,0,2.0816,23.8,-500.4,-3503,0.93,0.19,12,-500,-1023,451,1,1,16,49456,4,41338,24.2
243870,2195,0.085,0.0002,0,-28.24,-600,-571.76,-278798,0,2.07,23.474,-500.6,-3504,0.94,0.2,12,-500,-1023,451,1,1,16,49477,4,41108,24.31
243980,2196,-0.112,0.0013,0,-24.08,-600,-575.92,-276851,0,2.0575,23.123,-500.4,-3503,0.95,0.2,12,-500,-1023,451,1,1,16,49428,26,40861,24.42
244090,2197,0.029,0.0002,0,-22.34,-600,-577.66,-276394,0,2.046,22.796,-500.7,-3505,0.93,0.2,12,-500,-1023,451,1,1,16,49463,4,40631,24.53
244200,2198,-0.024,0.0012,0,-20.93,-600,-579.07,-275566,0,2.0609,23.217,-500.7,-3505,0.93,0.2,12,-500,-1023,451,1,1,16,49450,24,40927,24.64
244310,2199,0.077,0.0002,0,-20.67,-600,-579.33,-275721,0,2.0542,23.029,-500.1,-3501,0.94,0.2,12,-500,-1023,451,1,1,16,49475,4,40795,24.75
244420,2200,-1.14,0.1062,-0.121,-27.32,-600,-572.68,-281977,0,2.0305,22.359,-499.3,-3495,0.97,0.21,12,-500,-1023,451,1,1,16,49173,2110,40323,24.86
244530,2201,-1.281,0.1153,-0.148,-35.49,-600,-564.51,-287729,0,2.0202,22.069,-499.4,-3496,0.99,0.21,12,-500,-1023,451,1,1,16,49138,2290,40119,24.97
244640,2202,-1.325,0.1191,-0.158,-45.08,-600,-554.92,-294375,0,2.0126,21.855,-499.1,-3494,1,0.21,12,-500,-1023,451,1,1,16,49127,2365,39968,25.08
244750,2203,-0.64,0.027,-0.017,-57.17,-600,-542.83,-302948,0,2.0089,21.75,-499.3,-3495,1.01,0.21,12,-500,-1023,451,1,1,16,49297,537,39894,25.19
244860,2204,-1.837,0.1901,-0.349,-82.29,-600,-517.71,-322951,0,2.0095,21.768,-499.1,-3494,1,0.21,12,-500,-1023,451,1,1,16,49000,3775,39907,25.3
244970,2205,-1.643,0.1695,-0.279,-101.6,-600,-498.4,-333912,0,2.0097,21.772,-499.3,-3495,1.01,0.22,12,-500,-1023,451,1,1,16,49048,3367,39910,25.41
245080,2206,-2.848,0.2069,-0.589,-119.23,-600,-480.77,-344928,0,2.0101,21.785,-499.7,-3498,1.02,0.22,12,-500,-1023,451,1,1,16,48749,4108,39919,25.52
245190,2207,-2.425,0.2586,-0.627,-136.88,-600,-463.12,-356436,0,2.0089,21.75,-498.4,-3489,1.06,0.23,12,-500,-1023,451,1,1,16,48854,5135,39894,25.63
245300,2208,-3.182,0.3265,-1.039,-154.66,-600,-445.34,-368062,0,2.0111,21.814,-498.4,-3489,1.08,0.23,12,-500,-1023,451,1,1,16,48666,6484,39939,25.74
245410,2209,-2.799,0.2592,-0.726,-185.84,-600,-414.16,-392115,0,2.0114,21.822,-498.4,-3489,1.11,0.24,12,-500,-1023,451,1,1,16,48761,5148,39945,25.85
245520,2210,-2.062,0.3668,-0.756,-208.6,-600,-391.4,-404590,0,2.0236,22.166,-498.3,-3488,1.14,0.25,12,-500,-1023,451,1,1,16,48944,7284,40187,25.96
245630,2211,-1.196,0.1397,-0.167,-228.47,-600,-371.53,-416734,0,2.0063,21.679,-497.9,-3485,1.16,0.25,12,-500,-1023,451,1,1,16,49159,2774,39844,26.07
245740,2212,-1.152,0.1003,-0.115,-247.01,-600,-352.99,-428441,0,1.9968,21.409,-497.9,-3485,1.19,0.26,12,-500,-1023,451,1,1,16,49170,1991,39654,26.18
245850,2213,-1.869,0.1279,-0.239,-279.42,-600,-320.58,-453431,0,1.9907,21.238,-497.9,-3485,1.18,0.26,12,-500,-1023,451,1,1,16,48992,2539,39534,26.29
245960,2214,-0.197,0.0225,-0.004,-303.04,-600,-296.96,-466364,0,1.9888,21.183,-498,-3486,1.2,0.26,12,-500,-1023,451,1,1,16,49407,447,39495,26.4
246070,2215,-0.616,0.03,-0.018,-323.53,-600,-276.47,-478845,0,1.9894,21.2,-498.9,-3492,1.2,0.26,12,-500,-1023,451,1,1,16,49303,595,39507,26.51
246180,2216,-4.548,0.4494,-2.044,-343.04,-600,-256.96,-491279,0,1.9904,21.23,-498.9,-3492,1.19,0.26,12,-500,-1023,451,1,1,16,48327,8925,39528,26.62
246290,2217,-4.983,0.4564,-2.274,-362.06,-600,-237.94,-503537,0,1.9897,21.209,-499,-3493,1.2,0.26,12,-500,-1023,451,1,1,16,48219,9064,39513,26.73
246400,2218,-4.842,0.4888,-2.367,-393.68,-600,-206.32,-527657,0,1.9898,21.211,-498.7,-3491,1.2,0.26,12,-500,-1023,451,1,1,16,48254,9708,39515,26.84
246510,2219,-4.95,0.4782,-2.367,-416.81,-600,-183.19,-540359,0,1.9921,21.277,-498.1,-3487,1.25,0.28,12,-500,-1023,451,1,1,16,48227,9497,39561,26.95
246620,2220,-3.605,0.2482,-0.895,-437.63,-600,-162.37,-553276,0,1.9943,21.338,-498.3,-3488,1.29,0.28,12,-500,-1023,451,1,1,16,48561,4930,39604,27.06
246730,2221,-0.749,0.0715,-0.054,-456.99,-600,-143.01,-565485,0,1.9985,21.457,-497.7,-3484,1.29,0.28,12,-500,-1023,451,1,1,16,49270,1419,39688,27.17
246840,2222,-1.571,0.161,-0.253,-488.16,-600,-111.84,-589093,0,1.9858,21.101,-498.4,-3489,1.28,0.28,12,-500,-716,451,1,1,0,49066,3197,39437,27.28
246950,2223,-2.485,0.386,-0.959,-510.2,-600,-89.8,-600906,0,1.9774,20.862,-499,-3493,1.26,0.28,12,-500,-656,451,1,1,0,48839,7666,39269,27.39
247060,2224,-1.406,0.2152,-0.302,-528.7,-600,-71.3,-611963,0,1.9714,20.695,-498.9,-3492,1.26,0.28,12,-500,-494,451,1,1,0,49107,4274,39151,27.5
247170,2225,-2.574,0.5362,-1.38,-544.11,-600,-55.89,-621146,0,1.9696,20.642,-499,-3493,1.25,0.28,12,-500,-362,451,1,1,0,48817,10649,39114,27.61
247280,2226,-0.362,0.0522,-0.019,-562.72,-600,-37.28,-634168,0,1.9714,20.693,-499.9,-3499,1.24,0.27,12,-500,-200,451,1,1,0,49366,1037,39150,27.72
247390,2227,-5.305,0.1445,-0.766,-571.81,-600,-28.19,-637427,0,1.9718,20.706,-499.4,-3496,1.23,0.27,12,-500,-200,451,1,1,0,48139,2869,39159,27.83
247500,2228,-5.45,0.5553,-3.026,-575.48,-600,-24.52,-638305,0,1.9725,20.726,-499.7,-3498,1.25,0.27,12,-500,-243,451,1,1,0,48103,11028,39173,27.94
247610,2229,-5.535,0.5452,-3.017,-575.15,-600,-24.85,-636975,0,1.9726,20.729,-499.3,-3495,1.26,0.28,12,-500,-357,451,1,1,0,48082,10827,39175,28.05
247720,2230,-5.865,0.5477,-3.212,-572.67,-600,-27.33,-634761,0,1.9756,20.811,-499.3,-3495,1.28,0.28,12,-500,-450,451,1,1,0,48000,10877,39233,28.16
247830,2231,-3.166,0.351,-1.111,-568.63,-600,-31.37,-631686,0,1.9773,20.859,-499.9,-3499,1.26,0.28,12,-500,-550,451,1,1,0,48670,6971,39267,28.27
247940,2232,-2.682,0.2727,-0.731,-568.46,-600,-31.54,-632663,0,1.983,21.021,-499.6,-3497,1.24,0.27,12,-500,-446,451,1,1,0,48790,5415,39381,28.38
248050,2233,-1.184,0.1029,-0.122,-570.56,-600,-29.44,-634661,0,1.971,20.682,-499.9,-3499,1.22,0.27,12,-500,-355,451,1,1,0,49162,2044,39142,28.49
248160,2234,-1.619,0.1586,-0.257,-574.22,-600,-25.78,-637485,0,1.9624,20.439,-499.7,-3498,1.23,0.27,12,-500,-261,451,1,1,0,49054,3150,38971,28.6
248270,2235,-1.861,0.1771,-0.33,-581.52,-600,-18.48,-643254,0,1.957,20.287,-499.6,-3497,1.24,0.27,12,-500,-200,451,1,1,0,48994,3517,38864,28.71
248380,2236,-1.8,0.1879,-0.338,-584.69,-600,-15.31,-644170,0,1.9541,20.206,-499.6,-3497,1.24,0.27,12,-500,-200,451,1,1,0,49009,3732,38807,28.82
248490,2237,-6.344,0.6178,-3.919,-584.79,-600,-15.21,-643379,0,1.9561,20.263,-499.9,-3499,1.23,0.27,12,-500,-210,451,1,1,0,47881,12268,38847,28.93
248600,2238,-7.291,0.6927,-5.051,-583.31,-600,-16.69,-641969,0,1.957,20.287,-499.9,-3499,1.23,0.27,12,-500,-274,451,1,1,0,47646,13757,38864,29.04
248710,2239,-2.288,0.6453,-1.476,-579.15,-600,-20.85,-638513,0,1.9583,20.324,-500.6,-3504,1.23,0.27,12,-500,-405,451,1,1,0,48888,12815,38890,29.15
248820,2240,-6.513,0.6399,-4.168,-576.2,-600,-23.8,-636924,0,1.9593,20.352,-499.7,-3498,1.23,0.27,12,-500,-414,451,1,1,0,47839,12707,38910,29.26
248930,2241,-4.789,0.2251,-1.078,-575.45,-600,-24.55,-637049,0,1.961,20.399,-499.6,-3497,1.23,0.27,12,-500,-364,451,1,1,0,48267,4471,38943,29.37
249040,2242,-6.312,0.5844,-3.689,-577.35,-600,-22.65,-639030,0,1.9639,20.482,-499.9,-3499,1.24,0.27,12,-500,-265,451,1,1,0,47889,11606,39001,29.48
249150,2243,-7.629,0.7398,-5.644,-580.51,-600,-19.49,-641440,0,1.9676,20.585,-500,-3500,1.25,0.28,12,-500,-200,451,1,1,0,47562,14691,39074,29.59
249260,2244,-1.43,0.1416,-0.202,-585.74,-600,-14.26,-645430,0,1.9607,20.392,-499.1,-3494,1.27,0.28,12,-500,-200,451,1,1,0,49101,2812,38938,29.7
249370,2245,-2.558,0.1582,-0.405,-587.96,-600,-12.04,-646030,0,1.9513,20.128,-499.6,-3497,1.26,0.28,12,-500,-200,451,1,1,0,48821,3142,38752,29.81
249480,2246,-1.683,0.14,-0.236,-587.84,-600,-12.16,-645306,0,1.9452,19.953,-499.3,-3495,1.26,0.28,12,-500,-200,451,1,1,0,49038,2780,38629,29.92
249590,2247,0.476,0.4226,0.201,-586.72,-600,-13.28,-644293,0,1.9429,19.889,-500,-3500,1.25,0.28,12,-500,-217,451,1,1,0,49574,8393,38584,30.03
249700,2248,-1.478,0.5605,-0.828,-584.61,-600,-15.39,-642638,0,1.9446,19.938,-499.3,-3495,1.24,0.27,12,-500,-273,451,1,1,0,49089,11131,38618,30.14
249810,2249,-1.385,0.6945,-0.962,-582.68,-600,-17.32,-641437,0,1.9459,19.975,-499.7,-3498,1.26,0.28,12,-500,-295,451,1,1,0,49112,13793,38644,30.25
249920,2250,-6.215,0.3745,-2.328,-581.62,-600,-18.38,-640983,0,1.9469,20.003,-499.7,-3498,1.26,0.28,12,-500,-286,451,1,1,0,47913,7438,38664,30.36
250030,2251,-7.573,0.7448,-5.64,-582.05,-600,-17.95,-641680,0,1.9481,20.036,-500.1,-3501,1.25,0.27,12,-500,-240,451,1,1,0,47576,14791,38687,30.47
250140,2252,-7.045,0.7086,-4.993,-583.45,-600,-16.55,-642869,0,1.9508,20.114,-499.1,-3494,1.24,0.27,12,-500,-200,451,1,1,0,47707,14073,38742,30.58
250250,2253,-3.045,0.6495,-1.978,-585.74,-600,-14.26,-644603,0,1.9535,20.188,-499.7,-3498,1.24,0.27,12,-500,-200,451,1,1,0,48700,12898,38794,30.69
250360,2254,-7.118,0.6889,-4.903,-586.64,-600,-13.36,-644803,0,1.9538,20.198,-499.7,-3498,1.25,0.27,12,-500,-200,451,1,1,0,47689,13680,38801,30.8
250470,2255,-1.518,0.1625,-0.247,-586.16,-600,-13.84,-644105,0,1.9551,20.235,-500.6,-3504,1.23,0.27,12,-500,-207,451,1,1,0,49079,3228,38827,30.91
250580,2256,-1.45,0.1539,-0.223,-584.54,-600,-15.46,-642730,0,1.943,19.892,-499.9,-3499,1.21,0.27,12,-500,-261,451,1,1,0,49096,3057,38586,31.02
250690,2257,-7.617,0.6538,-4.98,-582,-600,-18,-640822,0,1.9355,19.681,-500.3,-3502,1.2,0.26,12,-500,-321,451,1,1,0,47565,12983,38437,31.13
250800,2258,-6.203,0.6597,-4.092,-580.34,-600,-19.66,-639988,0,1.9331,19.614,-500.6,-3504,1.19,0.26,12,-500,-320,451,1,1,0,47916,13101,38390,31.24
250910,2259,-1.949,0.7272,-1.418,-579.42,-600,-20.58,-639592,0,1.9331,19.613,-500.9,-3506,1.16,0.26,12,-500,-313,451,1,1,0,48972,14442,38389,31.35
251020,2260,-6.767,0.6639,-4.493,-579.84,-600,-20.16,-640244,0,1.9355,19.681,-501,-3507,1.16,0.25,12,-500,-271,451,1,1,0,47776,13185,38437,31.46
251130,2261,-3.202,0.1562,-0.5,-581.5,-600,-18.5,-641668,0,1.9368,19.718,-501,-3507,1.16,0.25,12,-500,-214,451,1,1,0,48661,3102,38463,31.57
251240,2262,-7.589,0.7004,-5.316,-581.64,-600,-18.36,-641338,0,1.9368,19.719,-500.7,-3505,1.17,0.26,12,-500,-253,451,1,1,0,47572,13910,38464,31.68
251350,2263,-7.194,0.7219,-5.194,-580.78,-600,-19.22,-640495,0,1.9382,19.756,-501,-3507,1.17,0.26,12,-500,-293,451,1,1,0,47670,14337,38490,31.79
251460,2264,-6.779,0.6633,-4.497,-579.12,-600,-20.88,-639190,0,1.9405,19.823,-500.6,-3504,1.15,0.25,12,-500,-338,451,1,1,0,47773,13173,38537,31.9
251570,2265,-6.642,0.5674,-3.769,-576.74,-600,-23.26,-637435,0,1.9412,19.843,-500.1,-3501,1.16,0.25,12,-500,-391,451,1,1,0,47807,11268,38551,32.01
251680,2266,-6.671,0.607,-4.049,-573.45,-600,-26.55,-635042,0,1.949,20.063,-500.3,-3502,1.16,0.25,12,-500,-461,451,1,1,0,47800,12054,38706,32.12
251790,2267,-1.244,0.126,-0.157,-572.92,-600,-27.08,-635467,0,1.9349,19.665,-499.9,-3499,1.17,0.26,12,-500,-394,451,1,1,0,49147,2503,38426,32.23
251900,2268,-2.207,0.5315,-1.173,-573.89,-600,-26.11,-636513,0,1.9266,19.429,-500.1,-3501,1.19,0.26,12,-500,-339,451,1,1,0,48908,10556,38260,32.34
252010,2269,-8.048,0.6476,-5.212,-576.31,-600,-23.69,-638500,0,1.9229,19.326,-500,-3500,1.18,0.26,12,-500,-266,451,1,1,0,47458,12861,38187,32.45
252120,2270,-0.306,0.1158,-0.035,-579.68,-600,-20.32,-640955,0,1.9213,19.282,-499.7,-3498,1.18,0.26,12,-500,-200,451,1,1,0,49380,2299,38156,32.56
252230,2271,-6.421,0.1387,-0.89,-579.74,-600,-20.26,-640071,0,1.9231,19.331,-499.7,-3498,1.21,0.26,12,-500,-282,451,1,1,0,47862,2754,38191,32.67
252340,2272,-6.405,0.6241,-3.997,-578.08,-600,-21.92,-638517,0,1.925,19.384,-499.4,-3496,1.22,0.27,12,-500,-352,451,1,1,0,47866,12395,38228,32.78
252450,2273,-6.28,0.6143,-3.858,-576.18,-600,-23.82,-637210,0,1.9253,19.394,-499.9,-3499,1.22,0.27,12,-500,-385,451,1,1,0,47897,12200,38235,32.89
252560,2274,-1.579,0.1746,-0.276,-572.74,-600,-27.26,-634539,0,1.9264,19.424,-500.1,-3501,1.21,0.26,12,-500,-475,451,1,1,0,49064,3468,38256,33
252670,2275,-2.727,0.293,-0.799,-570.76,-600,-29.24,-633652,0,1.9288,19.493,-500.1,-3501,1.18,0.26,12,-500,-463,451,1,1,0,48779,5819,38305,33.11
252780,2276,-6.195,0.4648,-2.879,-570.58,-600,-29.42,-634035,0,1.9311,19.556,-500.6,-3504,1.17,0.26,12,-500,-417,451,1,1,0,47918,9230,38349,33.22
252890,2277,-4.56,0.4395,-2.004,-571.81,-600,-28.19,-635237,0,1.9381,19.755,-499.9,-3499,1.16,0.25,12,-500,-361,451,1,1,0,48324,8728,38489,33.33
253000,2278,-1.228,0.1177,-0.145,-573.39,-600,-26.61,-636365,0,1.9256,19.401,-500.4,-3503,1.16,0.25,12,-500,-329,451,1,1,0,49151,2337,38240,33.44
253110,2279,-6.606,0.6373,-4.21,-575.28,-600,-24.72,-637682,0,1.916,19.133,-500.3,-3502,1.15,0.25,12,-500,-294,451,1,1,0,47816,12657,38051,33.55
253220,2280,-5.603,0.4194,-2.35,-575.1,-600,-24.9,-636986,0,1.9111,18.993,-500.3,-3502,1.14,0.25,12,-500,-353,451,1,1,0,48065,8329,37953,33.66
253330,2281,-5.829,0.6927,-4.038,-573.15,-600,-26.85,-635220,0,1.9092,18.938,-500,-3500,1.16,0.26,12,-500,-429,451,1,1,0,48009,13757,37914,33.77
253440,2282,-8.785,0.6413,-5.634,-570.81,-600,-29.19,-633586,0,1.9111,18.992,-499.9,-3499,1.16,0.25,12,-500,-472,451,1,1,0,47275,12736,37952,33.88
253550,2283,-6.924,0.6697,-4.637,-567.95,-600,-32.05,-631577,0,1.9123,19.026,-499.9,-3499,1.19,0.26,12,-500,-527,451,1,1,0,47737,13300,37976,33.99
253660,2284,-1.587,0.152,-0.241,-567.78,-600,-32.22,-632213,0,1.9127,19.039,-500.1,-3501,1.18,0.26,12,-500,-456,451,1,1,0,49062,3019,37985,34.1
253770,2285,-7.706,0.7422,-5.72,-570,-600,-30,-634333,0,1.9132,19.052,-499.9,-3499,1.18,0.26,12,-500,-359,451,1,1,0,47543,14740,37994,34.21
253880,2286,-2.731,0.6229,-1.701,-573.86,-600,-26.14,-637306,0,1.9156,19.12,-499.6,-3497,1.18,0.26,12,-500,-261,451,1,1,0,48778,12371,38042,34.32
253990,2287,-2.264,0.4043,-0.915,-575.02,-600,-24.98,-637306,0,1.9192,19.222,-500,-3500,1.18,0.26,12,-500,-318,451,1,1,0,48894,8030,38114,34.43
254100,2288,-7.323,0.6355,-4.654,-581.36,-600,-18.64,-642884,0,1.922,19.3,-500.3,-3502,1.18,0.26,12,-500,-200,451,1,1,0,47638,12621,38169,34.54
254210,2289,-1.486,0.1286,-0.191,-583.16,-600,-16.84,-642791,0,1.916,19.133,-499.7,-3498,1.2,0.26,12,-500,-200,451,1,1,0,49087,2553,38051,34.65
254320,2290,-6.34,0.5254,-3.331,-583.58,-600,-16.42,-642678,0,1.9054,18.833,-499.4,-3496,1.19,0.26,12,-500,-218,451,1,1,0,47882,10434,37840,34.76
254430,2291,-1.551,0.139,-0.216,-582.65,-600,-17.35,-641689,0,1.8989,18.65,-499.3,-3495,1.22,0.27,12,-500,-269,451,1,1,0,49071,2761,37711,34.87
254540,2292,-1.482,0.1744,-0.258,-579.32,-600,-20.68,-638853,0,1.8962,18.573,-499.6,-3497,1.22,0.27,12,-500,-380,451,1,1,0,49088,3463,37657,34.98
254650,2293,-6.787,0.5257,-3.568,-576.7,-600,-23.3,-637345,0,1.8989,18.65,-498.7,-3491,1.23,0.27,12,-500,-398,451,1,1,0,47771,10439,37711,35.09
254760,2294,-4.656,0.2184,-1.017,-575.61,-600,-24.39,-637063,0,1.9004,18.691,-499.1,-3494,1.24,0.27,12,-500,-371,451,1,1,0,48300,4338,37740,35.2
254870,2295,-4.729,0.1573,-0.744,-577.07,-600,-22.93,-638723,0,1.9011,18.712,-498.9,-3492,1.27,0.28,12,-500,-281,451,1,1,0,48282,3124,37755,35.31
254980,2296,-1.498,0.1185,-0.178,-582.1,-600,-17.9,-642997,0,1.9014,18.721,-499.6,-3497,1.26,0.28,12,-500,-200,451,1,1,0,49084,2354,37761,35.42
255090,2297,-2.59,0.3101,-0.803,-585.25,-600,-14.75,-644528,0,1.9036,18.782,-498.7,-3491,1.25,0.28,12,-500,-200,451,1,1,0,48813,6159,37804,35.53
255201,2298,-0.39,0.0323,-0.013,-586.9,-600,-14.75,-645188,0,1.9075,18.891,-499,-3493,1.26,0.28,12,-500,0,451,0,1,0,49359,641,37881,35.641
255310,2299,-5.466,0.5541,-3.029,-587.02,-600,-14.75,-644830,0,1.9085,18.92,-499.1,-3494,1.28,0.28,12,-500,0,451,0,1,0,48099,11003,37901,35.75
255420,2300,-0.978,0.0794,-0.078,-585.94,-600,-14.75,-643800,0,1.9045,18.806,-499.7,-3498,1.27,0.28,12,-500,0,451,0,1,0,49213,1577,37821,35.86
255530,2301,-1.446,0.1572,-0.227,-582.17,-600,-14.75,-640584,0,1.8941,18.515,-499.4,-3496,1.25,0.27,12,-500,0,451,0,1,0,49097,3121,37616,35.97
255640,2302,-1.506,0.1511,-0.228,-578.76,-600,-14.75,-638468,0,1.8876,18.33,-499.3,-3495,1.26,0.28,12,-500,0,451,0,1,0,49082,3001,37486,36.08
255750,2303,-0.588,0.1466,-0.086,-575.24,-600,-14.75,-636140,0,1.8843,18.238,-499.1,-3494,1.29,0.28,12,-500,0,451,0,1,0,49310,2912,37421,36.19
255860,2304,-0.648,0.036,-0.023,-572.1,-600,-14.75,-634203,0,1.8846,18.247,-498.7,-3491,1.32,0.29,12,-500,0,451,0,1,0,49295,715,37427,36.3
255970,2305,-1.442,0.1298,-0.187,-566.72,-600,-14.75,-630074,0,1.8854,18.268,-498.4,-3489,1.36,0.3,12,-500,0,451,0,1,0,49098,2578,37442,36.41
256080,2306,-1.434,0.1357,-0.194,-562.48,-600,-14.75,-627624,0,1.887,18.315,-498.6,-3490,1.38,0.3,12,-500,0,451,0,1,0,49100,2694,37475,36.52
256190,2307,-1.466,0.1413,-0.207,-558.75,-600,-14.75,-625340,0,1.8864,18.296,-498.4,-3489,1.39,0.31,12,-500,0,451,0,1,0,49092,2806,37462,36.63
256300,2308,-4.064,0.4864,-1.977,-555.45,-600,-14.75,-623313,0,1.8889,18.366,-496.4,-3475,1.47,0.33,12,-500,0,451,0,1,0,48447,9659,37511,36.74
256410,2309,-1.551,0.1433,-0.222,-549.42,-600,-14.75,-618616,0,1.8919,18.451,-497.9,-3485,1.48,0.33,12,-500,0,451,0,1,0,49071,2846,37571,36.85
256520,2310,-1.555,0.1495,-0.232,-545.19,-600,-14.75,-616364,0,1.8925,18.468,-498,-3486,1.47,0.33,12,-500,0,451,0,1,0,49070,2968,37583,36.96
256630,2311,-0.112,0.011,-0.001,-541.51,-600,-14.75,-614122,0,1.8863,18.293,-497.4,-3482,1.51,0.34,12,-500,0,451,0,1,0,49428,219,37460,37.07
256740,2312,-1.627,0.1503,-0.245,-537.55,-600,-14.75,-611458,0,1.876,18.004,-498.1,-3487,1.48,0.33,12,-500,0,451,0,1,0,49052,2985,37256,37.18
256850,2313,-1.273,0.1356,-0.173,-533.29,-600,-14.75,-608604,0,1.8693,17.813,-498.1,-3487,1.5,0.34,12,-500,0,451,0,1,0,49140,2693,37122,37.29
256960,2314,-0.612,0.0632,-0.039,-526.37,-600,-14.75,-603348,0,1.8661,17.725,-498.3,-3488,1.54,0.34,12,-500,0,451,0,1,0,49304,1256,37060,37.4
257070,2315,-1.019,0.1114,-0.113,-520.86,-600,-14.75,-600157,0,1.8674,17.759,-497.4,-3482,1.57,0.35,12,-500,0,451,0,1,0,49203,2212,37084,37.51
257180,2316,-1.551,0.184,-0.285,-515.72,-600,-14.75,-596910,0,1.8667,17.741,-497.9,-3485,1.58,0.36,12,-500,0,451,0,1,0,49071,3655,37071,37.62
257290,2317,-0.805,0.0787,-0.063,-510.54,-600,-14.75,-593518,0,1.8654,17.705,-498.4,-3489,1.58,0.35,12,-500,0,451,0,1,0,49256,1563,37046,37.73
257400,2318,-1.567,0.1417,-0.222,-499.78,-600,-14.75,-584953,0,1.8619,17.606,-496.7,-3477,1.66,0.37,12,-500,0,451,0,1,0,49067,2814,36976,37.84
257510,2319,-1.353,0.1424,-0.193,-490.88,-600,-14.75,-579675,0,1.861,17.581,-495.6,-3469,1.78,0.4,12,-500,0,451,0,1,0,49120,2827,36958,37.95
257620,2320,-1.502,0.1361,-0.204,-481.25,-600,-14.75,-573199,0,1.859,17.525,-495.6,-3469,1.83,0.42,12,-500,0,451,0,1,0,49083,2703,36919,38.06
257730,2321,-1.349,0.1238,-0.167,-470.05,-600,-14.75,-565460,0,1.8531,17.356,-494,-3458,1.9,0.43,12,-500,0,451,0,1,0,49121,2459,36800,38.17
257840,2322,-0.052,0.0046,0,-447.31,-600,-14.75,-547419,0,1.8365,16.89,-493.6,-3455,2.01,0.46,12,-500,0,451,0,1,0,49443,92,36472,38.28
257950,2323,-1.136,0.1063,-0.121,-427.62,-600,-14.75,-535446,0,1.8135,16.24,-494.6,-3462,2.01,0.46,12,-500,0,451,0,1,0,49174,2111,36014,38.39
258060,2324,-0.813,0.0919,-0.075,-403.99,-600,-14.75,-518945,0,1.795,15.719,-497.1,-3480,1.92,0.44,12,-500,0,451,0,1,0,49254,1825,35647,38.5
258170,2325,-0.942,0.1023,-0.096,-373.19,-600,-14.75,-496881,0,1.7847,15.429,-499.1,-3494,1.79,0.41,12,-500,0,451,0,1,0,49222,2031,35443,38.61
258280,2326,-1.393,0.1245,-0.174,-338.92,-600,-14.75,-473578,0,1.7846,15.425,-501.1,-3508,1.67,0.38,12,-500,0,451,0,1,0,49110,2473,35440,38.72
258390,2327,-0.737,0.1145,-0.084,-295.81,-600,-14.75,-443025,0,1.7849,15.433,-502.7,-3519,1.52,0.34,12,-500,0,451,0,1,0,49273,2274,35446,38.83
258500,2328,-1.128,0.0949,-0.107,-278.47,-600,-14.75,-438917,0,1.7844,15.419,-503.3,-3523,1.48,0.33,12,-500,0,451,0,1,0,49176,1885,35436,38.94
258610,2329,-1.933,0.1508,-0.291,-270.6,-600,-14.75,-436440,0,1.7846,15.426,-505.1,-3536,0.56,0.12,12,-500,0,451,0,1,0,48976,2994,35441,39.05
258720,2330,-1.115,0.1192,-0.133,-265.97,-600,-14.75,-434322,0,1.7873,15.502,-478.1,-3347,0.06,0.09,12,-500,1000,451,2,1,0,49179,2367,35494,39.16
258830,2331,-0.08,0.0066,-0.001,-258.65,-600,-14.75,-428802,0,1.7865,15.479,-471.1,-3298,0,0,12,-500,1000,451,2,1,0,49436,132,35478,39.27
258940,2332,-0.946,0.0999,-0.094,-248.93,-600,-14.75,-421797,0,1.7715,15.057,-457,-3199,0,0,12,-500,1000,451,2,1,0,49221,1983,35181,39.38
259050,2333,-0.451,0.028,-0.013,-229.09,-600,-14.75,-406049,0,1.7629,14.813,-441.6,-3091,0,0,12,-500,1000,451,2,1,0,49344,556,35009,39.49
259160,2334,-1.305,0.1332,-0.174,-201.72,-600,-14.75,-386110,0,1.7503,14.459,-427.3,-2991,0,0,12,-500,1000,451,2,1,0,49132,2646,34760,39.6
259270,2335,-1.615,0.1785,-0.288,-171.42,-600,-14.75,-365549,0,1.735,14.028,-444.3,-3110,4.57,1.06,12,-500,1000,451,2,1,0,49055,3545,34456,39.71
259380,2336,-0.1,0.0002,0,-91.76,-600,-14.75,-299867,0,1.7523,14.516,-477.9,-3345,2.67,0.63,12,-500,1000,451,2,1,0,49431,4,34800,39.82
259490,2337,0.033,0.0002,0,-44.13,-600,-14.75,-277776,0,1.7576,14.665,-494,-3458,1.4,0.32,12,-500,1000,451,2,1,0,49464,4,34905,39.93
259600,2338,0.033,0.0003,0,-20.72,-600,-14.75,-269289,0,1.7645,14.858,-499.4,-3496,0.91,0.2,12,-500,1000,451,2,1,0,49464,6,35041,40.04
259710,2339,0.037,0.0023,0,-10.23,-600,-14.75,-266054,0,1.7728,15.094,-500.6,-3504,0.81,0.17,12,-500,1000,451,2,1,0,49465,46,35207,40.15
259820,2340,0.033,0.0006,0,-2.53,-600,-14.75,-261819,0,1.7815,15.338,-500.6,-3504,0.78,0.17,12,-500,1000,451,2,1,0,49464,12,35379,40.26
259930,2341,-0.048,0.0031,0,1.36,-600,-14.75,-260347,0,1.7886,15.537,-500,-3500,0.86,0.18,12,-500,1000,451,2,1,0,49444,62,35519,40.37
260040,2342,-0.02,0.0016,0,4.2,-600,-14.75,-258789,0,1.7987,15.824,-499.6,-3497,0.83,0.18,12,-500,1000,451,2,1,0,49451,32,35721,40.48
260150,2343,-0.036,0.0002,0,6.42,-600,-14.75,-257523,0,1.8079,16.084,-499.9,-3499,0.86,0.18,12,-500,1000,451,2,1,0,49447,4,35904,40.59
260260,2344,0.012,0.0031,0,8.89,-600,-14.75,-255842,0,1.8185,16.381,-500.3,-3502,0.86,0.18,12,-500,1000,451,2,1,0,49459,62,36113,40.7
260370,2345,-0.044,0.0019,0,9.35,-600,-14.75,-256104,0,1.8308,16.73,-500,-3500,0.86,0.18,12,-500,1000,451,2,1,0,49445,37,36359,40.81
260480,2346,0.097,0.0002,0,9.13,-600,-14.75,-256430,0,1.8413,17.024,-499.7,-3498,0.86,0.18,12,-500,1000,451,2,1,0,49480,4,36566,40.92
260590,2347,0.012,0.0019,0,7.83,-600,-14.75,-257582,0,1.8509,17.295,-500.4,-3503,0.85,0.18,12,-500,1000,451,2,1,0,49459,37,36757,41.03
260700,2348,0.008,0.0018,0,7.72,-600,-14.75,-257325,0,1.8562,17.446,-500.3,-3502,0.85,0.18,12,-500,1000,451,2,1,0,49458,35,36863,41.14
260810,2349,0.061,0.0019,0,10.71,-600,-14.75,-254511,0,1.8698,17.828,-500.1,-3501,0.86,0.18,12,-500,1000,451,2,1,0,49471,37,37132,41.25
260921,2350,-0.02,0.0078,0,12.9,-600,-14.75,-253303,0,1.8795,18.102,-499.7,-3498,0.86,0.18,12,-500,0,451,0,1,0,49451,155,37325,41.361
261030,2351,0.012,0.0003,0,13.11,-600,-14.75,-253726,0,1.8845,18.242,-499.7,-3498,0.88,0.18,12,-500,0,451,0,1,0,49459,5,37424,41.47
261140,2352,-0.032,0.0048,0,11.69,-600,-14.75,-255103,0,1.8836,18.217,-499.6,-3497,0.89,0.18,12,-500,0,451,0,1,0,49448,95,37406,41.58
261250,2353,0.093,0.0004,0,6.19,-600,-14.75,-259828,0,1.8836,18.217,-499.7,-3498,0.88,0.18,12,-500,0,451,0,1,0,49479,7,37406,41.69
261360,2354,0.045,0.0004,0,4.8,-600,-14.75,-259577,0,1.8834,18.212,-499.9,-3499,0.88,0.18,12,-500,0,451,0,1,0,49467,7,37403,41.8
261470,2355,-0.032,0.0014,0,4.54,-600,-14.75,-259438,0,1.8834,18.212,-500,-3500,0.88,0.18,12,-500,0,451,0,1,0,49448,27,37403,41.91
261580,2356,-0.12,0.0019,0,4.45,-600,-14.75,-259447,0,1.8828,18.194,-500.3,-3502,0.88,0.18,12,-500,0,451,0,1,0,49426,38,37390,42.02
261690,2357,-0.036,0.0002,0,4.41,-600,-14.75,-259463,0,1.8837,18.22,-500.1,-3501,0.87,0.18,12,-500,0,451,0,1,0,49447,4,37408,42.13
261800,2358,0.008,0.0005,0,4.23,-600,-14.75,-259611,0,1.8834,18.212,-499.9,-3499,0.85,0.18,12,-500,0,451,0,1,0,49458,9,37403,42.24
261910,2359,0.045,0.0002,0,4.08,-600,-14.75,-259704,0,1.8834,18.211,-499.7,-3498,0.86,0.18,12,-500,0,451,0,1,0,49467,4,37402,42.35
262020,2360,-0.044,0.0022,0,4,-600,-14.75,-259742,0,1.8836,18.218,-500.1,-3501,0.87,0.18,12,-500,0,451,0,1,0,49445,44,37407,42.46
262130,2361,0.073,0.0035,0,3.99,-600,-14.75,-259726,0,1.8833,18.21,-499.7,-3498,0.86,0.18,12,-500,0,451,0,1,0,49474,70,37401,42.57
262240,2362,-0.032,0.0089,0,4.04,-600,-14.75,-259679,0,1.8834,18.212,-499.7,-3498,0.86,0.18,12,-500,0,451,0,1,0,49448,176,37403,42.68
262350,2363,0.085,0.0005,0,3.93,-600,-14.75,-259795,0,1.8833,18.21,-500,-3500,0.86,0.18,12,-500,0,451,0,1,0,49477,9,37401,42.79
262460,2364,0.008,0.0002,0,3.8,-600,-14.75,-259883,0,1.8835,18.215,-500,-3500,0.85,0.18,12,-500,0,451,0,1,0,49458,4,37405,42.9
262570,2365,0.041,0.0017,0,3.71,-600,-14.75,-259926,0,1.8832,18.207,-500,-3500,0.86,0.18,12,-500,0,451,0,1,0,49466,34,37399,43.01
262680,2366,0.008,0.0006,0,3.67,-600,-14.75,-259940,0,1.8841,18.231,-500.1,-3501,0.86,0.18,12,-500,0,451,0,1,0,49458,12,37416,43.12
262790,2367,0.049,0.0022,0,3.62,-600,-14.75,-259977,0,1.8835,18.215,-500,-3500,0.87,0.18,12,-500,0,451,0,1,0,49468,44,37405,43.23
262900,2368,0.085,0.0022,0,3.56,-600,-14.75,-260018,0,1.8839,18.225,-500.3,-3502,0.88,0.18,12,-500,0,451,0,1,0,49477,43,37412,43.34
263010,2369,0.025,0.0002,0,3.56,-600,-14.75,-259999,0,1.8833,18.208,-500,-3500,0.87,0.18,12,-500,0,451,0,1,0,49462,4,37400,43.45
263120,2370,0.012,0.0003,0,3.5,-600,-14.75,-260062,0,1.8834,18.211,-499.7,-3498,0.87,0.18,12,-500,0,451,0,1,0,49459,5,37402,43.56
263230,2371,-0.044,0.0025,0,3.41,-600,-14.75,-260128,0,1.8833,18.208,-499.9,-3499,0.86,0.18,12,-500,0,451,0,1,0,49445,50,37400,43.67
263340,2372,-0.028,0.0029,0,3.15,-600,-14.75,-260345,0,1.8844,18.241,-499.6,-3497,0.86,0.18,12,-500,0,451,0,1,0,49449,58,37423,43.78
263450,2373,-0.06,0.0041,0,2.73,-600,-14.75,-260657,0,1.8832,18.205,-499.7,-3498,0.82,0.18,12,-500,0,451,0,1,0,49441,82,37398,43.89
263560,2374,-0.032,0.0002,0,2.75,-600,-14.75,-260525,0,1.8834,18.211,-497.7,-3484,0.85,0.2,12,-500,0,451,0,1,0,49448,4,37402,44
263670,2375,-0.004,0.0007,0,3.13,-600,-14.75,-260179,0,1.8832,18.205,-498.3,-3488,0.85,0.18,12,-500,0,451,0,1,0,49455,13,37398,44.11
263780,2376,0.049,0.0012,0,3.25,-600,-14.75,-260169,0,1.8833,18.208,-500.6,-3504,0.83,0.18,12,-500,0,451,0,1,0,49468,23,37400,44.22
263890,2377,-0.076,0.0004,0,3.31,-600,-14.75,-260148,0,1.8833,18.21,-498.7,-3491,0.94,0.22,12,-500,0,451,0,1,0,49437,8,37401,44.33
264000,2378,-0.016,0.0031,0,3.33,-600,-14.75,-260147,0,1.8833,18.208,-499.6,-3497,0.89,0.2,12,-500,0,451,0,1,0,49452,62,37400,44.44
264110,2379,-0.068,0.0021,0,3.27,-600,-14.75,-260204,0,1.8838,18.224,-499.3,-3495,0.67,0.18,12,-500,0,451,0,1,0,49439,42,37411,44.55
264220,2380,-0.048,0.0027,0,3.28,-600,-14.75,-260186,0,1.8841,18.232,-498.1,-3487,1.09,0.21,12,-500,0,451,0,1,0,49444,54,37417,44.66
264330,2381,-0.032,0.001,0,3.27,-600,-14.75,-260194,0,1.8832,18.207,-499.9,-3499,0.94,0.2,12,-500,0,451,0,1,0,49448,20,37399,44.77
264440,2382,0.021,0.0002,0,3.19,-600,-14.75,-260266,0,1.8833,18.21,-499.9,-3499,0.95,0.2,12,-500,0,451,0,1,0,49461,4,37401,44.88
264550,2383,0,0.0025,0,3.15,-600,-14.75,-260280,0,1.884,18.229,-497.3,-3481,0.6,0.15,12,-500,0,451,0,1,0,49456,50,37415,44.99
264660,2384,-0.072,0.0002,0,3.13,-600,-14.75,-260287,0,1.8835,18.214,-497.3,-3481,1.19,0.25,12,-500,0,451,0,1,0,49438,4,37404,45.1
264770,2385,0.012,0.0002,0,3.12,-600,-14.75,-260293,0,1.8835,18.214,-499.4,-3496,1.03,0.21,12,-500,0,451,0,1,0,49459,4,37404,45.21
264880,2386,0.041,0.0002,0,3.12,-600,-14.75,-260293,0,1.883,18.2,-500.3,-3502,0.82,0.18,12,-500,0,451,0,1,0,49466,4,37394,45.32
264990,2387,-0.004,0.0003,0,3.1,-600,-14.75,-260311,0,1.8835,18.214,-500.7,-3505,0.84,0.18,12,-500,0,451,0,1,0,49455,6,37404,45.43
265100,2388,-0.056,0.0042,0,3.06,-600,-14.75,-260335,0,1.8834,18.211,-495.4,-3468,0.68,0.19,12,-500,0,451,0,1,0,49442,83,37402,45.54
265210,2389,-0.028,0.0002,0,3.01,-600,-14.75,-260373,0,1.8835,18.214,-494.4,-3461,0.85,0.23,12,-500,0,451,0,1,0,49449,4,37404,45.65
265320,2390,-0.06,0.0002,0,2.96,-600,-14.75,-260411,0,1.8832,18.207,-496.9,-3478,0.53,0.12,12,-500,0,451,0,1,0,49441,4,37399,45.76
265430,2391,0.029,0.0002,0,2.96,-600,-14.75,-260395,0,1.8837,18.22,-325.6,-2279,0.25,0.18,12,-500,0,451,0,1,0,49463,4,37408,45.87
265540,2392,0.025,0.002,0,2.77,-600,-14.75,-260573,0,1.8837,18.22,-448.4,-3139,0,0,12,-500,0,451,0,1,0,49462,40,37408,45.98
265650,2393,-0.028,0.0023,0,2.64,-600,-14.75,-260639,0,1.8843,18.237,-462.6,-3238,0,0,12,-500,0,451,0,1,0,49449,46,37420,46.09
265760,2394,-0.02,0.0002,0,2.59,-600,-14.75,-260644,0,1.8842,18.234,-456.9,-3198,0,0,12,-500,0,451,0,1,0,49451,4,37418,46.2
265870,2395,0,0.0018,0,2.47,-600,-14.75,-260745,0,1.8841,18.232,-447.3,-3131,0,0,12,-500,0,451,0,1,0,49456,35,37417,46.31
265980,2396,0.025,0.0006,0,2.36,-600,-14.75,-260812,0,1.8845,18.242,-437.6,-3063,0.22,0.46,12,-500,0,451,0,1,0,49462,12,37424,46.42
266090,2397,-0.04,0.0021,0,2.33,-600,-14.75,-260815,0,1.8837,18.221,-425.4,-2978,0.36,0.6,12,-500,0,451,0,1,0,49446,42,37409,46.53
266200,2398,0.029,0.0007,0,2.25,-600,-14.75,-260874,0,1.8841,18.231,-426.1,-2983,0,0,12,-500,0,451,0,1,0,49463,13,37416,46.64
266310,2399,-0.004,0.0017,0,2.08,-600,-14.75,-261014,0,1.8842,18.235,-417.4,-2922,0,0,12,-500,0,451,0,1,0,49455,33,37419,46.75
266420,2400,0.037,0.0003,0,1.92,-600,-14.75,-261117,0,1.8846,18.245,-405.9,-2841,0,0,12,-500,0,451,0,1,0,49465,6,37426,46.86
266530,2401,0.004,0.0002,0,2,-600,-14.75,-260997,0,1.8842,18.235,-394,-2758,0,0,12,-500,0,451,0,1,0,49457,4,37419,46.97
266640,2402,-0.044,0.0006,0,1.99,-600,-14.75,-261030,0,1.884,18.229,-382,-2674,0,0,12,-500,0,451,0,1,0,49445,11,37415,47.08
266750,2403,-0.096,0.0002,0,2,-600,-14.75,-261015,0,1.7726,15.087,-370.9,-2596,0.08,0.24,12,-500,0,451,0,1,0,49432,4,35202,47.19
266860,2404,-0.004,0.0003,0,2.98,-600,-14.75,-260105,0,2.577,37.772,-367.3,-2571,0.34,0.68,12,-500,0,451,0,1,0,49455,5,51177,47.3
266970,2405,0.057,0.0011,0,-165.55,-600,-14.75,-417247,0,2.5767,37.762,-372.1,-2605,0.75,1.13,12,-500,0,451,0,1,0,49470,22,51170,47.41
267080,2406,-0.032,0.0004,0,-609.18,-600,-14.75,-783120,0,2.5769,37.769,-372.6,-2608,0.15,0.38,12,-500,0,451,0,1,0,49448,8,51175,47.52
267190,2407,-0.04,0.0002,0,-1038.9,-600,-14.75,-1059220,0,2.5772,37.776,-376.4,-2635,0.91,1.42,10,-500,0,451,0,1,0,49446,4,51180,47.63
267300,2408,0.017,0.0016,0,-1324.69,-600,-14.75,-1205246,0,2.5776,37.787,-374.7,-2623,0,0,12,-500,0,451,0,1,0,49460,32,51188,47.74
267410,2409,-0.056,0.0002,0,-1265.86,-600,-14.75,-1070678,0,1.8862,18.292,-367.3,-2571,0,0,12,-500,0,451,0,1,0,49442,4,37459,47.85
267520,2410,0.053,0.0008,0,-610.71,-600,-14.75,-477292,0,1.8889,18.367,-356.1,-2493,0,0,12,-500,0,451,0,1,0,49469,15,37512,47.96
267630,2411,0.004,0.0023,0,-214.21,-600,-14.75,-291173,0,1.889,18.37,-344.6,-2412,0,0,12,-500,0,451,0,1,0,49457,45,37514,48.07
267740,2412,-0.056,0.0002,0,-63.16,-600,-14.75,-261293,0,2.0803,23.763,-333.1,-2332,0,0,12,-500,0,451,0,1,0,49442,4,41312,48.18
267850,2413,-0.012,0.0016,0,-27.51,-600,-14.75,-270291,0,1.9881,21.165,-324.9,-2274,0.16,0.34,12,-500,0,451,0,1,0,49453,31,39482,48.29
267960,2414,0.008,0.0006,0,-277.64,-600,-14.75,-513070,0,2.1848,26.713,-316.3,-2214,-0.01,0,12,-500,0,451,0,1,0,49458,11,43389,48.4
268070,2415,-0.004,0.0012,0,-369.31,-600,-14.75,-528551,0,2.2973,29.883,-305.1,-2136,-0.01,-0.01,12,-500,0,451,0,1,0,49455,23,45622,48.51
268180,2416,0.008,0.0009,0,-635.41,-600,-14.75,-750636,0,2.2815,29.438,-294.9,-2064,-0.01,-0.02,12,-500,0,451,0,1,0,49458,18,45308,48.62
268290,2417,-0.008,0.0024,0,-926.48,-600,-14.75,-947261,0,2.299,29.933,-284.4,-1991,-0.02,-0.03,12,-500,0,451,0,1,0,49454,48,45657,48.73
268400,2418,-0.02,0.0009,0,-1056.41,-600,-14.75,-986914,0,2.312,30.298,-272,-1904,-0.01,-0.02,12,-500,0,451,0,1,0,49451,18,45914,48.84
268510,2419,0.029,0.0012,0,-1131.03,-600,-14.75,-1020097,0,2.34,31.089,-261.6,-1831,-0.01,-0.02,12,-500,0,451,0,1,0,49463,24,46471,48.95
268620,2420,-0.016,0.0002,0,-1186.62,-600,-14.75,-1051001,0,2.3247,30.657,-249.7,-1748,-0.01,-0.02,12,-500,0,451,0,1,0,49452,4,46167,49.06
268730,2421,0.008,0.0029,0,-1280.52,-600,-14.75,-1122877,0,2.3084,30.197,-237.6,-1663,-0.01,-0.02,12,-500,0,451,0,1,0,49458,58,45843,49.17
268840,2422,-0.072,0.0003,0,-1316.2,-600,-14.75,-1129866,0,2.3252,30.672,-228,-1596,-0.01,0,12,-500,0,451,0,1,0,49438,5,46177,49.28
268950,2423,0.081,0.0002,0,-1229.77,-600,-14.75,-1039459,0,2.3273,30.731,-215.6,-1509,-0.01,0,12,-500,0,451,0,1,0,49476,4,46219,49.39
269060,2424,-0.044,0.0003,0,-1230.83,-600,-14.75,-1064576,0,2.3262,30.7,-206.4,-1445,-0.02,-0.02,12,-500,0,451,0,1,0,49445,5,46197,49.5
269170,2425,0.029,0.0024,0,-1240.06,-600,-14.75,-1072877,0,2.2976,29.893,-193.4,-1354,0,0.03,12,-500,0,451,0,1,0,49463,47,45629,49.61
269280,2426,-0.008,0.002,0,-1237.8,-600,-14.75,-1068187,0,2.3168,30.433,-183.1,-1282,-0.02,-0.02,12,-500,0,451,0,1,0,49454,40,46009,49.72
269390,2427,0.053,0.0003,0,-1156.63,-600,-14.75,-993268,0,2.3192,30.501,-174,-1218,-0.02,-0.04,12,-500,0,451,0,1,0,49469,6,46057,49.83
269500,2428,0.045,0.0008,0,-1199.05,-600,-14.75,-1055423,0,2.2755,29.27,-162.6,-1138,-0.01,-0.02,12,-500,0,451,0,1,0,49467,16,45190,49.94
269610,2429,0.073,0.0021,0,-1179.27,-600,-14.75,-1025165,0,2.2924,29.744,-149.9,-1049,-0.02,-0.03,12,-500,0,451,0,1,0,49474,41,45524,50.05
269720,2430,0.017,0.0003,0,-1079.82,-600,-14.75,-938114,0,2.2502,28.556,-139.6,-977,-0.02,-0.04,12,-500,0,451,0,1,0,49460,6,44687,50.16
269830,2431,-0.084,0.0002,0,-1051.63,-600,-14.75,-939649,0,2.2789,29.365,-130.7,-915,-0.01,-0.01,12,-500,0,451,0,1,0,49435,4,45257,50.27
269940,2432,0.053,0.0021,0,-988.31,-600,-14.75,-888584,0,2.278,29.341,-117.7,-824,-0.01,-0.01,12,-500,0,451,0,1,0,49469,41,45240,50.38
270050,2433,-0.048,0.0012,0,-1009.5,-600,-14.75,-925986,0,2.2816,29.442,-104.7,-733,-0.01,-0.01,12,-500,0,451,0,1,0,49444,24,45311,50.49
270160,2434,-0.092,0.0025,0,-1033.31,-600,-14.75,-942239,0,2.2856,29.554,-93.6,-655,-0.01,-0.02,12,-500,0,451,0,1,0,49433,50,45390,50.6
270270,2435,0.049,0.0019,0,-1044.44,-600,-14.75,-945944,0,2.2903,29.686,-84.7,-593,-0.02,-0.03,12,-500,0,451,0,1,0,49468,38,45483,50.71
270380,2436,0.045,0.0002,0,-1076.9,-600,-14.75,-973050,0,2.2745,29.242,-71,-497,-0.02,-0.03,12,-500,0,451,0,1,0,49467,4,45170,50.82
270490,2437,-0.048,0.0002,0,-1069.77,-600,-14.75,-957352,0,2.2527,28.627,-51.9,-363,-0.01,-0.01,12,-500,0,451,0,1,0,49444,4,44737,50.93
270600,2438,-0.064,0.0002,0,-1032.17,-600,-14.75,-924347,0,2.2728,29.192,-35,-245,0,0,12,-500,0,451,0,1,0,49440,4,45135,51.04
270710,2439,0.021,0.0024,0,-991.75,-600,-14.75,-897217,0,2.2261,27.877,-8,-56,-0.01,-0.02,12,-500,0,451,0,1,0,49461,48,44209,51.15
270820,2440,0,0.0011,0,-959.06,-600,-14.75,-878078,0,2.2385,28.226,-0.1,-1,0,0,12,-500,0,451,0,1,0,49456,22,44455,51.26
270930,2441,-0.016,0.0003,0,-913.91,-600,-14.75,-845181,0,2.2499,28.547,0,0,-0.01,-0.01,12,-500,0,451,0,1,0,49452,5,44681,51.37
271040,2442,-0.012,0.0017,0,-907.82,-600,-14.75,-852123,0,2.2389,28.238,0,0,0,0,12,-500,0,451,0,1,0,49453,33,44463,51.48
271150,2443,-0.044,0.0002,0,-921.31,-600,-14.75,-866381,0,2.2425,28.34,0,0,0,0,12,-500,0,451,0,1,0,49445,4,44535,51.59
271260,2444,-0.004,0.0002,0,-921.76,-600,-14.75,-863033,0,2.2366,28.171,0,0,0,0,12,-500,0,451,0,1,0,49455,4,44416,51.7
271370,2445,-0.052,0.0006,0,-916.22,-600,-14.75,-857748,0,2.2256,27.863,0,0,0,0,12,-500,0,451,0,1,0,49443,12,44199,51.81
271480,2446,0.041,0.0002,0,-900.42,-600,-14.75,-844590,0,2.2241,27.819,0,0,0,0,12,-500,0,451,0,1,0,49466,4,44168,51.92
271590,2447,0.017,0.0002,0,-875.81,-600,-14.75,-826092,0,2.2302,27.991,0,0,0,0,12,-500,0,451,0,1,0,49460,4,44289,52.03
271700,2448,0.029,0.0017,0,-862.63,-600,-14.75,-820698,0,2.2231,27.79,0,0,0,0,12,-500,0,451,0,1,0,49463,34,44148,52.14
271810,2449,-0.084,0.0007,0,-863.52,-600,-14.75,-825207,0,2.2214,27.742,0,0,0,0,12,-500,0,451,0,1,0,49435,14,44114,52.25
271920,2450,0.037,0.0002,0,-858.17,-600,-14.75,-819975,0,2.2006,27.157,0,0,0,0,12,-500,0,451,0,1,0,49465,4,43702,52.36
272030,2451,-0.02,0.0002,0,-848.42,-600,-14.75,-812397,0,2.1107,24.621,0,0,0,0,12,-500,0,451,0,1,0,49451,4,41916,52.47
272140,2452,-0.028,0.0015,0,-810.8,-600,-14.75,-780101,0,2.0452,22.773,0,0,0,0,12,-500,0,451,0,1,0,49449,29,40615,52.58
272250,2453,-0.084,0.003,0,-561.43,-600,-14.75,-558490,0,2.0178,22.001,0,0,0,0,12,-500,0,451,0,1,0,49435,60,40071,52.69
272360,2454,0.029,0.0003,0,-411.65,-600,-14.75,-488717,0,2.0065,21.684,0,0,0,0,12,-500,0,451,0,1,0,49463,5,39848,52.8
272470,2455,0.045,0.0002,0,-327.3,-600,-14.75,-452020,0,2.0526,22.984,0,0,0,0,12,-500,0,451,0,1,0,49467,4,40763,52.91
272580,2456,-0.036,0.0008,0,-288.57,-600,-14.75,-439532,0,2.0047,21.632,0,0,0,0,12,-500,0,451,0,1,0,49447,15,39811,53.02
272690,2457,0.029,0.0002,0,-313.36,-600,-14.75,-473412,0,1.9821,20.996,0,0,0,0,12,-500,0,451,0,1,0,49463,4,39363,53.13
272800,2458,-0.036,0.0013,0,-265.34,-600,-14.75,-421797,0,1.9428,19.888,0,0,0,0,12,-500,0,451,0,1,0,49447,26,38583,53.24
272910,2459,-0.064,0.0002,0,-212.3,-600,-14.75,-385837,0,1.9409,19.834,0,0,0,0.01,12,-500,0,451,0,1,0,49440,4,38545,53.35
273020,2460,0.029,0.0005,0,-154.06,-600,-14.75,-346440,0,1.9372,19.729,0,0,0,0,12,-500,0,451,0,1,0,49463,10,38471,53.46
273130,2461,-0.072,0.0002,0,-115.53,-600,-14.75,-326834,0,1.9141,19.079,0,0,0,0,12,-500,0,451,0,1,0,49438,4,38013,53.57
273240,2462,-0.016,0.0002,0,-85.24,-600,-14.75,-309403,0,1.9112,18.996,0,0,0,0,12,-500,0,451,0,1,0,49452,4,37955,53.68
273350,2463,-0.052,0.0005,0,-57.21,-600,-14.75,-291774,0,1.9,18.68,0,0,0,0,12,-500,0,451,0,1,0,49443,9,37732,53.79
273460,2464,-0.096,0.0003,0,-38.56,-600,-14.75,-282234,0,1.9003,18.69,0,0,0,0,12,-500,0,451,0,1,0,49432,5,37739,53.9
273570,2465,-0.04,0.0002,0,-20.57,-600,-14.75,-270701,0,1.9006,18.697,0,0,0,0,12,-500,0,451,0,1,0,49446,4,37744,54.01
273680,2466,-0.052,0.0002,0,-12.1,-600,-14.75,-267844,0,1.9007,18.699,0,0,0,0,12,-500,0,451,0,1,0,49443,4,37746,54.12
273790,2467,-0.044,0.0002,0,-9.92,-600,-14.75,-268174,0,1.9004,18.691,0,0,0,0,12,-500,0,451,0,1,0,49445,4,37740,54.23
273900,2468,-0.128,0.0002,0,-9.51,-600,-14.75,-268405,0,1.8997,18.673,0,0,0,0,12,-500,0,451,0,1,0,49424,4,37727,54.34
274010,2469,0.004,0.0003,0,-9.56,-600,-14.75,-268566,0,1.9003,18.69,0,0,0,0,12,-500,0,451,0,1,0,49457,5,37739,54.45
274120,2470,0.012,0.0007,0,-9.78,-600,-14.75,-268755,0,1.8997,18.673,0,0,0,0,12,-500,0,451,0,1,0,49459,13,37727,54.56
274230,2471,-0.064,0.0004,0,-10.05,-600,-14.75,-268945,0,1.8998,18.675,0,0,0,0,12,-500,0,451,0,1,0,49440,8,37729,54.67
274340,2472,-0.044,0.0003,0,-10.26,-600,-14.75,-269064,0,1.9,18.681,0,0,0,0.01,12,-500,0,451,0,1,0,49445,6,37733,54.78
274450,2473,0.008,0.0005,0,-10.46,-600,-14.75,-269191,0,1.9005,18.694,0,0,0,0,12,-500,0,451,0,1,0,49458,9,37742,54.89
274560,2474,-0.112,0.0009,0,-10.57,-600,-14.75,-269237,0,1.8996,18.67,0,0,0,0,12,-500,0,451,0,1,0,49428,18,37725,55
274670,2475,-0.032,0.002,0,-10.7,-600,-14.75,-269335,0,1.9002,18.687,0,0,0,0,12,-500,0,451,0,1,0,49448,40,37737,55.11
274780,2476,0.008,0.0011,0,-10.74,-600,-14.75,-269328,0,1.8999,18.678,0,0,0,0,12,-500,0,451,0,1,0,49458,21,37731,55.22
274890,2477,0.037,0.0004,0,-10.75,-600,-14.75,-269334,0,1.9005,18.694,0,0,-0.01,-0.01,12,-500,0,451,0,1,0,49465,8,37742,55.33
275000,2478,0.008,0.0021,0,-10.82,-600,-14.75,-269388,0,1.9,18.681,0,0,-0.02,-0.02,12,-500,0,451,0,1,0,49458,42,37733,55.44
275110,2479,-0.024,0.0002,0,-10.96,-600,-14.75,-269506,0,1.9002,18.685,0,0,0,-0.01,12,-500,0,451,0,1,0,49450,4,37736,55.55
275220,2480,-0.048,0.0002,0,-11.1,-600,-14.75,-269594,0,1.9,18.68,0,0,-0.01,-0.02,12,-500,0,451,0,1,0,49444,4,37732,55.66
275330,2481,0.045,0.0015,0,-11.06,-600,-14.75,-269512,0,1.8994,18.663,0,0,0,-0.01,12,-500,0,451,0,1,0,49467,30,37720,55.77
275440,2482,0.049,0.0004,0,-10.98,-600,-14.75,-269453,0,1.9,18.68,0,0,-0.02,-0.03,12,-500,0,451,0,1,0,49468,8,37732,55.88
275550,2483,-0.048,0.0009,0,-11.04,-600,-14.75,-269535,0,1.8998,18.674,0,0,-0.01,-0.01,12,-500,0,451,0,1,0,49444,18,37728,55.99
275660,2484,0.057,0.0002,0,-11.16,-600,-14.75,-269622,0,1.9,18.68,0,0,0,0,12,-500,0,451,0,1,0,49470,4,37732,56.1
275770,2485,-0.052,0.0028,0,-11.21,-600,-14.75,-269638,0,1.8998,18.674,0,0,0,-0.01,12,-500,0,451,0,1,0,49443,55,37728,56.21
275880,2486,-0.072,0.0011,0,-11.22,-600,-14.75,-269638,0,1.8996,18.668,0,0,-0.01,-0.02,12,-500,0,451,0,1,0,49438,22,37724,56.32
275990,2487,-0.068,0.0017,0,-11.27,-600,-14.75,-269682,0,1.9,18.68,0,0,0,0,12,-500,0,451,0,1,0,49439,33,37732,56.43
276100,2488,-0.04,0.0009,0,-11.32,-600,-14.75,-269713,0,1.8988,18.647,0,0,0,0,12,-500,0,451,0,1,0,49446,18,37709,56.54
276210,2489,-0.032,0.0011,0,-11.29,-600,-14.75,-269672,0,1.8993,18.66,0,0,0,0,12,-500,0,451,0,1,0,49448,21,37718,56.65
276320,2490,0.049,0.0018,0,-11.27,-600,-14.75,-269663,0,1.8996,18.67,0,0,0,0.01,12,-500,0,451,0,1,0,49468,36,37725,56.76
276430,2491,-0.076,0.0019,0,-11.31,-600,-14.75,-269700,0,1.8994,18.664,0,0,0,0,12,-500,0,451,0,1,0,49437,38,37721,56.87
276540,2492,-0.064,0.0003,0,-11.3,-600,-14.75,-269685,0,1.8996,18.67,0,0,0,0,12,-500,0,451,0,1,0,49440,6,37725,56.98
276650,2493,-0.036,0.0027,0,-11.25,-600,-14.75,-269640,0,1.8989,18.65,0,0,0,0,12,-500,0,451,0,1,0,49447,54,37711,57.09
276760,2494,0.069,0.0003,0,-11.23,-600,-14.75,-269630,0,1.8992,18.658,0,0,0,0,12,-500,0,451,0,1,0,49473,5,37717,57.2
276870,2495,0.081,0.0005,0,-11.24,-600,-14.75,-269649,0,1.8995,18.667,0,0,0,0.01,12,-500,0,451,0,1,0,49476,9,37723,57.31
276980,2496,-0.028,0.0006,0,-11.25,-600,-14.75,-269651,0,1.8992,18.657,0,0,0,0,12,-500,0,451,0,1,0,49449,12,37716,57.42
277090,2497,-0.012,0.0002,0,-11.26,-600,-14.75,-269667,0,1.8996,18.67,0,0,-0.01,-0.02,12,-500,0,451,0,1,0,49453,4,37725,57.53
277200,2498,-0.04,0.0003,0,-11.19,-600,-14.75,-269595,0,1.8994,18.664,0,0,-0.01,-0.01,12,-500,0,451,0,1,0,49446,5,37721,57.64
277310,2499,-0.024,0.0002,0,-11.13,-600,-14.75,-269560,0,1.8988,18.647,0,0,0,0,12,-500,0,451,0,1,0,49450,4,37709,57.75
277420,2500,-0.08,0.0016,0,-11.18,-600,-14.75,-269615,0,1.8983,18.631,0,0,0,0.01,12,-500,0,451,0,1,0,49436,31,37698,57.86
277530,2501,0.017,0.0006,0,-11.22,-600,-14.75,-269646,0,1.8985,18.638,0,0,0,0,12,-500,0,451,0,1,0,49460,12,37703,57.97
277640,2502,0.004,0.0014,0,-11.24,-600,-14.75,-269649,0,1.8987,18.643,0,0,0,0,12,-500,0,451,0,1,0,49457,27,37706,58.08
277750,2503,-0.016,0.0002,0,-11.18,-600,-14.75,-269594,0,1.8997,18.673,0,0,0,0,12,-500,0,451,0,1,0,49452,4,37727,58.19
277860,2504,-0.056,0.0016,0,-11.11,-600,-14.75,-269540,0,1.8987,18.643,0,0,0,0,12,-500,0,451,0,1,0,49442,32,37706,58.3
277970,2505,0.008,0.0021,0,-11.04,-600,-14.75,-269496,0,1.8977,18.616,0,0,0,0,12,-500,0,451,0,1,0,49458,41,37687,58.41
278080,2506,0.029,0.0004,0,-11.08,-600,-14.75,-269554,0,1.8991,18.654,0,0,-0.01,-0.01,12,-500,0,451,0,1,0,49463,7,37714,58.52
278190,2507,0.065,0.001,0,-11.05,-600,-14.75,-269513,0,1.8994,18.664,0,0,-0.01,-0.01,12,-500,0,451,0,1,0,49472,20,37721,58.63
278300,2508,-0.044,0.0002,0,-11.04,-600,-14.75,-269508,0,1.8989,18.648,0,0,0,0,12,-500,0,451,0,1,0,49445,4,37710,58.74
278410,2509,0.012,0.0013,0,-11.12,-600,-14.75,-269588,0,1.8982,18.63,0,0,0,0,12,-500,0,451,0,1,0,49459,26,37697,58.85
278520,2510,0.029,0.0003,0,-11.14,-600,-14.75,-269585,0,1.8985,18.638,0,0,0,0,12,-500,0,451,0,1,0,49463,5,37703,58.96
278630,2511,-0.008,0.0007,0,-11.13,-600,-14.75,-269569,0,1.8982,18.628,0,0,0,0,12,-500,0,451,0,1,0,49454,14,37696,59.07
278740,2512,-0.032,0.0003,0,-11.16,-600,-14.75,-269607,0,1.8987,18.643,0,0,0,0,12,-500,0,451,0,1,0,49448,6,37706,59.18
278851,2513,0.012,0.0002,0,-11.16,-600,-14.75,-269593,0,1.8987,18.643,0,0,0,0,12,-500,0,451,0,1,0,49459,4,37706,59.291
278960,2514,-0.028,0.001,0,-11.13,-600,-14.75,-269568,0,1.8988,18.646,0,0,0,0,12,-500,0,451,0,1,0,49449,20,37708,59.4
279070,2515,-0.024,0.0016,0,-11.13,-600,-14.75,-269569,0,1.8989,18.648,0,0,0,0,12,-500,0,451,0,1,0,49450,31,37710,59.51
279180,2516,0.021,0.0015,0,-11.1,-600,-14.75,-269547,0,1.8986,18.641,0,0,0,0,12,-500,0,451,0,1,0,49461,29,37705,59.62
279290,2517,0.057,0.0003,0,-11.06,-600,-14.75,-269520,0,1.8986,18.641,0,0,0,0,12,-500,0,451,0,1,0,49470,5,37705,59.73
279400,2518,0.045,0.0003,0,-11.13,-600,-14.75,-269589,0,1.8985,18.638,0,0,0,0,12,-500,0,451,0,1,0,49467,6,37703,59.84
279510,2519,-0.068,0.0004,0,-11.04,-600,-14.75,-269494,0,1.8983,18.631,0,0,0,0,12,-500,0,451,0,1,0,49439,8,37698,59.95
279620,2520,-0.084,0.0006,0,-11.07,-600,-14.75,-269545,0,1.8986,18.64,0,0,0,0,12,-500,0,451,0,1,0,49435,12,37704,60.06
279730,2521,0.045,0.0004,0,-11.09,-600,-14.75,-269551,0,1.8986,18.641,0,0,0,0,12,-500,0,451,0,1,0,49467,8,37705,60.17
279840,2522,0.041,0.0018,0,-11.11,-600,-14.75,-269570,0,1.8989,18.648,0,0,0,0,12,-500,0,451,0,1,0,49466,36,37710,60.28
279950,2523,-0.02,0.0002,0,-11.15,-600,-14.75,-269601,0,1.8987,18.643,0,0,-0.01,-0.01,12,-500,0,451,0,1,0,49451,4,37706,60.39
280060,2524,0.008,0.0006,0,-11.16,-600,-14.75,-269593,0,1.8989,18.648,0,0,0,0,12,-500,0,451,0,1,0,49458,12,37710,60.5
280170,2525,-0.064,0.0023,0,-11.19,-600,-14.75,-269625,0,1.8985,18.638,0,0,0,0,12,-500,0,451,0,1,0,49440,45,37703,60.61
280280,2526,0.085,0.0002,0,-11.18,-600,-14.75,-269601,0,1.8985,18.638,0,0,0,0,12,-500,0,451,0,1,0,49477,4,37703,60.72
280390,2527,0.057,0.0003,0,-11.12,-600,-14.75,-269547,0,1.899,18.653,0,0,-0.01,-0.01,12,-500,0,451,0,1,0,49470,6,37713,60.83
280500,2528,0.049,0.0025,0,-11.15,-600,-14.75,-269599,0,1.8985,18.637,0,0,0,0,12,-500,0,451,0,1,0,49468,50,37702,60.94
280610,2529,-0.048,0.0014,0,-11.11,-600,-14.75,-269552,0,1.8986,18.64,0,0,0,0,12,-500,0,451,0,1,0,49444,27,37704,61.05
280720,2530,-0.076,0.003,0,-11.1,-600,-14.75,-269547,0,1.8989,18.65,0,0,0,0,12,-500,0,451,0,1,0,49437,59,37711,61.16
280830,2531,-0.068,0.0002,0,-11.08,-600,-14.75,-269541,0,1.8982,18.628,0,0,0,0,12,-500,0,451,0,1,0,49439,4,37696,61.27
280940,2532,-0.08,0.0014,0,-11.09,-600,-14.75,-269553,0,1.8983,18.633,0,0,0,0,12,-500,0,451,0,1,0,49436,27,37699,61.38
281050,2533,0.021,0.0003,0,-11.04,-600,-14.75,-269499,0,1.8984,18.636,0,0,0,0,12,-500,0,451,0,1,0,49461,6,37701,61.49
281160,2534,0.073,0.002,0,-11.07,-600,-14.75,-269541,0,1.8983,18.631,0,0,0,0,12,-500,0,451,0,1,0,49474,40,37698,61.6
281270,2535,-0.096,0.0014,0,-11.14,-600,-14.75,-269600,0,1.8982,18.63,0,0,0,0,12,-500,0,451,0,1,0,49432,27,37697,61.71
281380,2536,0.033,0.0002,0,-11.03,-600,-14.75,-269481,0,1.8983,18.631,0,0,-0.01,0,12,-500,0,451,0,1,0,49464,4,37698,61.82
281490,2537,-0.016,0.0002,0,-11,-600,-14.75,-269477,0,1.8986,18.64,0,0,0,0,12,-500,0,451,0,1,0,49452,4,37704,61.93
281600,2538,0.004,0.0023,0,-10.98,-600,-14.75,-269471,0,1.898,18.623,0,0,-0.01,0,12,-500,0,451,0,1,0,49457,46,37692,62.04
281710,2539,-0.016,0.0003,0,-10.96,-600,-14.75,-269461,0,1.8981,18.626,0,0,-0.01,0,12,-500,0,451,0,1,0,49452,6,37694,62.15
281820,2540,0.045,0.0004,0,-10.99,-600,-14.75,-269492,0,1.8978,18.619,0,0,-0.01,0,12,-500,0,451,0,1,0,49467,7,37689,62.26
281930,2541,0.045,0.0021,0,-10.96,-600,-14.75,-269457,0,1.8977,18.616,0,0,0,0,12,-500,0,451,0,1,0,49467,41,37687,62.37
282040,2542,-0.004,0.0003,0,-10.95,-600,-14.75,-269450,0,1.8979,18.62,0,0,0,0,12,-500,0,451,0,1,0,49455,5,37690,62.48
282150,2543,0.081,0.0004,0,-10.96,-600,-14.75,-269470,0,1.8976,18.613,0,0,0,0,12,-500,0,451,0,1,0,49476,7,37685,62.59
282260,2544,0.037,0.0004,0,-10.98,-600,-14.75,-269485,0,1.8983,18.633,0,0,-0.01,0,12,-500,0,451,0,1,0,49465,7,37699,62.7
282370,2545,-0.044,0.0016,0,-10.91,-600,-14.75,-269409,0,1.898,18.623,0,0,-0.02,-0.01,12,-500,0,451,0,1,0,49445,32,37692,62.81
282480,2546,-0.04,0.0018,0,-10.94,-600,-14.75,-269454,0,1.898,18.624,0,0,-0.01,0,12,-500,0,451,0,1,0,49446,36,37693,62.92
282590,2547,-0.028,0.0002,0,-10.9,-600,-14.75,-269410,0,1.8985,18.638,0,0,-0.02,0,12,-500,0,451,0,1,0,49449,4,37703,63.03
282700,2548,-0.104,0.0004,0,-10.87,-600,-14.75,-269398,0,1.898,18.624,0,0,0,0,12,-500,0,451,0,1,0,49430,7,37693,63.14
282810,2549,-0.096,0.0007,0,-10.83,-600,-14.75,-269368,0,1.898,18.623,0,0,0,0,12,-500,0,451,0,1,0,49432,14,37692,63.25
282920,2550,0.008,0.0003,0,-10.84,-600,-14.75,-269390,0,1.8985,18.638,0,0,-0.02,-0.01,12,-500,0,451,0,1,0,49458,6,37703,63.36
283030,2551,-0.016,0.0002,0,-10.9,-600,-14.75,-269436,0,1.8979,18.62,0,0,-0.02,-0.01,12,-500,0,451,0,1,0,49452,4,37690,63.47
283140,2552,-0.024,0.0002,0,-10.92,-600,-14.75,-269440,0,1.8979,18.621,0,0,-0.02,-0.01,12,-500,0,451,0,1,0,49450,4,37691,63.58
283250,2553,-0.052,0.0002,0,-10.85,-600,-14.75,-269371,0,1.898,18.623,0,0,-0.03,-0.03,12,-500,0,451,0,1,0,49443,4,37692,63.69
283360,2554,0,0.0003,0,-10.82,-600,-14.75,-269366,0,1.8982,18.628,0,0,-0.02,-0.02,12,-500,0,451,0,1,0,49456,6,37696,63.8
283470,2555,-0.068,0.0002,0,-10.81,-600,-14.75,-269362,0,1.898,18.624,0,0,-0.02,-0.02,12,-500,0,451,0,1,0,49439,4,37693,63.91
283580,2556,-0.056,0.0022,0,-10.79,-600,-14.75,-269343,0,1.8984,18.636,0,0,-0.02,-0.01,12,-500,0,451,0,1,0,49442,43,37701,64.02
283690,2557,-0.056,0.0013,0,-10.83,-600,-14.75,-269389,0,1.898,18.624,0,0,-0.04,-0.04,12,-500,0,451,0,1,0,49442,26,37693,64.13
283800,2558,0.041,0.0003,0,-10.79,-600,-14.75,-269341,0,1.8983,18.633,0,0,-0.04,-0.06,12,-500,0,451,0,1,0,49466,6,37699,64.24
283910,2559,0.021,0.0017,0,-10.78,-600,-14.75,-269344,0,1.8976,18.613,0,0,-0.02,-0.04,12,-500,0,451,0,1,0,49461,33,37685,64.35
284020,2560,-0.036,0.0002,0,-10.77,-600,-14.75,-269336,0,1.898,18.623,0,0,-0.03,-0.05,12,-500,0,451,0,1,0,49447,4,37692,64.46
284130,2561,-0.068,0.0002,0,-10.68,-600,-14.75,-269256,0,1.8978,18.617,0,0,-0.01,-0.01,12,-500,0,451,0,1,0,49439,4,37688,64.57
284240,2562,-0.076,0.0016,0,-10.73,-600,-14.75,-269325,0,1.8978,18.617,0,0,-0.02,-0.03,12,-500,0,451,0,1,0,49437,31,37688,64.68
284350,2563,-0.048,0.0006,0,-10.7,-600,-14.75,-269283,0,1.8975,18.609,0,0,-0.01,-0.01,12,-500,0,451,0,1,0,49444,11,37682,64.79
284460,2564,0.025,0.0003,0,-10.7,-600,-14.75,-269294,0,1.8977,18.614,0,0,-0.01,0,12,-500,0,451,0,1,0,49462,5,37686,64.9
284570,2565,-0.044,0.0002,0,-10.7,-600,-14.75,-269291,0,1.8976,18.613,0,0,-0.01,-0.01,12,-500,0,451,0,1,0,49445,4,37685,65.01
284680,2566,-0.04,0.0028,0,-10.64,-600,-14.75,-269238,0,1.8976,18.611,0,0,-0.01,-0.01,12,-500,0,451,0,1,0,49446,56,37684,65.12
284790,2567,-0.044,0.001,0,-10.63,-600,-14.75,-269248,0,1.8975,18.609,0,0,-0.01,-0.02,12,-500,0,451,0,1,0,49445,19,37682,65.23
284900,2568,-0.06,0.0002,0,-10.63,-600,-14.75,-269248,0,1.8979,18.62,0,0,-0.01,-0.01,12,-500,0,451,0,1,0,49441,4,37690,65.34
285010,2569,0.081,0.0008,0,-10.59,-600,-14.75,-269206,0,1.8977,18.614,0,0,-0.01,-0.01,12,-500,0,451,0,1,0,49476,15,37686,65.45
285120,2570,-0.056,0.0006,0,-10.58,-600,-14.75,-269215,0,1.8969,18.593,0,0,-0.01,-0.01,12,-500,0,451,0,1,0,49442,11,37671,65.56
285230,2571,-0.064,0.0005,0,-10.65,-600,-14.75,-269276,0,1.8975,18.61,0,0,-0.01,-0.02,12,-500,0,451,0,1,0,49440,9,37683,65.67
285340,2572,0.037,0.0002,0,-10.81,-600,-14.75,-269408,0,1.8975,18.609,0,0,-0.01,-0.02,12,-500,0,451,0,1,0,49465,4,37682,65.78
285450,2573,0.012,0.0002,0,-10.81,-600,-14.75,-269368,0,1.8977,18.614,0,0,-0.01,-0.01,12,-500,0,451,0,1,0,49459,4,37686,65.89
285560,2574,-0.036,0.0002,0,-10.61,-600,-14.75,-269182,0,1.8978,18.617,0,0,-0.02,-0.05,12,-500,0,451,0,1,0,49447,4,37688,66
285670,2575,-0.028,0.0002,0,-10.39,-600,-14.75,-269030,0,1.898,18.624,0,0,-0.01,-0.02,12,-500,0,451,0,1,0,49449,4,37693,66.11
285780,2576,0,0.0002,0,-10.33,-600,-14.75,-269040,0,1.8976,18.611,0,0,-0.02,-0.04,12,-500,0,451,0,1,0,49456,4,37684,66.22
285890,2577,-0.008,0.0027,0,-10.29,-600,-14.75,-269017,0,1.8981,18.627,0,0,0,-0.01,12,-500,0,451,0,1,0,49454,53,37695,66.33
286000,2578,-0.036,0.0011,0,-10.22,-600,-14.75,-268960,0,1.8974,18.606,0,0,-0.02,-0.04,12,-500,0,451,0,1,0,49447,22,37680,66.44
286110,2579,-0.048,0.0002,0,-10.25,-600,-14.75,-269012,0,1.8978,18.619,0,0,-0.02,-0.04,12,-500,0,451,0,1,0,49444,4,37689,66.55
286220,2580,0,0.002,0,-10.22,-600,-14.75,-268976,0,1.8978,18.617,0,0,-0.02,-0.05,12,-500,0,451,0,1,0,49456,40,37688,66.66
286330,2581,0.004,0.0018,0,-10.24,-600,-14.75,-268996,0,1.8975,18.61,0,0,-0.01,-0.03,12,-500,0,451,0,1,0,49457,36,37683,66.77
286440,2582,-0.016,0.0019,0,-10.26,-600,-14.75,-269009,0,1.8976,18.613,0,0,-0.02,-0.03,12,-500,0,451,0,1,0,49452,37,37685,66.88
286550,2583,-0.016,0.0002,0,-10.3,-600,-14.75,-269044,0,1.8977,18.614,0,0,-0.01,-0.03,12,-500,0,451,0,1,0,49452,4,37686,66.99
286660,2584,-0.008,0.0006,0,-10.17,-600,-14.75,-268914,0,1.897,18.596,0,0,-0.02,-0.03,12,-500,0,451,0,1,0,49454,12,37673,67.1
286770,2585,0.045,0.0002,0,-10.18,-600,-14.75,-268959,0,1.8978,18.617,0,0,-0.01,-0.01,12,-500,0,451,0,1,0,49467,4,37688,67.21
286880,2586,-0.08,0.0006,0,-10.26,-600,-14.75,-269027,0,1.8978,18.619,0,0,-0.01,-0.02,12,-500,0,451,0,1,0,49436,11,37689,67.32
286990,2587,-0.032,0.0021,0,-10.29,-600,-14.75,-269040,0,1.8979,18.62,0,0,-0.01,-0.02,12,-500,0,451,0,1,0,49448,41,37690,67.43
287100,2588,-0.012,0.0002,0,-10.22,-600,-14.75,-268957,0,1.8978,18.619,0,0,0,-0.01,12,-500,0,451,0,1,0,49453,4,37689,67.54
287210,2589,0.021,0.0002,0,-10.19,-600,-14.75,-268951,0,1.8976,18.611,0,0,-0.01,-0.01,12,-500,0,451,0,1,0,49461,4,37684,67.65
287320,2590,-0.02,0.0012,0,-10.2,-600,-14.75,-268972,0,1.8972,18.602,0,0,-0.01,-0.02,12,-500,0,451,0,1,0,49451,24,37677,67.76
287430,2591,-0.052,0.0022,0,-10.21,-600,-14.75,-268977,0,1.8972,18.602,0,0,-0.01,-0.01,12,-500,0,451,0,1,0,49443,44,37677,67.87
287540,2592,-0.024,0.002,0,-10.18,-600,-14.75,-268949,0,1.8975,18.609,0,0,-0.02,-0.03,12,-500,0,451,0,1,0,49450,40,37682,67.98
287650,2593,0.021,0.0002,0,-10.16,-600,-14.75,-268938,0,1.8975,18.61,0,0,-0.02,-0.04,12,-500,0,451,0,1,0,49461,4,37683,68.09
287760,2594,-0.028,0.0008,0,-10.18,-600,-14.75,-268963,0,1.8979,18.62,0,0,-0.01,-0.03,12,-500,0,451,0,1,0,49449,15,37690,68.2
287870,2595,0.061,0.0013,0,-10.17,-600,-14.75,-268949,0,1.8978,18.619,0,0,-0.01,-0.02,12,-500,0,451,0,1,0,49471,26,37689,68.31
287980,2596,-0.088,0.0006,0,-10.15,-600,-14.75,-268927,0,1.8976,18.611,0,0,-0.02,-0.05,12,-500,0,451,0,1,0,49434,12,37684,68.42
288090,2597,-0.056,0.0002,0,-10.19,-600,-14.75,-268975,0,1.8977,18.616,0,0,-0.02,-0.05,12,-500,0,451,0,1,0,49442,4,37687,68.53
288200,2598,-0.056,0.0002,0,-10.18,-600,-14.75,-268954,0,1.8979,18.62,0,0,-0.01,-0.01,12,-500,0,451,0,1,0,49442,4,37690,68.64
288310,2599,-0.02,0.0003,0,-10.21,-600,-14.75,-268979,0,1.8978,18.617,0,0,-0.01,-0.03,12,-500,0,451,0,1,0,49451,5,37688,68.75
288420,2600,-0.028,0.0005,0,-10.25,-600,-14.75,-269011,0,1.8975,18.609,0,0,-0.01,-0.02,12,-500,0,451,0,1,0,49449,10,37682,68.86
288530,2601,-0.02,0.0012,0,-10.19,-600,-14.75,-268942,0,1.8971,18.597,0,0,-0.01,-0.02,12,-500,0,451,0,1,0,49451,23,37674,68.97
288640,2602,-0.008,0.0018,0,-10.17,-600,-14.75,-268940,0,1.8976,18.613,0,0,-0.01,-0.02,12,-500,0,451,0,1,0,49454,35,37685,69.08
288750,2603,-0.048,0.0002,0,-10.18,-600,-14.75,-268963,0,1.8977,18.614,0,0,0,0,12,-500,0,451,0,1,0,49444,4,37686,69.19
288860,2604,-0.024,0.0002,0,-10.15,-600,-14.75,-268926,0,1.8977,18.614,0,0,-0.01,-0.01,12,-500,0,451,0,1,0,49450,4,37686,69.3
288970,2605,-0.008,0.0002,0,-10.1,-600,-14.75,-268888,0,1.8974,18.607,0,0,-0.01,-0.02,12,-500,0,451,0,1,0,49454,4,37681,69.41
289080,2606,-0.032,0.0004,0,-10.07,-600,-14.75,-268872,0,1.8976,18.611,0,0,-0.01,-0.02,12,-500,0,451,0,1,0,49448,7,37684,69.52
289190,2607,0.061,0.0002,0,-10.04,-600,-14.75,-268859,0,1.8974,18.606,0,0,0,-0.01,12,-500,0,451,0,1,0,49471,4,37680,69.63
289300,2608,0,0.001,0,-9.94,-600,-14.75,-268766,0,1.8979,18.62,0,0,-0.02,-0.05,12,-500,0,451,0,1,0,49456,19,37690,69.74
289410,2609,-0.016,0.0008,0,-9.92,-600,-14.75,-268779,0,1.8976,18.611,0,0,-0.02,-0.04,12,-500,0,451,0,1,0,49452,16,37684,69.85
289520,2610,-0.06,0.0027,0,-10.04,-600,-14.75,-268894,0,1.8977,18.616,0,0,-0.01,-0.02,12,-500,0,451,0,1,0,49441,54,37687,69.96
289630,2611,0.017,0.0003,0,-10.04,-600,-14.75,-268861,0,1.8979,18.621,0,0,-0.01,-0.02,12,-500,0,451,0,1,0,49460,5,37691,70.07
289740,2612,-0.02,0.0002,0,-9.99,-600,-14.75,-268822,0,1.8979,18.621,0,0,-0.02,-0.03,12,-500,0,451,0,1,0,49451,4,37691,70.18
289850,2613,0.004,0.0002,0,-10.01,-600,-14.75,-268845,0,1.8975,18.61,0,0,-0.02,-0.03,12,-500,0,451,0,1,0,49457,4,37683,70.29
289960,2614,0.037,0.0002,0,-9.99,-600,-14.75,-268825,0,1.8976,18.613,0,0,-0.01,-0.01,12,-500,0,451,0,1,0,49465,4,37685,70.4
290070,2615,-0.008,0.0002,0,-10.03,-600,-14.75,-268869,0,1.8973,18.603,0,0,-0.01,-0.02,12,-500,0,451,0,1,0,49454,4,37678,70.51
290180,2616,-0.076,0.0006,0,-10.07,-600,-14.75,-268893,0,1.8977,18.614,0,0,-0.01,-0.01,12,-500,0,451,0,1,0,49437,12,37686,70.62
290290,2617,0.017,0.0003,0,-10.07,-600,-14.75,-268886,0,1.8976,18.613,0,0,-0.01,-0.02,12,-500,0,451,0,1,0,49460,5,37685,70.73
290400,2618,-0.02,0.0002,0,-10.01,-600,-14.75,-268829,0,1.8977,18.614,0,0,-0.02,-0.03,12,-500,0,0,0,1,0,49451,4,37686,70.84
290510,2619,-0.052,0.0002,0,-9.94,-600,-14.75,-268775,0,1.8974,18.606,0,0,-0.01,-0.01,12,-500,0,0,0,1,0,49443,4,37680,70.95
290620,2620,-0.028,0.0002,0,-10.01,-600,-14.75,-268862,0,1.8974,18.607,0,0,-0.01,-0.02,12,-500,0,0,0,1,0,49449,4,37681,71.06
290730,2621,0.004,0.0002,0,-10.05,-600,-14.75,-268881,0,1.8973,18.603,0,0,-0.01,-0.01,12,-500,0,0,0,1,0,49457,4,37678,71.17
290840,2622,-0.032,0.0002,0,-10.01,-600,-14.75,-268832,0,1.8976,18.611,0,0,-0.02,-0.04,12,-500,0,0,0,1,0,49448,4,37684,71.28
290950,2623,-0.016,0.0002,0,-10.02,-600,-14.75,-268850,0,1.8979,18.62,0,0,0,0,12,-500,0,0,0,1,0,49452,4,37690,71.39
291060,2624,0,0.0002,0,-10.05,-600,-14.75,-268882,0,1.8976,18.611,0,0,-0.01,-0.02,12,-500,0,0,0,1,0,49456,4,37684,71.5
291170,2625,-0.052,0.0002,0,-10.01,-600,-14.75,-268830,0,1.8976,18.611,0,0,-0.04,-0.07,12,-500,0,0,0,1,0,49443,4,37684,71.61
291280,2626,-0.016,0.0002,0,-10.05,-600,-14.75,-268885,0,1.8976,18.613,0,0,-0.02,-0.05,12,-500,0,0,0,1,0,49452,4,37685,71.72
291390,2627,-0.012,0.0002,0,-10.01,-600,-14.75,-268835,0,1.8972,18.602,0,0,-0.03,-0.05,12,-500,0,0,0,1,0,49453,4,37677,71.83
291500,2628,0.025,0.0002,0,-9.98,-600,-14.75,-268819,0,1.8978,18.617,0,0,-0.03,-0.06,12,-500,0,0,0,1,0,49462,4,37688,71.94
291610,2629,-0.048,0.0002,0,-10.09,-600,-14.75,-268922,0,1.8974,18.606,0,0,-0.02,-0.05,12,-500,0,0,0,1,0,49444,4,37680,72.05
291720,2630,0.021,0.0002,0,-10.14,-600,-14.75,-268945,0,1.897,18.596,0,0,-0.03,-0.05,12,-500,0,0,0,1,0,49461,4,37673,72.16
291830,2631,0.017,0.0002,0,-10.08,-600,-14.75,-268877,0,1.8977,18.616,0,0,-0.02,-0.05,12,-500,0,0,0,1,0,49460,4,37687,72.27
291940,2632,0.021,0.0002,0,-10.1,-600,-14.75,-268903,0,1.8974,18.607,0,0,-0.03,-0.07,12,-500,0,0,0,1,0,49461,4,37681,72.38
292050,2633,-0.02,0.0002,0,-10.18,-600,-14.75,-268977,0,1.898,18.624,0,0,-0.02,-0.03,12,-500,0,0,0,1,0,49451,4,37693,72.49
292160,2634,0.004,0.0002,0,-10.15,-600,-14.75,-268932,0,1.8972,18.602,0,0,-0.03,-0.06,12,-500,0,0,0,1,0,49457,4,37677,72.6
292270,2635,-0.032,0.0002,0,-10.13,-600,-14.75,-268913,0,1.8973,18.603,0,0,-0.01,-0.03,12,-500,0,0,0,1,0,49448,4,37678,72.71
292380,2636,-0.024,0.0002,0,-10.07,-600,-14.75,-268864,0,1.8978,18.617,0,0,-0.01,-0.02,12,-500,0,0,0,1,0,49450,4,37688,72.82
292490,2637,-0.012,0.0002,0,-10.11,-600,-14.75,-268919,0,1.8977,18.616,0,0,-0.02,-0.03,12,-500,0,0,0,1,0,49453,4,37687,72.93
292600,2638,0,0.0002,0,-10.1,-600,-14.75,-268902,0,1.8976,18.611,0,0,0,-0.01,12,-500,0,0,0,1,0,49456,4,37684,73.04
292710,2639,-0.028,0.0002,0,-10.16,-600,-14.75,-268961,0,1.8977,18.616,0,0,0,-0.01,12,-500,0,0,0,1,0,49449,4,37687,73.15
292820,2640,0.021,0.0002,0,-10.17,-600,-14.75,-268953,0,1.8978,18.619,0,0,-0.01,-0.02,12,-500,0,0,0,1,0,49461,4,37689,73.26
292930,2641,-0.032,0.0002,0,-10.19,-600,-14.75,-268966,0,1.897,18.594,0,0,-0.01,-0.01,12,-500,0,0,0,1,0,49448,4,37672,73.37
293040,2642,0.017,0.0002,0,-10.21,-600,-14.75,-268977,0,1.8971,18.597,0,0,-0.01,-0.01,12,-500,0,0,0,1,0,49460,4,37674,73.48
293150,2643,-0.004,0.0002,0,-10.16,-600,-14.75,-268929,0,1.8975,18.609,0,0,0,0,12,-500,0,0,0,1,0,49455,4,37682,73.59
293260,2644,-0.008,0.0002,0,-10.23,-600,-14.75,-269004,0,1.8976,18.611,0,0,-0.01,-0.02,12,-500,0,0,0,1,0,49454,4,37684,73.7
293370,2645,0,0.0002,0,-10.27,-600,-14.75,-269026,0,1.8977,18.614,0,0,-0.03,-0.06,12,-500,0,0,0,1,0,49456,4,37686,73.81
293480,2646,-0.084,0.0002,0,-10.32,-600,-14.75,-269061,0,1.8973,18.604,0,0,-0.03,-0.06,12,-500,0,0,0,1,0,49435,4,37679,73.92
293590,2647,-0.036,0.0002,0,-10.31,-600,-14.75,-269040,0,1.8976,18.613,0,0,-0.01,-0.03,12,-500,0,0,0,1,0,49447,4,37685,74.03
293700,2648,0.012,0.0002,0,-10.27,-600,-14.75,-269000,0,1.8979,18.621,0,0,-0.01,-0.03,12,-500,0,0,0,1,0,49459,4,37691,74.14
293810,2649,-0.04,0.0002,0,-10.32,-600,-14.75,-269065,0,1.8977,18.614,0,0,-0.02,-0.03,12,-500,0,0,0,1,0,49446,4,37686,74.25
293920,2650,-0.048,0.0002,0,-10.3,-600,-14.75,-269028,0,1.898,18.623,0,0,-0.01,-0.02,12,-500,0,0,0,1,0,49444,4,37692,74.36
294030,2651,-0.028,0.0002,0,-10.25,-600,-14.75,-268990,0,1.8978,18.619,0,0,-0.01,-0.01,12,-500,0,0,0,1,0,49449,4,37689,74.47
294140,2652,-0.016,0.0002,0,-10.24,-600,-14.75,-268993,0,1.8977,18.616,0,0,-0.01,-0.01,12,-500,0,0,0,1,0,49452,4,37687,74.58
294250,2653,-0.064,0.0002,0,-10.32,-600,-14.75,-269072,0,1.8971,18.599,0,0,0,0,12,-500,0,0,0,1,0,49440,4,37675,74.69
294360,2654,-0.096,0.0002,0,-10.3,-600,-14.75,-269022,0,1.8974,18.607,0,0,-0.01,-0.02,12,-500,0,0,0,1,0,49432,4,37681,74.8
294470,2655,0.008,0.0002,0,-10.32,-600,-14.75,-269054,0,1.8977,18.616,0,0,-0.01,-0.02,12,-500,0,0,0,1,0,49458,4,37687,74.91
294580,2656,0.008,0.0002,0,-10.38,-600,-14.75,-269101,0,1.8979,18.621,0,0,0,-0.01,12,-500,0,0,0,1,0,49458,4,37691,75.02
294690,2657,0.004,0.0002,0,-10.4,-600,-14.75,-269103,0,1.8975,18.609,0,0,0,0,12,-500,0,0,0,1,0,49457,4,37682,75.13
294800,2658,-0.06,0.0002,0,-10.39,-600,-14.75,-269086,0,1.8977,18.614,0,0,-0.02,-0.03,12,-500,0,0,0,1,0,49441,4,37686,75.24
294910,2659,-0.004,0.0002,0,-10.39,-600,-14.75,-269089,0,1.8979,18.62,0,0,-0.01,-0.02,12,-500,0,0,0,1,0,49455,4,37690,75.35
295020,2660,-0.048,0.0002,0,-10.35,-600,-14.75,-269058,0,1.898,18.623,0,0,-0.01,-0.01,12,-500,0,0,0,1,0,49444,4,37692,75.46
295130,2661,-0.056,0.0002,0,-10.37,-600,-14.75,-269084,0,1.8976,18.611,0,0,-0.01,-0.01,12,-500,0,0,0,1,0,49442,4,37684,75.57
295240,2662,-0.056,0.0002,0,-10.37,-600,-14.75,-269075,0,1.8979,18.621,0,0,-0.02,-0.04,12,-500,0,0,0,1,0,49442,4,37691,75.68
295350,2663,0.008,0.0002,0,-10.32,-600,-14.75,-269031,0,1.8975,18.609,0,0,-0.02,-0.04,12,-500,0,0,0,1,0,49458,4,37682,75.79
295460,2664,0.033,0.0002,0,-10.31,-600,-14.75,-269034,0,1.8978,18.619,0,0,-0.02,-0.04,12,-500,0,0,0,1,0,49464,4,37689,75.9
295570,2665,0.017,0.0002,0,-10.35,-600,-14.75,-269080,0,1.8977,18.614,0,0,-0.03,-0.06,12,-500,0,0,0,1,0,49460,4,37686,76.01
295680,2666,0.021,0.0002,0,-10.34,-600,-14.75,-269057,0,1.8978,18.617,0,0,-0.02,-0.05,12,-500,0,0,0,1,0,49461,4,37688,76.12
295790,2667,-0.004,0.0002,0,-10.28,-600,-14.75,-269006,0,1.8974,18.607,0,0,-0.03,-0.06,12,-500,0,0,0,1,0,49455,4,37681,76.23
295900,2668,0.017,0.0002,0,-10.32,-600,-14.75,-269057,0,1.8977,18.614,0,0,-0.03,-0.07,12,-500,0,0,0,1,0,49460,4,37686,76.34
296010,2669,-0.016,0.0002,0,-10.42,-600,-14.75,-269137,0,1.8976,18.611,0,0,-0.03,-0.05,12,-500,0,0,0,1,0,49452,4,37684,76.45
296120,2670,-0.04,0.0002,0,-10.44,-600,-14.75,-269135,0,1.8979,18.621,0,0,-0.02,-0.03,12,-500,0,0,0,1,0,49446,4,37691,76.56
296230,2671,0.012,0.0002,0,-10.38,-600,-14.75,-269071,0,1.8975,18.61,0,0,-0.03,-0.07,12,-500,0,0,0,1,0,49459,4,37683,76.67
296340,2672,0.008,0.0002,0,-10.41,-600,-14.75,-269111,0,1.8975,18.609,0,0,0,0,12,-500,0,0,0,1,0,49458,4,37682,76.78
296450,2673,-0.076,0.0002,0,-10.41,-600,-14.75,-269105,0,1.8976,18.613,0,0,-0.01,-0.02,12,-500,0,0,0,1,0,49437,4,37685,76.89
296560,2674,-0.04,0.0002,0,-10.4,-600,-14.75,-269095,0,1.8973,18.603,0,0,-0.01,-0.02,12,-500,0,0,0,1,0,49446,4,37678,77
296670,2675,-0.004,0.0002,0,-10.47,-600,-14.75,-269165,0,1.8976,18.611,0,0,0,0,12,-500,0,0,0,1,0,49455,4,37684,77.11
296780,2676,-0.016,0.0002,0,-10.5,-600,-14.75,-269167,0,1.8977,18.614,0,0,-0.01,-0.01,12,-500,0,0,0,1,0,49452,4,37686,77.22
296890,2677,-0.024,0.0002,0,-10.47,-600,-14.75,-269136,0,1.8975,18.61,0,0,0,0,12,-500,0,0,0,1,0,49450,4,37683,77.33
297000,2678,-0.004,0.0002,0,-10.46,-600,-14.75,-269138,0,1.898,18.623,0,0,0,0,12,-500,0,0,0,1,0,49455,4,37692,77.44
297110,2679,-0.076,0.0002,0,-10.51,-600,-14.75,-269181,0,1.8979,18.62,0,0,0,0,12,-500,0,0,0,1,0,49437,4,37690,77.55
297220,2680,0.029,0.0002,0,-10.55,-600,-14.75,-269209,0,1.8976,18.611,0,0,-0.01,-0.02,12,-500,0,0,0,1,0,49463,4,37684,77.66
297330,2681,0.017,0.0002,0,-10.52,-600,-14.75,-269166,0,1.8975,18.609,0,0,-0.01,-0.01,12,-500,0,0,0,1,0,49460,4,37682,77.77
297440,2682,-0.044,0.0002,0,-10.48,-600,-14.75,-269138,0,1.8975,18.609,0,0,-0.03,-0.05,12,-500,0,0,0,1,0,49445,4,37682,77.88
297550,2683,-0.044,0.0002,0,-10.5,-600,-14.75,-269167,0,1.8978,18.619,0,0,-0.03,-0.06,12,-500,0,0,0,1,0,49445,4,37689,77.99
297660,2684,0.008,0.0002,0,-10.44,-600,-14.75,-269105,0,1.897,18.596,0,0,-0.01,-0.02,12,-500,0,0,0,1,0,49458,4,37673,78.1
297770,2685,-0.036,0.0002,0,-10.43,-600,-14.75,-269116,0,1.8978,18.617,0,0,-0.01,-0.03,12,-500,0,0,0,1,0,49447,4,37688,78.21
297880,2686,0.004,0.0002,0,-10.46,-600,-14.75,-269142,0,1.8975,18.61,0,0,-0.02,-0.03,12,-500,0,0,0,1,0,49457,4,37683,78.32
297990,2687,-0.004,0.0002,0,-10.48,-600,-14.75,-269158,0,1.897,18.596,0,0,-0.01,-0.02,12,-500,0,0,0,1,0,49455,4,37673,78.43
298100,2688,-0.036,0.0002,0,-10.43,-600,-14.75,-269099,0,1.8967,18.587,0,0,-0.01,-0.02,12,-500,0,0,0,1,0,49447,4,37667,78.54
298210,2689,-0.044,0.0002,0,-10.41,-600,-14.75,-269099,0,1.8975,18.61,0,0,-0.01,-0.03,12,-500,0,0,0,1,0,49445,4,37683,78.65
298320,2690,-0.036,0.0002,0,-10.42,-600,-14.75,-269118,0,1.8979,18.62,0,0,-0.01,-0.01,12,-500,0,0,0,1,0,49447,4,37690,78.76
298430,2691,-0.04,0.0002,0,-10.49,-600,-14.75,-269175,0,1.8976,18.613,0,0,-0.01,-0.03,12,-500,0,0,0,1,0,49446,4,37685,78.87
298540,2692,-0.004,0.0002,0,-10.44,-600,-14.75,-269109,0,1.8975,18.609,0,0,-0.01,-0.02,12,-500,0,0,0,1,0,49455,4,37682,78.98
298650,2693,-0.024,0.0003,0,-10.48,-600,-14.75,-269163,0,1.8978,18.617,0,0,-0.01,-0.01,12,-500,0,0,0,1,0,49450,5,37688,79.09
298760,2694,-0.052,0.0002,0,-10.5,-600,-14.75,-269168,0,1.8973,18.603,0,0,-0.02,-0.04,12,-500,0,0,0,1,0,49443,4,37678,79.2
298870,2695,-0.008,0.0002,0,-10.54,-600,-14.75,-269205,0,1.8979,18.62,0,0,0,0,12,-500,0,0,0,1,0,49454,4,37690,79.31
298980,2696,-0.08,0.0002,0,-10.55,-600,-14.75,-269198,0,1.897,18.596,0,0,-0.01,-0.02,12,-500,0,0,0,1,0,49436,4,37673,79.42
299090,2697,0,0.0002,0,-10.55,-600,-14.75,-269192,0,1.8978,18.617,0,0,-0.01,-0.01,12,-500,0,0,0,1,0,49456,4,37688,79.53
299200,2698,-0.064,0.0002,0,-10.51,-600,-14.75,-269159,0,1.898,18.623,0,0,-0.01,-0.02,12,-500,0,0,0,1,0,49440,4,37692,79.64
299310,2699,-0.024,0.0002,0,-10.45,-600,-14.75,-269110,0,1.8976,18.611,0,0,0,-0.02,12,-500,0,0,0,1,0,49450,4,37684,79.75
299420,2700,-0.004,0.0002,0,-10.45,-600,-14.75,-269131,0,1.8974,18.606,0,0,-0.01,-0.02,12,-500,0,0,0,1,0,49455,4,37680,79.86
299530,2701,-0.02,0.0002,0,-10.55,-600,-14.75,-269226,0,1.8975,18.61,0,0,-0.01,-0.02,12,-500,0,0,0,1,0,49451,4,37683,79.97
299640,2702,-0.012,0.0002,0,-10.57,-600,-14.75,-269214,0,1.8972,18.6,0,0,0,-0.01,12,-500,0,0,0,1,0,49453,4,37676,80.08
299750,2703,0.029,0.0002,0,-10.57,-600,-14.75,-269206,0,1.8975,18.609,0,0,-0.01,-0.02,12,-500,0,0,0,1,0,49463,4,37682,80.19
299860,2704,-0.032,0.0002,0,-10.59,-600,-14.75,-269225,0,1.8979,18.621,0,0,0,-0.01,12,-500,0,0,0,1,0,49448,4,37691,80.3
299970,2705,-0.012,0.0002,0,-10.59,-600,-14.75,-269226,0,1.8969,18.593,0,0,-0.01,-0.02,12,-500,0,0,0,1,0,49453,4,37671,80.41
300080,2706,-0.044,0.0002,0,-10.52,-600,-14.75,-269158,0,1.898,18.624,0,0,-0.01,-0.02,12,-500,0,0,0,1,0,49445,4,37693,80.52
300190,2707,-0.084,0.0002,0,-10.54,-600,-14.75,-269191,0,1.8977,18.616,0,0,-0.01,-0.01,12,-500,0,0,0,1,0,49435,4,37687,80.63
300300,2708,-0.036,0.0002,0,-10.49,-600,-14.75,-269140,0,1.898,18.624,0,0,-0.01,-0.02,12,-500,0,0,0,1,0,49447,4,37693,80.74
300410,2709,0.008,0.0002,0,-10.47,-600,-14.75,-269137,0,1.897,18.596,0,0,-0.02,-0.03,12,-500,0,0,0,1,0,49458,4,37673,80.85
300520,2710,-0.004,0.0002,0,-10.5,-600,-14.75,-269175,0,1.8974,18.607,0,0,-0.01,-0.02,12,-500,0,0,0,1,0,49455,4,37681,80.96
300630,2711,-0.012,0.0002,0,-10.59,-600,-14.75,-269242,0,1.8975,18.61,0,0,-0.02,-0.04,12,-500,0,0,0,1,0,49453,4,37683,81.07
300740,2712,-0.044,0.0003,0,-10.52,-600,-14.75,-269159,0,1.8979,18.621,0,0,-0.02,-0.03,12,-500,0,0,0,1,0,49445,5,37691,81.18
300850,2713,-0.012,0.0002,0,-10.5,-600,-14.75,-269154,0,1.897,18.594,0,0,-0.01,-0.02,12,-500,0,0,0,1,0,49453,4,37672,81.29
300960,2714,0.025,0.0002,0,-10.55,-600,-14.75,-269207,0,1.8973,18.603,0,0,0,-0.01,12,-500,0,0,0,1,0,49462,4,37678,81.4
301070,2715,0.049,0.0002,0,-10.55,-600,-14.75,-269193,0,1.898,18.623,0,0,-0.01,-0.02,12,-500,0,0,0,1,0,49468,4,37692,81.51
301180,2716,-0.02,0.0002,0,-10.52,-600,-14.75,-269170,0,1.8975,18.61,0,0,-0.01,-0.01,12,-500,0,0,0,1,0,49451,4,37683,81.62
301290,2717,-0.048,0.0002,0,-10.49,-600,-14.75,-269152,0,1.8972,18.602,0,0,-0.01,-0.01,12,-500,0,0,0,1,0,49444,4,37677,81.73
301400,2718,-0.02,0.0002,0,-10.46,-600,-14.75,-269132,0,1.8971,18.597,0,0,0,-0.01,12,-500,0,0,0,1,0,49451,4,37674,81.84
301510,2719,-0.072,0.0002,0,-10.56,-600,-14.75,-269230,0,1.8979,18.621,0,0,-0.03,-0.06,12,-500,0,0,0,1,0,49438,4,37691,81.95
301620,2720,-0.044,0.0002,0,-10.59,-600,-14.75,-269231,0,1.8977,18.614,0,0,-0.02,-0.05,12,-500,0,0,0,1,0,49445,4,37686,82.06
301730,2721,0,0.0002,0,-10.55,-600,-14.75,-269182,0,1.8972,18.6,0,0,-0.01,-0.02,12,-500,0,0,0,1,0,49456,4,37676,82.17
301840,2722,0.053,0.0002,0,-10.52,-600,-14.75,-269172,0,1.8975,18.609,0,0,0,-0.01,12,-500,0,0,0,1,0,49469,4,37682,82.28
301950,2723,-0.032,0.0002,0,-10.58,-600,-14.75,-269232,0,1.8976,18.611,0,0,-0.02,-0.03,12,-500,0,0,0,1,0,49448,4,37684,82.39
302060,2724,-0.016,0.0002,0,-10.57,-600,-14.75,-269208,0,1.8975,18.61,0,0,-0.01,-0.02,12,-500,0,0,0,1,0,49452,4,37683,82.5
302170,2725,-0.056,0.0002,0,-10.53,-600,-14.75,-269170,0,1.8968,18.59,0,0,-0.02,-0.03,12,-500,0,0,0,1,0,49442,4,37669,82.61
302280,2726,0.012,0.0002,0,-10.47,-600,-14.75,-269124,0,1.898,18.624,0,0,-0.01,-0.01,12,-500,0,0,0,1,0,49459,4,37693,82.72
302390,2727,-0.008,0.0003,0,-10.47,-600,-14.75,-269148,0,1.8975,18.61,0,0,-0.01,-0.02,12,-500,0,0,0,1,0,49454,5,37683,82.83
302500,2728,-0.016,0.0002,0,-10.48,-600,-14.75,-269150,0,1.897,18.596,0,0,-0.01,-0.02,12,-500,0,0,0,1,0,49452,4,37673,82.94
302610,2729,-0.012,0.0002,0,-10.48,-600,-14.75,-269147,0,1.8977,18.616,0,0,-0.02,-0.04,12,-500,0,0,0,1,0,49453,4,37687,83.05
302720,2730,0.029,0.0002,0,-10.48,-600,-14.75,-269156,0,1.8978,18.619,0,0,-0.01,-0.02,12,-500,0,0,0,1,0,49463,4,37689,83.16
302830,2731,0.004,0.0002,0,-10.49,-600,-14.75,-269161,0,1.8979,18.62,0,0,-0.01,-0.01,12,-500,0,0,0,1,0,49457,4,37690,83.27
302940,2732,-0.024,0.0002,0,-10.56,-600,-14.75,-269220,0,1.8976,18.613,0,0,-0.01,-0.01,12,-500,0,0,0,1,0,49450,4,37685,83.38
303050,2733,0,0.0002,0,-10.5,-600,-14.75,-269147,0,1.8976,18.613,0,0,-0.01,-0.02,12,-500,0,0,0,1,0,49456,4,37685,83.49
303160,2734,-0.016,0.0002,0,-10.48,-600,-14.75,-269145,0,1.8974,18.607,0,0,0,0,12,-500,0,0,0,1,0,49452,4,37681,83.6
303270,2735,0,0.0002,0,-10.51,-600,-14.75,-269178,0,1.8975,18.609,0,0,-0.01,-0.02,12,-500,0,0,0,1,0,49456,4,37682,83.71
303380,2736,0.004,0.0002,0,-10.54,-600,-14.75,-269196,0,1.8974,18.607,0,0,0,-0.01,12,-500,0,0,0,1,0,49457,4,37681,83.82
303490,2737,-0.02,0.0002,0,-10.55,-600,-14.75,-269202,0,1.8975,18.61,0,0,0,-0.01,12,-500,0,0,0,1,0,49451,4,37683,83.93
303600,2738,-0.028,0.0002,0,-10.55,-600,-14.75,-269191,0,1.8974,18.606,0,0,-0.01,-0.01,12,-500,0,0,0,1,0,49449,4,37680,84.04
303710,2739,-0.052,0.0002,0,-10.49,-600,-14.75,-269139,0,1.8973,18.603,0,0,-0.01,-0.03,12,-500,0,0,0,1,0,49443,4,37678,84.15
303820,2740,-0.016,0.0002,0,-10.5,-600,-14.75,-269165,0,1.8977,18.616,0,0,-0.02,-0.03,12,-500,0,0,0,1,0,49452,4,37687,84.26
303930,2741,-0.024,0.0002,0,-10.53,-600,-14.75,-269190,0,1.8979,18.62,0,0,-0.01,-0.02,12,-500,0,0,0,1,0,49450,4,37690,84.37
304040,2742,-0.028,0.0003,0,-10.55,-600,-14.75,-269199,0,1.8971,18.599,0,0,-0.02,-0.04,12,-500,0,0,0,1,0,49449,6,37675,84.48
304150,2743,-0.028,0.0002,0,-10.53,-600,-14.75,-269181,0,1.8976,18.613,0,0,-0.01,-0.03,12,-500,0,0,0,1,0,49449,4,37685,84.59
304260,2744,-0.04,0.0002,0,-10.49,-600,-14.75,-269148,0,1.8972,18.602,0,0,-0.01,-0.01,12,-500,0,0,0,1,0,49446,4,37677,84.7
304370,2745,0.025,0.0002,0,-10.44,-600,-14.75,-269107,0,1.8977,18.616,0,0,-0.01,-0.03,12,-500,0,0,0,1,0,49462,4,37687,84.81
304480,2746,-0.084,0.0002,0,-10.48,-600,-14.75,-269162,0,1.898,18.624,0,0,-0.01,-0.02,12,-500,0,0,0,1,0,49435,4,37693,84.92
304590,2747,-0.024,0.0002,0,-10.46,-600,-14.75,-269131,0,1.8979,18.621,0,0,-0.01,-0.03,12,-500,0,0,0,1,0,49450,4,37691,85.03
304700,2748,-0.016,0.0002,0,-10.48,-600,-14.75,-269158,0,1.8975,18.609,0,0,-0.01,-0.02,12,-500,0,0,0,1,0,49452,4,37682,85.14
304810,2749,0.029,0.0002,0,-10.49,-600,-14.75,-269162,0,1.8979,18.621,0,0,-0.01,-0.01,12,-500,0,0,0,1,0,49463,4,37691,85.25
304920,2750,-0.04,0.0002,0,-10.53,-600,-14.75,-269191,0,1.8975,18.61,0,0,-0.01,-0.03,12,-500,0,0,0,1,0,49446,4,37683,85.36
305030,2751,-0.012,0.0002,0,-10.56,-600,-14.75,-269207,0,1.8975,18.609,0,0,-0.01,-0.02,12,-500,0,0,0,1,0,49453,4,37682,85.47
305140,2752,-0.032,0.0002,0,-10.52,-600,-14.75,-269166,0,1.8972,18.602,0,0,-0.01,-0.03,12,-500,0,0,0,1,0,49448,4,37677,85.58
305250,2753,-0.008,0.0002,0,-10.47,-600,-14.75,-269128,0,1.8975,18.61,0,0,-0.02,-0.03,12,-500,0,0,0,1,0,49454,4,37683,85.69
305360,2754,-0.044,0.0002,0,-10.43,-600,-14.75,-269111,0,1.8978,18.617,0,0,0,-0.01,12,-500,0,0,0,1,0,49445,4,37688,85.8
305470,2755,-0.028,0.0002,0,-10.47,-600,-14.75,-269157,0,1.8979,18.621,0,0,-0.02,-0.03,12,-500,0,0,0,1,0,49449,4,37691,85.91
305580,2756,0.021,0.0002,0,-10.56,-600,-14.75,-269229,0,1.898,18.623,0,0,-0.01,-0.02,12,-500,0,0,0,1,0,49461,4,37692,86.02
305690,2757,-0.032,0.0002,0,-10.56,-600,-14.75,-269198,0,1.8976,18.613,0,0,-0.02,-0.05,12,-500,0,0,0,1,0,49448,4,37685,86.13
305800,2758,0.004,0.0002,0,-10.54,-600,-14.75,-269185,0,1.8977,18.616,0,0,-0.02,-0.03,12,-500,0,0,0,1,0,49457,4,37687,86.24
305910,2759,-0.012,0.0002,0,-10.57,-600,-14.75,-269220,0,1.8972,18.602,0,0,-0.01,-0.02,12,-500,0,0,0,1,0,49453,4,37677,86.35
306020,2760,0.012,0.0002,0,-10.58,-600,-14.75,-269220,0,1.8976,18.613,0,0,-0.01,-0.01,12,-500,0,0,0,1,0,49459,4,37685,86.46
306130,2761,-0.036,0.0002,0,-10.54,-600,-14.75,-269173,0,1.8978,18.617,0,0,-0.01,-0.02,12,-500,0,0,0,1,0,49447,4,37688,86.57
306240,2762,0.017,0.0002,0,-10.52,-600,-14.75,-269175,0,1.8975,18.61,0,0,-0.01,-0.01,12,-500,0,0,0,1,0,49460,4,37683,86.68
306350,2763,0,0.0002,0,-10.57,-600,-14.75,-269224,0,1.8974,18.607,0,0,-0.01,-0.03,12,-500,0,0,0,1,0,49456,4,37681,86.79
306460,2764,-0.016,0.0002,0,-10.53,-600,-14.75,-269173,0,1.8976,18.611,0,0,-0.04,-0.08,12,-500,0,0,0,1,0,49452,4,37684,86.9
306570,2765,0.025,0.0002,0,-10.48,-600,-14.75,-269135,0,1.8982,18.628,0,0,-0.03,-0.06,12,-500,0,0,0,1,0,49462,4,37696,87.01
306680,2766,-0.072,0.0003,0,-10.48,-600,-14.75,-269151,0,1.8976,18.613,0,0,-0.02,-0.03,12,-500,0,0,0,1,0,49438,5,37685,87.12
306790,2767,-0.072,0.0002,0,-10.49,-600,-14.75,-269162,0,1.8976,18.613,0,0,-0.01,-0.02,12,-500,0,0,0,1,0,49438,4,37685,87.23
306900,2768,-0.048,0.0002,0,-10.49,-600,-14.75,-269155,0,1.8976,18.611,0,0,-0.01,-0.02,12,-500,0,0,0,1,0,49444,4,37684,87.34
307010,2769,-0.036,0.0002,0,-10.44,-600,-14.75,-269109,0,1.8978,18.619,0,0,0,-0.01,12,-500,0,0,0,1,0,49447,4,37689,87.45
307120,2770,-0.108,0.0002,0,-10.4,-600,-14.75,-269083,0,1.8977,18.616,0,0,0,0,12,-500,0,0,0,1,0,49429,4,37687,87.56
307230,2771,-0.004,0.0002,0,-10.5,-600,-14.75,-269190,0,1.8977,18.616,0,0,0,-0.01,12,-500,0,0,0,1,0,49455,4,37687,87.67
307340,2772,-0.012,0.0002,0,-10.54,-600,-14.75,-269201,0,1.8974,18.606,0,0,-0.01,-0.01,12,-500,0,0,0,1,0,49453,4,37680,87.78
307450,2773,0.004,0.0002,0,-10.5,-600,-14.75,-269153,0,1.8978,18.619,0,0,-0.01,-0.01,12,-500,0,0,0,1,0,49457,4,37689,87.89
307560,2774,0.008,0.0002,0,-10.45,-600,-14.75,-269117,0,1.8978,18.617,0,0,-0.01,-0.02,12,-500,0,0,0,1,0,49458,4,37688,88
307670,2775,0.004,0.0002,0,-10.51,-600,-14.75,-269187,0,1.8975,18.61,0,0,-0.01,-0.01,12,-500,0,0,0,1,0,49457,4,37683,88.11
307780,2776,-0.048,0.0002,0,-10.52,-600,-14.75,-269183,0,1.8979,18.62,0,0,-0.01,-0.04,12,-500,0,0,0,1,0,49444,4,37690,88.22
307890,2777,-0.016,0.0002,0,-10.5,-600,-14.75,-269161,0,1.8978,18.617,0,0,-0.01,-0.02,12,-500,0,0,0,1,0,49452,4,37688,88.33
308000,2778,0.004,0.0002,0,-10.51,-600,-14.75,-269174,0,1.8973,18.603,0,0,-0.01,-0.01,12,-500,0,0,0,1,0,49457,4,37678,88.44
308110,2779,-0.024,0.0002,0,-10.49,-600,-14.75,-269155,0,1.8977,18.614,0,0,-0.01,-0.02,12,-500,0,0,0,1,0,49450,4,37686,88.55
308220,2780,-0.072,0.0002,0,-10.46,-600,-14.75,-269128,0,1.8975,18.609,0,0,0,0,12,-500,0,0,0,1,0,49438,4,37682,88.66
308330,2781,-0.052,0.0002,0,-10.43,-600,-14.75,-269105,0,1.8977,18.614,0,0,-0.01,-0.01,12,-500,0,0,0,1,0,49443,4,37686,88.77
308440,2782,-0.024,0.0002,0,-10.39,-600,-14.75,-269084,0,1.8978,18.619,0,0,-0.01,-0.02,12,-500,0,0,0,1,0,49450,4,37689,88.88
308550,2783,-0.08,0.0002,0,-10.42,-600,-14.75,-269118,0,1.8972,18.602,0,0,-0.01,-0.02,12,-500,0,0,0,1,0,49436,4,37677,88.99
308660,2784,-0.004,0.0002,0,-10.41,-600,-14.75,-269103,0,1.8978,18.619,0,0,0,-0.01,12,-500,0,0,0,1,0,49455,4,37689,89.1
308770,2785,-0.02,0.0002,0,-10.44,-600,-14.75,-269129,0,1.897,18.594,0,0,-0.01,-0.02,12,-500,0,0,0,1,0,49451,4,37672,89.21
308880,2786,-0.068,0.0002,0,-10.41,-600,-14.75,-269099,0,1.8971,18.597,0,0,-0.01,-0.02,12,-500,0,0,0,1,0,49439,4,37674,89.32
308990,2787,-0.016,0.0002,0,-10.43,-600,-14.75,-269120,0,1.8973,18.603,0,0,-0.01,-0.01,12,-500,0,0,0,1,0,49452,4,37678,89.43
309100,2788,-0.024,0.0002,0,-10.42,-600,-14.75,-269108,0,1.8973,18.603,0,0,-0.01,-0.01,12,-500,0,0,0,1,0,49450,4,37678,89.54
309210,2789,0.004,0.0002,0,-10.46,-600,-14.75,-269147,0,1.8976,18.613,0,0,-0.01,-0.01,12,-500,0,0,0,1,0,49457,4,37685,89.65
309320,2790,-0.02,0.0002,0,-10.43,-600,-14.75,-269108,0,1.8981,18.626,0,0,-0.01,-0.03,12,-500,0,0,0,1,0,49451,4,37694,89.76
309430,2791,-0.04,0.0002,0,-10.46,-600,-14.75,-269149,0,1.8976,18.611,0,0,-0.01,-0.02,12,-500,0,0,0,1,0,49446,4,37684,89.87
309540,2792,0,0.0002,0,-10.52,-600,-14.75,-269193,0,1.8977,18.616,0,0,-0.01,-0.03,12,-500,0,0,0,1,0,49456,4,37687,89.98
309650,2793,0.021,0.0002,0,-10.49,-600,-14.75,-269146,0,1.8975,18.609,0,0,0,0,12,-500,0,0,0,1,0,49461,4,37682,90.09
309760,2794,-0.004,0.0002,0,-10.52,-600,-14.75,-269183,0,1.8976,18.613,0,0,-0.01,-0.03,12,-500,0,0,0,1,0,49455,4,37685,90.2