t,n,ji,jv,jw,f,fsp,perr,fr,busy,d,dmm,rpm,erpm,mi,ii,iv,rsp,lp,pmp,md,vok,flg,jir,jvr,dr,rt
2420,0,0.057,0.5612,0.032,0,0,0,0,0,2.0834,23.853,-157.6,-1103,-1,-0.03,12,0,0,0,0,1,8,49470,11145,41375,0
15400,118,0.012,0.6189,0.008,-246.41,0,0,-422752,0,2.0834,23.853,0,0,0,0,12,0,0,0,0,1,0,49459,12291,41375,12.98
15510,119,0.021,0.6185,0.013,-245.07,0,0,-421623,0,2.0833,23.848,0,0,0,0,12,0,0,0,0,1,0,49461,12282,41372,13.09
15620,120,-0.012,0.6168,-0.007,-244.28,0,0,-421265,0,2.0833,23.85,0,0,0,0,12,0,0,0,0,1,0,49453,12250,41373,13.2
15730,121,0.004,0.6162,0.003,-243.82,0,0,-421053,0,2.0832,23.846,0,0,0,0,12,0,0,0,0,1,0,49457,12238,41370,13.31
15840,122,0.073,0.6157,0.045,-243.55,0,0,-420931,0,2.0832,23.846,0,0,0,0,12,0,0,0,0,1,0,49474,12228,41370,13.42
15950,123,0.057,0.6151,0.035,-243.11,0,0,-420605,0,2.0831,23.843,0,0,0,0,12,0,0,0,0,1,0,49470,12216,41368,13.53
16060,124,0.049,0.6151,0.03,-242.72,0,0,-420362,0,2.0833,23.85,0,0,0,0,12,0,0,0,0,1,0,49468,12216,41373,13.64
16170,125,0.008,0.6144,0.005,-242.52,0,0,-420279,0,2.0831,23.844,0,0,0,0,12,0,0,0,0,1,0,49458,12201,41369,13.75
16280,126,0.069,0.6134,0.042,-242.01,0,0,-419868,0,2.0833,23.848,0,0,0,0,12,0,0,0,0,1,0,49473,12181,41372,13.86
16390,127,0.101,0.6128,0.062,-241.34,0,0,-419377,0,2.0834,23.851,0,0,0,0,12,0,0,0,0,1,0,49481,12170,41374,13.97
16500,128,0.033,0.6123,0.02,-240.86,0,0,-419125,0,2.0833,23.85,0,0,0,0,12,0,0,0,0,1,0,49464,12160,41373,14.08
16610,129,0.025,0.6123,0.015,-240.36,0,0,-418788,0,2.083,23.841,0,0,0,0,12,0,0,0,0,1,0,49462,12160,41367,14.19
16720,130,0.069,0.6109,0.042,-239.76,0,0,-418372,0,2.0832,23.847,0,0,0,0,12,0,0,0,0,1,0,49473,12131,41371,14.3
16830,131,0.029,0.6112,0.017,-239.22,0,0,-418036,0,2.0833,23.85,0,0,0,0,12,0,0,0,0,1,0,49463,12138,41373,14.41
16940,132,0.008,0.6102,0.005,-238.41,0,0,-417431,0,2.0833,23.85,0,0,0,0,12,0,0,0,0,1,0,49458,12119,41373,14.52
17050,133,0.033,0.61,0.02,-237.68,0,0,-416985,0,2.0831,23.843,0,0,0,0,12,0,0,0,0,1,0,49464,12115,41368,14.63
17160,134,0.065,0.6097,0.04,-237.16,0,0,-416696,0,2.0833,23.848,0,0,0,0,12,0,0,0,0,1,0,49472,12108,41372,14.74
17270,135,0.041,0.6086,0.025,-236.68,0,0,-416405,0,2.0833,23.85,0,0,0,0,12,0,0,0,0,1,0,49466,12086,41373,14.85
17380,136,-0.016,0.6079,-0.01,-235.6,0,0,-415524,0,2.0832,23.847,0,0,0,0,12,0,0,0,0,1,0,49452,12072,41371,14.96
17490,137,0.053,0.6073,0.032,-234.69,0,0,-414987,0,2.0832,23.846,0,0,0,0,12,0,0,0,0,1,0,49469,12061,41370,15.07
17600,138,0.077,0.6067,0.047,-234.36,0,0,-414932,0,2.0834,23.851,0,0,0,0,12,0,0,0,0,1,0,49475,12048,41374,15.18
17710,139,0.093,0.6064,0.056,-234.18,0,0,-414852,0,2.0832,23.847,0,0,0,0,12,0,0,0,0,1,0,49479,12043,41371,15.29
17820,140,0.021,0.6054,0.012,-233.53,0,0,-414295,0,2.0832,23.847,0,0,0,0,12,0,0,0,0,1,0,49461,12022,41371,15.4
17930,141,0.033,0.6049,0.02,-233.1,0,0,-414084,0,2.0832,23.846,0,0,0,0,12,0,0,0,0,1,0,49464,12013,41370,15.51
18040,142,0.033,0.6041,0.02,-232.69,0,0,-413818,0,2.0834,23.851,0,0,0,0,12,0,0,0,0,1,0,49464,11997,41374,15.62
18150,143,0.041,0.6036,0.025,-232.23,0,0,-413502,0,2.0831,23.843,0,0,0,0,12,0,0,0,0,1,0,49466,11986,41368,15.73
18260,144,0.004,0.6043,0.003,-231.64,0,0,-413090,0,2.0832,23.846,0,0,0,0,12,0,0,0,0,1,0,49457,12000,41370,15.84
18370,145,0,0.6037,0,-230.44,0,0,-412132,0,2.0833,23.85,0,0,0,0,12,0,0,0,0,1,0,49456,11988,41373,15.95
18480,146,0.041,0.6023,0.025,-229.83,0,0,-411895,0,2.0832,23.847,0,0,0,0,12,0,0,0,0,1,0,49466,11962,41371,16.06
18590,147,0.105,0.602,0.063,-229.32,0,0,-411593,0,2.0829,23.838,0,0,0,0,12,0,0,0,0,1,0,49482,11955,41365,16.17
18700,148,0.065,0.6014,0.039,-228.8,0,0,-411252,0,2.0831,23.844,0,0,0,0,12,0,0,0,0,1,0,49472,11943,41369,16.28
18810,149,0.105,0.601,0.063,-227.63,0,0,-410309,0,2.0832,23.847,0,0,0,0,12,0,0,0,0,1,0,49482,11936,41371,16.39
18920,150,-0.004,0.5993,-0.002,-226.55,0,0,-409629,0,2.0829,23.837,0,0,0,0,12,0,0,0,0,1,0,49455,11902,41364,16.5
19030,151,0.033,0.6002,0.02,-225.53,0,0,-408986,0,2.083,23.841,0,0,0,0,12,0,0,0,0,1,0,49464,11920,41367,16.61
19140,152,0.093,0.5999,0.056,-224.47,0,0,-408279,0,2.0831,23.843,0,0,0,0,12,0,0,0,0,1,0,49479,11914,41368,16.72
19250,153,0.089,0.5974,0.053,-223.29,0,0,-407484,0,2.0834,23.851,0,0,0,0,12,0,0,0,0,1,0,49478,11864,41374,16.83
19360,154,0.101,0.5978,0.06,-222.17,0,0,-406767,0,2.0832,23.846,0,0,0,0,12,0,0,0,0,1,0,49481,11871,41370,16.94
19470,155,0.045,0.5972,0.027,-221.01,0,0,-406001,0,2.0834,23.853,0,0,0,0,12,0,0,0,0,1,0,49467,11859,41375,17.05
19580,156,0.033,0.5971,0.019,-220.45,0,0,-405802,0,2.083,23.841,0,0,0,0,12,0,0,0,0,1,0,49464,11857,41367,17.16
19690,157,0.053,0.5964,0.031,-220.36,0,0,-405874,0,2.0834,23.853,0,0,0,0,12,0,0,0,0,1,0,49469,11843,41375,17.27
19800,158,0.057,0.5948,0.034,-219.71,0,0,-405295,0,2.0833,23.848,0,0,0,0,12,0,0,0,0,1,0,49470,11812,41372,17.38
19910,159,-0.012,0.5953,-0.007,-218.97,0,0,-404785,0,2.0834,23.853,0,0,0,0,12,0,0,0,0,1,0,49453,11822,41375,17.49
20020,160,0.021,0.595,0.012,-218.47,0,0,-404526,0,2.0832,23.847,0,0,0,0,12,0,0,0,0,1,0,49461,11817,41371,17.6
20130,161,0.133,0.5944,0.079,-218.01,0,0,-404241,0,2.0831,23.843,0,0,0,0,12,0,0,0,0,1,0,49489,11805,41368,17.71
20240,162,0.049,0.5935,0.029,-217.3,0,0,-403704,0,2.0833,23.85,0,0,0,0,12,0,0,0,0,1,0,49468,11786,41373,17.82
20350,163,0.069,0.5939,0.041,-216.86,0,0,-403494,0,2.0833,23.848,0,0,0,0,12,0,0,0,0,1,0,49473,11795,41372,17.93
20460,164,0.045,0.5933,0.027,-216.37,0,0,-403165,0,2.0832,23.846,0,0,0,0,12,0,0,0,0,1,0,49467,11783,41370,18.04
20570,165,0.101,0.5924,0.06,-215.9,0,0,-402860,0,2.0831,23.843,0,0,0,0,12,0,0,0,0,1,0,49481,11765,41368,18.15
20680,166,0.025,0.5919,0.015,-214.96,0,0,-402120,0,2.0833,23.85,0,0,0,0,12,0,0,0,0,1,0,49462,11755,41373,18.26
20790,167,0.021,0.5912,0.012,-213.95,0,0,-401442,0,2.083,23.841,0,0,0,0,12,0,0,0,0,1,0,49461,11740,41367,18.37
20900,168,0.061,0.5909,0.036,-212.85,0,0,-400698,0,2.0833,23.848,0,0,0,0,12,0,0,0,0,1,0,49471,11735,41372,18.48
21010,169,0.033,0.5898,0.019,-211.88,0,0,-400107,0,2.0832,23.846,0,0,0,0,12,0,0,0,0,1,0,49464,11712,41370,18.59
21120,170,0.033,0.5898,0.019,-210.41,0,0,-399005,0,2.0832,23.846,0,0,0,0,12,0,0,0,0,1,0,49464,11712,41370,18.7
21230,171,0.077,0.59,0.045,-209.2,0,0,-398291,0,2.0831,23.843,0,0,0,0,12,0,0,0,0,1,0,49475,11716,41368,18.81
21340,172,0.057,0.5884,0.033,-207.79,0,0,-397320,0,2.0833,23.848,0,0,0,0,12,0,0,0,0,1,0,49470,11686,41372,18.92
21450,173,0.045,0.5888,0.026,-206.31,0,0,-396329,0,2.0832,23.846,0,0,0,0,12,0,0,0,0,1,0,49467,11693,41370,19.03
21560,174,0.097,0.5876,0.057,-204.9,0,0,-395433,0,2.0833,23.848,0,0,0,0,12,0,0,0,0,1,0,49480,11670,41372,19.14
21670,175,0.017,0.5887,0.01,-203.18,0,0,-394226,0,2.0831,23.843,0,0,0,0,12,0,0,0,0,1,0,49460,11691,41368,19.25
21780,176,0.049,0.5867,0.029,-201.97,0,0,-393576,0,2.0828,23.834,0,0,0,0,12,0,0,0,0,1,0,49468,11652,41362,19.36
21890,177,-0.004,0.5863,-0.002,-200.71,0,0,-392745,0,2.0833,23.848,0,0,0,0,12,0,0,0,0,1,0,49455,11643,41372,19.47
22000,178,0.017,0.5858,0.01,-198.85,0,0,-391364,0,2.0834,23.853,0,0,0,0,12,0,0,0,0,1,0,49460,11633,41375,19.58
22110,179,0.008,0.5852,0.005,-195.95,0,0,-389182,0,2.083,23.841,0,0,0,0,12,0,0,0,0,1,0,49458,11622,41367,19.69
22220,180,0.049,0.5848,0.029,-194.28,0,0,-388439,0,2.0832,23.847,0,0,0,0,12,0,0,0,0,1,0,49468,11613,41371,19.8
22330,181,0.057,0.5847,0.033,-192.78,0,0,-387511,0,2.0833,23.848,0,0,0,0,12,0,0,0,0,1,0,49470,11611,41372,19.91
22440,182,0.049,0.5839,0.028,-190.79,0,0,-386079,0,2.0833,23.848,0,0,0,0,12,0,0,0,0,1,0,49468,11595,41372,20.02
22550,183,0.069,0.5837,0.04,-187.4,0,0,-383475,0,2.083,23.84,0,0,0,0,12,0,0,0,0,1,0,49473,11591,41366,20.13
22660,184,0.077,0.5827,0.045,-186.24,0,0,-383345,0,2.083,23.84,0,0,0,0,12,0,0,0,0,1,0,49475,11572,41366,20.24
22770,185,0.101,0.5821,0.059,-185.43,0,0,-382914,0,2.0833,23.85,0,0,0,0,12,0,0,0,0,1,0,49481,11559,41373,20.35
22880,186,0.053,0.5823,0.031,-184.48,0,0,-382255,0,2.0834,23.853,0,0,0,0,12,0,0,0,0,1,0,49469,11564,41375,20.46
22990,187,-0.012,0.5816,-0.007,-183.33,0,0,-381448,0,2.0835,23.854,0,0,0,0,12,0,0,0,0,1,0,49453,11550,41376,20.57
23100,188,0.113,0.5808,0.066,-180.28,0,0,-378938,0,2.0832,23.846,0,0,0,0,12,0,0,0,0,1,0,49484,11534,41370,20.68
23210,189,0.085,0.5805,0.049,-178.34,0,0,-377975,0,2.0833,23.85,0,0,0,0,12,0,0,0,0,1,0,49477,11529,41373,20.79
23320,190,0.008,0.5804,0.005,-176.72,0,0,-377019,0,2.0831,23.844,0,0,0,0,12,0,0,0,0,1,0,49458,11526,41369,20.9
23430,191,0.037,0.5789,0.021,-174.88,0,0,-375748,0,2.0833,23.848,0,0,0,0,12,0,0,0,0,1,0,49465,11497,41372,21.01
23540,192,0.105,0.5794,0.061,-170.87,0,0,-372537,0,2.0827,23.831,0,0,0,0,12,0,0,0,0,1,0,49482,11506,41360,21.12
23650,193,0.065,0.5788,0.038,-167.58,0,0,-370595,0,2.0834,23.851,0,0,0,0,12,0,0,0,0,1,0,49472,11495,41374,21.23
23760,194,0.004,0.5786,0.003,-164.44,0,0,-368587,0,2.0832,23.846,0,0,0,0,12,0,0,0,0,1,0,49457,11491,41370,21.34
23870,195,0.065,0.578,0.037,-161.25,0,0,-366496,0,2.0832,23.846,0,0,0,0,12,0,0,0,0,1,0,49472,11478,41370,21.45
23980,196,0.129,0.5779,0.075,-155.52,0,0,-362052,0,2.083,23.84,0,0,0,0,12,0,0,0,0,1,0,49488,11476,41366,21.56
24090,197,0.077,0.5765,0.044,-151.26,0,0,-359691,0,2.0833,23.848,0,0,0,0,12,0,0,0,0,1,0,49475,11449,41372,21.67
24200,198,0.057,0.5769,0.033,-147.23,0,0,-357129,0,2.083,23.841,0,0,0,0,12,0,0,0,0,1,0,49470,11456,41367,21.78
24310,199,0.029,0.5757,0.016,-142.83,0,0,-354153,0,2.0834,23.851,0,0,0,0,12,0,0,0,0,1,0,49463,11433,41374,21.89
24420,200,0.029,0.575,0.016,-138.09,0,0,-350969,0,2.0833,23.85,0,0,0,0,12,0,0,0,0,1,0,49463,11418,41373,22
24530,201,0.008,0.5746,0.005,-128.37,0,0,-343253,0,2.0834,23.851,0,0,0,0,12,0,0,0,0,1,0,49458,11412,41374,22.11
24640,202,0.045,0.574,0.026,-120.92,0,0,-339030,0,2.083,23.84,0,0,0,0,12,0,0,0,0,1,0,49467,11399,41366,22.22
24750,203,0.021,0.5735,0.012,-114.18,0,0,-334835,0,2.0833,23.85,0,0,0,0,12,0,0,0,0,1,0,49461,11390,41373,22.33
24860,204,0.089,0.5739,0.051,-106.41,0,0,-329486,0,2.083,23.84,0,0,0,0,12,0,0,0,0,1,0,49478,11397,41366,22.44
24970,205,0.012,0.5731,0.007,-88.8,0,0,-315260,0,2.0833,23.85,0,0,0,0,12,0,0,0,0,1,0,49459,11382,41373,22.55
25080,206,0,0.5729,0,-76.3,0,0,-308547,0,2.0831,23.844,0,0,0,0,12,0,0,0,0,1,0,49456,11378,41369,22.66
25190,207,0.073,0.5716,0.042,-65.39,0,0,-301878,0,2.0832,23.847,0,0,0,0,12,0,0,0,0,1,0,49474,11351,41371,22.77
25300,208,-0.016,0.5713,-0.009,-54.9,0,0,-295163,0,2.083,23.841,0,0,0,0,12,0,0,0,0,1,0,49452,11345,41367,22.88
25410,209,0.037,0.5719,0.021,-39.19,0,0,-283467,0,2.0834,23.851,0,0,0,0,12,0,0,0,0,1,0,49465,11358,41374,22.99
25520,210,0.004,0.5706,0.003,-29.82,0,0,-279133,0,2.0834,23.853,0,0,0,0,12,0,0,0,0,1,0,49457,11331,41375,23.1
25630,211,0.029,0.5706,0.016,-25.48,0,0,-277715,0,2.0835,23.854,0,0,0,0,12,0,0,0,0,1,0,49463,11332,41376,23.21
25740,212,0.105,0.5699,0.06,-23.69,0,0,-277260,0,2.09,24.037,0,0,0,0,12,0,0,0,0,1,0,49482,11318,41505,23.32
25850,213,0.017,0.5696,0.009,-22.68,0,0,-276816,0,2.1307,25.186,0,0,0,0,12,0,0,0,0,1,0,49460,11311,42314,23.43
25960,214,-0.012,0.5691,-0.007,-60.54,0,0,-312342,0,2.1055,24.475,0,0,0,0,12,0,0,0,0,1,0,49453,11301,41813,23.54
26070,215,0.041,0.5682,0.023,-105.44,0,0,-343556,0,2.1573,25.937,0,0,0,0,12,0,0,0,0,1,0,49466,11283,42843,23.65
26180,216,0.065,0.5681,0.037,-93.29,0,0,-319718,0,2.1091,24.577,0,0,0,0,12,0,0,0,0,1,0,49472,11281,41885,23.76
26290,217,-0.004,0.5672,-0.002,-103.75,0,0,-332844,0,2.1636,26.113,0,0,0,0,12,0,0,0,0,1,0,49455,11265,42967,23.87
26400,218,0.037,0.5669,0.021,-108.91,0,0,-334719,0,2.0838,23.863,0,0,0,0,12,0,0,0,0,1,0,49465,11258,41382,23.98
26510,219,0.029,0.5669,0.016,-90.24,0,0,-315905,0,2.0862,23.931,0,0,0,0,12,0,0,0,0,1,0,49463,11258,41430,24.09
26620,220,0.008,0.566,0.005,-25.69,0,0,-261033,0,2.0863,23.934,0,0,0,0,12,0,0,0,0,1,0,49458,11240,41432,24.2
26730,221,0.045,0.5665,0.025,5.14,0,0,-250361,0,2.0858,23.921,0,0,0,0,12,0,0,0,0,1,0,49467,11250,41423,24.31
26840,222,0.089,0.5652,0.05,16,0,0,-248867,0,2.0862,23.932,0,0,0,0,12,0,0,0,0,1,0,49478,11225,41431,24.42
26950,223,0.081,0.5649,0.046,19.22,0,0,-248900,0,2.0862,23.932,0,0,0,0,12,0,0,0,0,1,0,49476,11218,41431,24.53
27060,224,0.017,0.5632,0.009,20.09,0,0,-248991,0,2.0861,23.928,0,0,0,0,12,0,0,0,0,1,0,49460,11185,41428,24.64
27170,225,0.057,0.5637,0.032,20.4,0,0,-248942,0,2.086,23.925,0,0,0,0,12,0,0,0,0,1,0,49470,11194,41426,24.75
27280,226,0.025,0.5636,0.014,20.98,0,0,-248494,0,2.086,23.927,0,0,0,0,12,0,0,0,0,1,0,49462,11192,41427,24.86
27390,227,0.017,0.5637,0.009,23.22,0,0,-246569,0,2.0863,23.934,0,0,0,0,12,0,0,0,0,1,0,49460,11195,41432,24.97
27500,228,-0.012,0.5628,-0.007,24.53,0,0,-245974,0,2.0862,23.932,0,0,0,0,12,0,0,0,0,1,0,49453,11177,41431,25.08
27610,229,0.053,0.5621,0.03,25.53,0,0,-245409,0,2.0859,23.924,0,0,0,0,12,0,0,0,0,1,0,49469,11162,41425,25.19
27720,230,0.021,0.5617,0.012,26.24,0,0,-245027,0,2.0862,23.932,0,0,0,0,12,0,0,0,0,1,0,49461,11154,41431,25.3
27830,231,0.045,0.5606,0.025,27.01,0,0,-244506,0,2.0859,23.924,0,0,0,0,12,0,0,0,0,1,0,49467,11134,41425,25.41
27940,232,0.017,0.5606,0.009,27.15,0,0,-244597,0,2.0862,23.932,0,0,0,0,12,0,0,0,0,1,0,49460,11134,41431,25.52
28050,233,0.033,0.5596,0.018,27.32,0,0,-244474,0,2.0864,23.936,0,0,0,0,12,0,0,0,0,1,0,49464,11114,41434,25.63
28160,234,0.012,0.5596,0.007,27.63,0,0,-244229,0,2.086,23.927,0,0,0,0,12,0,0,0,0,1,0,49459,11113,41427,25.74
28270,235,0.109,0.5593,0.061,27.72,0,0,-244233,0,2.0862,23.932,0,0,0,0,12,0,0,0,0,1,0,49483,11108,41431,25.85
28380,236,-0.004,0.5588,-0.002,27.75,0,0,-244232,0,2.086,23.927,0,0,0,0,12,0,0,0,0,1,0,49455,11097,41427,25.96
28490,237,0.037,0.5584,0.02,28.07,0,0,-243942,0,2.0864,23.936,0,0,0,0,12,0,0,0,0,1,0,49465,11089,41434,26.07
28600,238,0.077,0.5584,0.043,28.32,0,0,-243796,0,2.0863,23.935,0,0,0,0,12,0,0,0,0,1,0,49475,11089,41433,26.18
28710,239,0.069,0.5577,0.038,28.2,0,0,-243985,0,2.0862,23.932,0,0,0,0,12,0,0,0,0,1,0,49473,11075,41431,26.29
28820,240,0.037,0.558,0.02,27.72,0,0,-244391,0,2.0861,23.929,0,0,0,0,12,0,0,0,0,1,0,49465,11081,41429,26.4
28930,241,0.073,0.5567,0.041,27.07,0,0,-244867,0,2.0863,23.935,0,0,0,0,12,0,0,0,0,1,0,49474,11055,41433,26.51
29040,242,-0.024,0.5562,-0.013,26.34,0,0,-245368,0,2.0859,23.924,0,0,0,0,12,0,0,0,0,1,0,49450,11046,41425,26.62
29150,243,-0.032,0.556,-0.018,25.91,0,0,-245563,0,2.0863,23.935,0,0,0,0,12,0,0,0,0,1,0,49448,11041,41433,26.73
29260,244,0,0.5557,0,26.37,0,0,-245013,0,2.0862,23.931,0,0,0,0,12,0,0,0,0,1,0,49456,11035,41430,26.84
29370,245,0.029,0.5549,0.016,27.19,0,0,-244374,0,2.0863,23.934,0,0,0,0,12,0,0,0,0,1,0,49463,11020,41432,26.95
29480,246,0.089,0.5541,0.049,27.75,0,0,-244090,0,2.0863,23.934,0,0,0,0,12,0,0,0,0,1,0,49478,11004,41432,27.06
29590,247,0.053,0.5545,0.029,27.19,0,0,-244763,0,2.086,23.927,0,0,0,0,12,0,0,0,0,1,0,49469,11012,41427,27.17
29700,248,0.065,0.5538,0.036,25.47,0,0,-246203,0,2.0859,23.924,0,0,0,0,12,0,0,0,0,1,0,49472,10997,41425,27.28
29810,249,0.081,0.5532,0.045,24.83,0,0,-246319,0,2.0864,23.938,0,0,0,0,12,0,0,0,0,1,0,49476,10986,41435,27.39
29920,250,0.053,0.5521,0.029,24.65,0,0,-246316,0,2.0862,23.932,0,0,0,0,12,0,0,0,0,1,0,49469,10964,41431,27.5
30030,251,0.008,0.5522,0.005,24.62,0,0,-246289,0,2.0861,23.929,0,0,0,0,12,0,0,0,0,1,0,49458,10967,41429,27.61
30140,252,0.073,0.5524,0.04,24.68,0,0,-246223,0,2.0858,23.921,0,0,0,0,12,0,0,0,0,1,0,49474,10971,41423,27.72
30250,253,0.041,0.552,0.022,24.7,0,0,-246224,0,2.0861,23.928,0,0,0,0,12,0,0,0,0,1,0,49466,10962,41428,27.83
30360,254,0.025,0.5514,0.014,24.87,0,0,-246067,0,2.0862,23.931,0,0,0,0,12,0,0,0,0,1,0,49462,10950,41430,27.94
30470,255,0.097,0.5509,0.053,24.88,0,0,-246113,0,2.0863,23.934,0,0,0,0,12,0,0,0,0,1,0,49480,10941,41432,28.05
30580,256,0.045,0.5503,0.025,24.82,0,0,-246165,0,2.0857,23.917,0,0,0,0,12,0,0,0,0,1,0,49467,10928,41420,28.16
30690,257,0.065,0.5501,0.036,25.07,0,0,-245920,0,2.0861,23.928,0,0,0,0,12,0,0,0,0,1,0,49472,10925,41428,28.27
30800,258,0.065,0.5492,0.036,25.02,0,0,-246036,0,2.0862,23.931,0,0,0,0,12,0,0,0,0,1,0,49472,10906,41430,28.38
30910,259,0.045,0.5489,0.025,24.37,0,0,-246626,0,2.0861,23.929,0,0,0,0,12,0,0,0,0,1,0,49467,10901,41429,28.49
31020,260,-0.008,0.5475,-0.004,23.49,0,0,-247259,0,2.0862,23.931,0,0,0,0,12,0,0,0,0,1,0,49454,10872,41430,28.6
31130,261,-0.008,0.5488,-0.004,23.07,0,0,-247406,0,2.0864,23.936,0,0,0,0,12,0,0,0,0,1,0,49454,10899,41434,28.71
31240,262,0.061,0.5477,0.033,22.89,0,0,-247462,0,2.0863,23.934,0,0,0,0,12,0,0,0,0,1,0,49471,10877,41432,28.82
31350,263,0.053,0.5478,0.029,22.81,0,0,-247483,0,2.0862,23.931,0,0,0,0,12,0,0,0,0,1,0,49469,10878,41430,28.93
31460,264,0.073,0.5476,0.04,22.69,0,0,-247572,0,2.0861,23.928,0,0,0,0,12,0,0,0,0,1,0,49474,10875,41428,29.04
31570,265,0.089,0.5467,0.049,22.67,0,0,-247561,0,2.0864,23.936,0,0,0,0,12,0,0,0,0,1,0,49478,10856,41434,29.15
31680,266,0.037,0.5458,0.02,22.7,0,0,-247521,0,2.0863,23.935,0,0,0,0,12,0,0,0,0,1,0,49465,10840,41433,29.26
31790,267,0.061,0.5459,0.033,22.69,0,0,-247539,0,2.086,23.927,0,0,0,0,12,0,0,0,0,1,0,49471,10842,41427,29.37
31900,268,0.037,0.5453,0.02,22.57,0,0,-247646,0,2.0863,23.935,0,0,0,0,12,0,0,0,0,1,0,49465,10829,41433,29.48
32010,269,0,0.5449,0,22.56,0,0,-247626,0,2.0863,23.935,0,0,0,0,12,0,0,0,0,1,0,49456,10822,41433,29.59
32120,270,0.008,0.5447,0.005,22.62,0,0,-247568,0,2.0862,23.931,0,0,0,0,12,0,0,0,0,1,0,49458,10817,41430,29.7
32230,271,0.061,0.5444,0.033,22.63,0,0,-247575,0,2.0855,23.911,0,0,0,0,12,0,0,0,0,1,0,49471,10812,41416,29.81
32340,272,0.041,0.5439,0.022,22.57,0,0,-247637,0,2.0863,23.934,0,0,0,0,12,0,0,0,0,1,0,49466,10801,41432,29.92
32450,273,0.012,0.5435,0.007,22.62,0,0,-247573,0,2.0863,23.935,0,0,0,0,12,0,0,0,0,1,0,49459,10793,41433,30.03
32560,274,-0.008,0.5431,-0.004,23.49,0,0,-246776,0,2.0863,23.934,0,0,0,0,12,0,0,0,0,1,0,49454,10785,41432,30.14
32670,275,0.037,0.5426,0.02,25.77,0,0,-244892,0,2.0861,23.929,0,0,0,0,12,0,0,0,0,1,0,49465,10775,41429,30.25
32780,276,0.008,0.542,0.005,30.27,0,0,-241343,0,2.0861,23.928,0,0,0,0,12,0,0,0,0,1,0,49458,10764,41428,30.36
32890,277,0.081,0.5415,0.044,36.25,0,0,-237035,0,2.0863,23.935,0,0,0,0,12,0,0,0,0,1,0,49476,10754,41433,30.47
33000,278,0.025,0.5413,0.013,38.97,0,0,-236172,0,2.0864,23.936,0,0,0,0,12,0,0,0,0,1,0,49462,10750,41434,30.58
33110,279,0.081,0.5408,0.044,39.72,0,0,-236231,0,2.0864,23.936,0,0,0,0,12,0,0,0,0,1,0,49476,10740,41434,30.69
33220,280,0.089,0.5412,0.048,40.12,0,0,-236071,0,2.0863,23.934,0,0,0,0,12,0,0,0,0,1,0,49478,10748,41432,30.8
33330,281,0.117,0.5404,0.063,40.41,0,0,-235914,0,2.0859,23.922,0,0,0,0,12,0,0,0,0,1,0,49485,10732,41424,30.91
33440,282,0.037,0.5401,0.02,40.67,0,0,-235750,0,2.0861,23.928,0,0,0,0,12,0,0,0,0,1,0,49465,10725,41428,31.02
33550,283,0.073,0.5397,0.039,40.59,0,0,-235897,0,2.0863,23.935,0,0,0,0,12,0,0,0,0,1,0,49474,10718,41433,31.13
33660,284,0.061,0.5393,0.033,40.49,0,0,-235973,0,2.0862,23.931,0,0,0,0,12,0,0,0,0,1,0,49471,10711,41430,31.24
33770,285,0.029,0.5388,0.015,40.51,0,0,-235916,0,2.0861,23.929,0,0,0,0,12,0,0,0,0,1,0,49463,10700,41429,31.35
33880,286,0.029,0.5386,0.015,40.47,0,0,-235968,0,2.0857,23.918,0,0,0,0,12,0,0,0,0,1,0,49463,10697,41421,31.46
33990,287,0.041,0.538,0.022,40.39,0,0,-236029,0,2.0861,23.929,0,0,0,0,12,0,0,0,0,1,0,49466,10684,41429,31.57
34100,288,0.093,0.5375,0.05,40.28,0,0,-236108,0,2.0863,23.935,0,0,0,0,12,0,0,0,0,1,0,49479,10675,41433,31.68
34210,289,0.045,0.5366,0.024,40.28,0,0,-236081,0,2.0864,23.936,0,0,0,0,12,0,0,0,0,1,0,49467,10657,41434,31.79
34320,290,0.041,0.537,0.022,40.33,0,0,-236030,0,2.0857,23.917,0,0,0,0,12,0,0,0,0,1,0,49466,10665,41420,31.9
34430,291,0.089,0.5358,0.048,40.22,0,0,-236145,0,2.0863,23.934,0,0,0,0,12,0,0,0,0,1,0,49478,10641,41432,32.01
34540,292,0.093,0.5361,0.05,40.13,0,0,-236202,0,2.0862,23.932,0,0,0,0,12,0,0,0,0,1,0,49479,10647,41431,32.12
34650,293,0.033,0.5358,0.017,40.16,0,0,-236151,0,2.0863,23.935,0,0,0,0,12,0,0,0,0,1,0,49464,10640,41433,32.23
34760,294,0.053,0.5347,0.028,40.29,0,0,-236030,0,2.0862,23.931,0,0,0,0,12,0,0,0,0,1,0,49469,10619,41430,32.34
34870,295,0.053,0.5343,0.028,40.29,0,0,-236076,0,2.0863,23.934,0,0,0,0,12,0,0,0,0,1,0,49469,10611,41432,32.45
34980,296,0.065,0.5343,0.035,40.2,0,0,-236150,0,2.0864,23.938,0,0,0,0,12,0,0,0,0,1,0,49472,10610,41435,32.56
35090,297,0.025,0.534,0.013,40.49,0,0,-235858,0,2.0863,23.934,0,0,0,0,12,0,0,0,0,1,0,49462,10605,41432,32.67
35200,298,-0.028,0.5329,-0.015,40.67,0,0,-235772,0,2.0861,23.928,0,0,0,0,12,0,0,0,0,1,0,49449,10583,41428,32.78
35310,299,0.053,0.5332,0.028,40.73,0,0,-235772,0,2.0862,23.931,0,0,0,0,12,0,0,0,0,1,0,49469,10589,41430,32.89
35420,300,0.069,0.5327,0.037,40.88,0,0,-235645,0,2.0864,23.938,0,0,0,0,12,0,0,0,0,1,0,49473,10578,41435,33
35530,301,-0.028,0.5327,-0.015,41.01,0,0,-235567,0,2.0864,23.936,0,0,0,0,12,0,0,0,0,1,0,49449,10579,41434,33.11
35640,302,0.057,0.5325,0.03,40.92,0,0,-235685,0,2.0859,23.924,0,0,0,0,12,0,0,0,0,1,0,49470,10574,41425,33.22
35750,303,0.077,0.5315,0.041,40.78,0,0,-235790,0,2.086,23.925,0,0,0,0,12,0,0,0,0,1,0,49475,10555,41426,33.33
35860,304,0.085,0.5314,0.045,40.79,0,0,-235742,0,2.0862,23.931,0,0,0,0,12,0,0,0,0,1,0,49477,10554,41430,33.44
35970,305,-0.012,0.5309,-0.006,40.59,0,0,-235931,0,2.0862,23.931,0,0,0,0,12,0,0,0,0,1,0,49453,10543,41430,33.55
36080,306,0.073,0.5303,0.039,40.49,0,0,-235969,0,2.0863,23.934,0,0,0,0,12,0,0,0,0,1,0,49474,10532,41432,33.66
36190,307,0.065,0.5289,0.034,40.62,0,0,-235820,0,2.0862,23.931,0,0,0,0,12,-350,0,0,0,1,0,49472,10504,41430,33.77
36300,308,0.113,0.5377,0.061,41.11,0,0,-235402,0,2.086,23.927,-16.4,-115,3.42,0.16,12,-350,0,0,0,1,0,49484,10679,41427,33.88
36410,309,-0.024,0.5293,-0.013,41.53,0,0,-235148,0,2.086,23.925,-124.6,-872,14.72,1.68,11.9,-350,0,0,0,1,0,49450,10511,41426,33.99
36520,310,0.081,0.5292,0.043,41.75,0,0,-235057,0,2.0865,23.939,-275.6,-1929,10.85,1.91,12,-350,0,0,0,1,0,49476,10510,41436,34.1
36630,311,0.069,0.5287,0.036,41.77,0,0,-235099,0,2.0863,23.935,-357.6,-2503,3.68,0.66,12,-350,0,0,0,1,0,49473,10500,41433,34.21
36740,312,0.049,0.5281,0.026,41.78,0,0,-235096,0,2.0865,23.939,-383.3,-2683,1.05,0.17,12,-350,0,0,0,1,0,49468,10487,41436,34.32
36850,313,-0.02,0.5282,-0.01,41.7,0,0,-235179,0,2.0855,23.912,-383,-2681,0.42,0.05,12,-350,0,0,0,1,0,49451,10490,41417,34.43
36960,314,0.089,0.5276,0.047,41.68,0,0,-235171,0,2.0859,23.922,-378.9,-2652,0.44,0.06,12,-350,0,0,0,1,0,49478,10478,41424,34.54
37070,315,0.081,0.5273,0.043,41.73,0,0,-235118,0,2.0863,23.934,-375.1,-2626,0.64,0.09,12,-350,0,0,0,1,0,49476,10472,41432,34.65
37180,316,0.037,0.5266,0.019,41.79,0,0,-235077,0,2.0861,23.929,-369.3,-2585,0.69,0.1,12,-350,0,0,0,1,0,49465,10457,41429,34.76
37290,317,0.101,0.5255,0.053,41.86,0,0,-235026,0,2.086,23.925,-367.6,-2573,0.77,0.1,12,-350,0,0,0,1,0,49481,10436,41426,34.87
37400,318,0.004,0.526,0.002,41.87,0,0,-235038,0,2.0862,23.931,-365.6,-2559,0.79,0.11,12,-350,0,0,0,1,0,49457,10445,41430,34.98
37510,319,0.053,0.5257,0.028,41.85,0,0,-235058,0,2.0863,23.934,-362.4,-2537,0.8,0.11,12,-350,0,0,0,1,0,49469,10440,41432,35.09
37620,320,0.037,0.5253,0.019,41.84,0,0,-235067,0,2.0864,23.938,-361.9,-2533,0.86,0.12,12,-350,0,0,0,1,0,49465,10432,41435,35.2
37730,321,0.073,0.525,0.038,41.82,0,0,-235081,0,2.0861,23.928,-360.7,-2525,0.86,0.12,12,-350,0,0,0,1,0,49474,10427,41428,35.31
37840,322,0.061,0.5254,0.032,41.76,0,0,-235131,0,2.0863,23.935,-358.7,-2511,0.83,0.12,12,-350,0,0,0,1,0,49471,10433,41433,35.42
37950,323,0.109,0.524,0.057,41.73,0,0,-235136,0,2.0864,23.936,-359,-2513,0.88,0.12,12,-350,0,0,0,1,0,49483,10407,41434,35.53
38060,324,0.065,0.524,0.034,41.77,0,0,-235098,0,2.0862,23.932,-356.3,-2494,0.86,0.13,12,-350,0,0,0,1,0,49472,10407,41431,35.64
38170,325,0.085,0.523,0.044,41.73,0,0,-235141,0,2.0862,23.931,-355.4,-2488,0.9,0.13,12,-350,0,0,0,1,0,49477,10386,41430,35.75
38280,326,0.041,0.5222,0.021,41.71,0,0,-235149,0,2.0866,23.942,-355,-2485,0.93,0.13,12,-350,0,0,0,1,0,49466,10370,41438,35.86
38390,327,0.121,0.5217,0.063,41.74,0,0,-235119,0,2.0864,23.938,-354.1,-2479,0.89,0.13,12,-350,0,0,0,1,0,49486,10360,41435,35.97
38500,328,0.061,0.5226,0.032,41.66,0,0,-235201,0,2.086,23.927,-353.6,-2475,0.92,0.13,12,-350,0,0,0,1,0,49471,10378,41427,36.08
38610,329,0.045,0.5219,0.023,41.58,0,0,-235255,0,2.0863,23.934,-354.7,-2483,0.93,0.13,12,-350,0,0,0,1,0,49467,10365,41432,36.19
38720,330,0.021,0.5215,0.011,41.52,0,0,-235287,0,2.0866,23.942,-352.3,-2466,0.89,0.13,12,-350,0,0,0,1,0,49461,10357,41438,36.3
38830,331,0.037,0.5211,0.019,41.46,0,0,-235326,0,2.0859,23.922,-353.4,-2474,0.92,0.13,12,-350,0,0,0,1,0,49465,10349,41424,36.41
38940,332,0.065,0.5214,0.034,41.33,0,0,-235430,0,2.086,23.927,-353,-2471,0.94,0.13,12,-350,0,0,0,1,0,49472,10354,41427,36.52
39050,333,0.089,0.5203,0.046,41.26,0,0,-235458,0,2.086,23.927,-352,-2464,0.9,0.13,12,-350,0,0,0,1,0,49478,10333,41427,36.63
39160,334,-0.04,0.5238,-0.021,41.21,0,0,-235482,0,2.0865,23.939,-351.7,-2462,0.94,0.13,12,-350,0,0,0,1,0,49446,10402,41436,36.74
39270,335,0.045,0.5197,0.023,41.12,0,0,-235559,0,2.0864,23.936,-351.6,-2461,0.96,0.13,12,-350,0,0,0,1,0,49467,10320,41434,36.85
39380,336,-0.012,0.516,-0.006,41.09,0,0,-235553,0,2.0861,23.928,-350.6,-2454,0.92,0.13,12,-350,0,0,0,1,0,49453,10248,41428,36.96
39490,337,0.053,0.5188,0.027,41.05,0,0,-235589,0,2.0859,23.922,-351.1,-2458,0.94,0.13,12,-350,0,0,0,1,0,49469,10303,41424,37.07
39600,338,0.012,0.5224,0.007,41.09,0,0,-235534,0,2.0864,23.938,-350.4,-2453,0.96,0.14,12,-350,0,0,0,1,0,49459,10375,41435,37.18
39710,339,0.012,0.5174,0.006,41.06,0,0,-235576,0,2.0862,23.931,-350.6,-2454,0.96,0.13,12,-350,0,0,0,1,0,49459,10275,41430,37.29
39820,340,0.037,0.518,0.019,40.91,0,0,-235708,0,2.0861,23.928,-351.1,-2458,0.98,0.14,12,-350,0,0,0,1,0,49465,10288,41428,37.4
39930,341,0.037,0.5174,0.019,40.86,0,0,-235712,0,2.0863,23.934,-352,-2464,0.94,0.14,12,-350,0,0,0,1,0,49465,10276,41432,37.51
40040,342,0.045,0.5175,0.023,40.78,0,0,-235772,0,2.0862,23.932,-350.6,-2454,0.98,0.13,12,-350,0,0,0,1,0,49467,10277,41431,37.62
40150,343,0.012,0.5174,0.006,40.53,0,0,-235982,0,2.0861,23.928,-351.4,-2460,0.95,0.14,12,-350,0,0,0,1,0,49459,10275,41428,37.73
40260,344,0.077,0.5166,0.04,40.51,0,0,-235930,0,2.0861,23.928,-350.1,-2451,0.92,0.13,12,-350,0,0,0,1,0,49475,10259,41428,37.84
40370,345,0.069,0.5159,0.036,40.46,0,0,-235972,0,2.0864,23.938,-350.4,-2453,0.97,0.13,12,-350,0,0,0,1,0,49473,10245,41435,37.95
40480,346,0.012,0.5151,0.006,40.49,0,0,-235935,0,2.0863,23.935,-348.9,-2442,0.97,0.14,12,-350,0,0,0,1,0,49459,10229,41433,38.06
40590,347,0.017,0.5154,0.009,40.42,0,0,-236007,0,2.0863,23.935,-349.4,-2446,0.96,0.14,12,-350,0,0,0,1,0,49460,10236,41433,38.17
40700,348,0.033,0.5138,0.017,40.42,0,0,-235982,0,2.0861,23.928,-350.7,-2455,0.95,0.13,12,-350,0,0,0,1,0,49464,10203,41428,38.28
40810,349,0.049,0.5152,0.025,40.38,0,0,-236020,0,2.0864,23.936,-349.7,-2448,0.96,0.14,12,-350,0,0,0,1,0,49468,10232,41434,38.39
40920,350,0.017,0.5138,0.008,40.63,0,0,-235782,0,2.0863,23.934,-349.7,-2448,0.94,0.13,12,-350,0,0,0,1,0,49460,10204,41432,38.5
41030,351,0.105,0.5141,0.054,41.47,0,0,-235070,0,2.0864,23.938,-349.9,-2449,0.98,0.13,12,-350,0,0,0,1,0,49482,10209,41435,38.61
41140,352,0.029,0.5104,0.015,42,0,0,-234805,0,2.0862,23.931,-349.6,-2447,0.94,0.14,12,-350,0,0,0,1,0,49463,10137,41430,38.72
41250,353,0.101,0.5134,0.052,41.78,0,0,-235163,0,2.0861,23.929,-349.1,-2444,0.96,0.13,12,-350,0,0,0,1,0,49481,10195,41429,38.83
41360,354,0.037,0.5124,0.019,41.52,0,0,-235345,0,2.0863,23.934,-351,-2457,0.99,0.14,12,-350,0,0,0,1,0,49465,10175,41432,38.94
41470,355,0.065,0.513,0.033,41.35,0,0,-235426,0,2.0858,23.921,-349.6,-2447,0.95,0.14,12,-350,0,0,0,1,0,49472,10187,41423,39.05
41580,356,0.081,0.5128,0.042,41.26,0,0,-235468,0,2.0858,23.919,-350.4,-2453,0.98,0.13,12,-350,0,0,0,1,0,49476,10184,41422,39.16
41690,357,0.089,0.5116,0.046,41.21,0,0,-235481,0,2.0866,23.941,-350.7,-2455,0.96,0.14,12,-350,0,0,0,1,0,49478,10159,41437,39.27
41800,358,0.029,0.5112,0.015,41.13,0,0,-235545,0,2.0864,23.936,-350.3,-2452,0.93,0.14,12,-350,0,0,0,1,0,49463,10152,41434,39.38
41910,359,0.093,0.5109,0.048,41.06,0,0,-235586,0,2.0863,23.935,-350.1,-2451,0.97,0.13,12,-350,0,0,0,1,0,49479,10147,41433,39.49
42020,360,0.037,0.5106,0.019,41.04,0,0,-235586,0,2.0864,23.936,-350.1,-2451,0.96,0.14,12,-350,0,0,0,1,0,49465,10141,41434,39.6
42130,361,0.105,0.5097,0.054,41.01,0,0,-235610,0,2.0863,23.934,-349.9,-2449,0.95,0.13,12,-350,0,0,0,1,0,49482,10122,41432,39.71
42240,362,-0.004,0.5097,-0.002,40.88,0,0,-235727,0,2.0861,23.929,-350.9,-2456,0.97,0.14,12,-350,0,0,0,1,0,49455,10122,41429,39.82
42350,363,0.065,0.5069,0.033,40.83,0,0,-235728,0,2.0855,23.911,-349.4,-2446,0.92,0.14,12,-350,0,0,0,1,0,49472,10067,41416,39.93
42460,364,0.057,0.5089,0.029,40.8,0,0,-235749,0,2.0862,23.932,-349.6,-2447,0.96,0.13,12,-350,0,0,0,1,0,49470,10107,41431,40.04
42570,365,0.045,0.5081,0.023,40.63,0,0,-235892,0,2.0864,23.938,-351.6,-2461,0.97,0.13,12,-350,0,0,0,1,0,49467,10090,41435,40.15
42680,366,0,0.5069,0,40.3,0,0,-236156,0,2.0864,23.938,-349.6,-2447,0.93,0.14,12,-350,0,0,0,1,0,49456,10067,41435,40.26
42790,367,0.033,0.5078,0.017,40.14,0,0,-236209,0,2.086,23.927,-350.6,-2454,0.97,0.13,12,-350,0,0,0,1,0,49464,10084,41427,40.37
42900,368,0.065,0.5067,0.033,40.14,0,0,-236173,0,2.0867,23.944,-350.6,-2454,0.98,0.14,12,-350,0,0,0,1,0,49472,10062,41439,40.48
43010,369,0.069,0.5071,0.035,40.24,0,0,-236075,0,2.0856,23.915,-350.4,-2453,0.94,0.14,12,-350,0,0,0,1,0,49473,10070,41419,40.59
43120,370,-0.016,0.5071,-0.008,40.3,0,0,-236049,0,2.0863,23.935,-349.7,-2448,0.97,0.13,12,-350,0,0,0,1,0,49452,10071,41433,40.7
43230,371,0.021,0.5056,0.01,40.31,0,0,-236053,0,2.0859,23.922,-351.1,-2458,0.98,0.14,12,-350,0,0,0,1,0,49461,10041,41424,40.81
43340,372,0.057,0.5056,0.029,40.28,0,0,-236085,0,2.0868,23.946,-349.6,-2447,0.94,0.13,12,-350,0,0,0,1,0,49470,10040,41441,40.92
43450,373,0.061,0.5058,0.031,40.15,0,0,-236198,0,2.0864,23.938,-350.9,-2456,0.99,0.13,12,-350,0,0,0,1,0,49471,10045,41435,41.03
43560,374,0.004,0.5055,0.002,40.11,0,0,-236195,0,2.0864,23.938,-349.1,-2444,0.95,0.14,12,-350,0,0,0,1,0,49457,10039,41435,41.14
43670,375,0.061,0.5054,0.031,40.09,0,0,-236208,0,2.0864,23.938,-350,-2450,0.97,0.13,12,-350,0,0,0,1,0,49471,10037,41435,41.25
43780,376,0.081,0.5034,0.041,40.01,0,0,-236278,0,2.0859,23.922,-350.1,-2451,0.97,0.13,12,-350,0,0,0,1,0,49476,9997,41424,41.36
43890,377,0.065,0.5046,0.033,39.9,0,0,-236358,0,2.0859,23.922,-349.3,-2445,0.93,0.14,12,-350,0,0,0,1,0,49472,10020,41424,41.47
44000,378,0.049,0.5043,0.025,39.84,0,0,-236379,0,2.0859,23.924,-350,-2450,0.97,0.13,12,-350,0,0,0,1,0,49468,10014,41425,41.58
44110,379,0.097,0.5033,0.049,39.82,0,0,-236382,0,2.0863,23.934,-350.7,-2455,0.99,0.14,12,-350,0,0,0,1,0,49480,9996,41432,41.69
44220,380,0.069,0.5024,0.035,39.75,0,0,-236444,0,2.0862,23.932,-349.9,-2449,0.95,0.14,12,-350,0,0,0,1,0,49473,9977,41431,41.8
44330,381,-0.008,0.5021,-0.004,39.61,0,0,-236554,0,2.0861,23.928,-350.1,-2451,0.97,0.13,12,-350,0,0,0,1,0,49454,9971,41428,41.91
44440,382,0.085,0.5029,0.043,39.72,0,0,-236415,0,2.0858,23.921,-350.7,-2455,0.97,0.14,12,-350,0,0,0,1,0,49477,9988,41423,42.02
44550,383,0.045,0.5,0.022,39.62,0,0,-236532,0,2.086,23.927,-349.6,-2447,0.95,0.13,12,-350,0,0,0,1,0,49467,9930,41427,42.13
44660,384,0.073,0.5013,0.037,39.44,0,0,-236674,0,2.0863,23.934,-351.4,-2460,0.99,0.13,12,-350,0,0,0,1,0,49474,9955,41432,42.24
44770,385,0.037,0.5013,0.018,39.21,0,0,-236843,0,2.0866,23.941,-350.9,-2456,0.96,0.14,12,-350,0,0,0,1,0,49465,9956,41437,42.35
44880,386,0.065,0.5016,0.033,39.11,0,0,-236868,0,2.086,23.925,-350.3,-2452,0.96,0.13,12,-350,0,0,0,1,0,49472,9961,41426,42.46
44990,387,0.105,0.4996,0.053,39.32,0,0,-236642,0,2.0865,23.939,-350.3,-2452,0.98,0.13,12,-350,0,0,0,1,0,49482,9921,41436,42.57
45100,388,0.065,0.5003,0.032,39.52,0,0,-236521,0,2.086,23.925,-348.7,-2441,0.95,0.14,12,-350,0,0,0,1,0,49472,9936,41426,42.68
45210,389,0.053,0.5088,0.027,39.56,0,0,-236532,0,2.0864,23.936,-348.9,-2442,0.98,0.13,12,-350,0,0,0,1,0,49469,10105,41434,42.79
45320,390,0.081,0.4994,0.04,39.53,0,0,-236576,0,2.0856,23.915,-348.9,-2442,0.99,0.14,12,-350,0,0,0,1,0,49476,9917,41419,42.9
45430,391,0.025,0.4984,0.012,39.91,0,0,-236216,0,2.0862,23.931,-349.1,-2444,0.94,0.14,12,-350,0,0,0,1,0,49462,9898,41430,43.01
45540,392,-0.008,0.4988,-0.004,40.14,0,0,-236103,0,2.0862,23.932,-350.1,-2451,0.99,0.13,12,-350,0,0,0,1,0,49454,9906,41431,43.12
45650,393,0.105,0.4996,0.053,40.33,0,0,-235989,0,2.0863,23.934,-350.1,-2451,0.99,0.14,12,-350,0,0,0,1,0,49482,9921,41432,43.23
45760,394,0.053,0.4984,0.026,40.37,0,0,-236012,0,2.0861,23.928,-349.1,-2444,0.93,0.14,12,-350,0,0,0,1,0,49469,9898,41428,43.34
45870,395,0.049,0.4927,0.024,40.32,0,0,-236062,0,2.0864,23.938,-350.4,-2453,0.96,0.13,12,-350,0,0,0,1,0,49468,9784,41435,43.45
45980,396,0.065,0.4952,0.032,40.53,0,0,-235853,0,2.0863,23.934,-350.6,-2454,0.97,0.14,12,-350,0,0,0,1,0,49472,9834,41432,43.56
46090,397,0.033,0.4989,0.016,40.86,0,0,-235606,0,2.0863,23.935,-350,-2450,0.96,0.13,12,-350,0,0,0,1,0,49464,9908,41433,43.67
46200,398,0.045,0.4962,0.022,41.25,0,0,-235339,0,2.0864,23.936,-350.6,-2454,0.98,0.14,12,-350,0,0,0,1,0,49467,9855,41434,43.78
46310,399,0.049,0.4967,0.024,41.32,0,0,-235377,0,2.0858,23.919,-350.7,-2455,0.94,0.14,12,-350,0,0,0,1,0,49468,9865,41422,43.89
46420,400,0.077,0.4962,0.038,41.26,0,0,-235455,0,2.0857,23.918,-349.6,-2447,0.95,0.13,12,-350,0,0,0,1,0,49475,9855,41421,44
46530,401,0.004,0.4963,0.002,41.37,0,0,-235335,0,2.0864,23.936,-348.6,-2440,1,0.14,12,-350,0,0,0,1,0,49457,9856,41434,44.11
46640,402,0.089,0.4956,0.044,41.56,0,0,-235190,0,2.0863,23.935,-348.7,-2441,0.93,0.14,12,-350,0,0,0,1,0,49478,9843,41433,44.22
46750,403,0.061,0.4954,0.03,41.71,0,0,-235108,0,2.0863,23.935,-350,-2450,0.98,0.13,12,-350,0,0,0,1,0,49471,9838,41433,44.33
46860,404,0.033,0.4952,0.016,42.04,0,0,-234834,0,2.0869,23.949,-349.3,-2445,0.96,0.13,12,-350,0,0,0,1,0,49464,9834,41443,44.44
46970,405,-0.064,0.4956,-0.032,42.19,0,0,-234792,0,2.086,23.925,-349,-2443,0.96,0.14,12,-350,0,0,0,1,0,49440,9842,41426,44.55
47080,406,0.069,0.4944,0.034,42.34,0,0,-234691,0,2.0861,23.928,-350.1,-2451,0.96,0.13,12,-350,0,0,0,1,0,49473,9818,41428,44.66
47190,407,0.057,0.4944,0.028,42.44,0,0,-234647,0,2.086,23.927,-348.6,-2440,0.95,0.14,12,-350,0,0,0,1,0,49470,9818,41427,44.77
47300,408,0.065,0.4942,0.032,42.27,0,0,-234828,0,2.0861,23.929,-349.9,-2449,0.96,0.13,12,-350,0,0,0,1,0,49472,9815,41429,44.88
47410,409,0.061,0.4931,0.03,42.22,0,0,-234830,0,2.0859,23.924,-350.1,-2451,0.98,0.13,12,-350,0,0,0,1,0,49471,9793,41425,44.99
47520,410,0.065,0.492,0.032,42.22,0,0,-234816,0,2.0863,23.935,-351,-2457,0.95,0.14,12,-350,0,0,0,1,0,49472,9771,41433,45.1
47630,411,0.012,0.4928,0.006,42.3,0,0,-234737,0,2.0859,23.924,-350,-2450,0.97,0.13,12,-350,0,0,0,1,0,49459,9787,41425,45.21
47740,412,0.041,0.4923,0.02,42.33,0,0,-234735,0,2.0863,23.934,-351,-2457,0.99,0.14,12,-350,0,0,0,1,0,49466,9777,41432,45.32
47850,413,0.113,0.4921,0.056,42.41,0,0,-234662,0,2.086,23.927,-349.4,-2446,0.91,0.14,12,-350,0,0,0,1,0,49484,9772,41427,45.43
47960,414,0.017,0.492,0.008,42.47,0,0,-234633,0,2.0865,23.939,-349.9,-2449,0.96,0.13,12,-350,0,0,0,1,0,49460,9770,41436,45.54
48070,415,0.105,0.4913,0.052,42.5,0,0,-234626,0,2.0864,23.936,-349,-2443,0.98,0.14,12,-350,0,0,0,1,0,49482,9757,41434,45.65
48180,416,0.089,0.4904,0.044,42.61,0,0,-234523,0,2.0862,23.931,-349.3,-2445,0.95,0.14,12,-350,0,0,0,1,0,49478,9739,41430,45.76
48290,417,0.061,0.4916,0.03,42.6,0,0,-234566,0,2.0861,23.928,-350.4,-2453,0.95,0.13,12,-350,0,0,0,1,0,49471,9762,41428,45.87
48400,418,0.053,0.4902,0.026,42.48,0,0,-234674,0,2.0858,23.919,-349.3,-2445,0.96,0.14,12,-350,0,0,0,1,0,49469,9734,41422,45.98
48510,419,0.069,0.4904,0.034,42.43,0,0,-234696,0,2.0864,23.936,-349.9,-2449,0.94,0.13,12,-350,0,0,0,1,0,49473,9738,41434,46.09
48620,420,0.021,0.4901,0.01,42.36,0,0,-234738,0,2.0863,23.935,-349.9,-2449,0.97,0.13,12,-350,0,0,0,1,0,49461,9733,41433,46.2
48730,421,0.061,0.4888,0.03,42.44,0,0,-234644,0,2.0862,23.932,-349.7,-2448,0.93,0.14,12,-350,0,0,0,1,0,49471,9708,41431,46.31
48840,422,0.029,0.4884,0.014,42.46,0,0,-234648,0,2.0864,23.936,-349.6,-2447,0.96,0.13,12,-350,0,0,0,1,0,49463,9700,41434,46.42
48950,423,0.085,0.4866,0.041,42.43,0,0,-234682,0,2.0862,23.932,-350.9,-2456,0.98,0.13,12,-350,0,0,0,1,0,49477,9663,41431,46.53
49060,424,-0.016,0.489,-0.008,42.31,0,0,-234787,0,2.0861,23.929,-349.7,-2448,0.92,0.14,12,-350,0,0,0,1,0,49452,9712,41429,46.64
49170,425,0.012,0.4888,0.006,42.17,0,0,-234882,0,2.0863,23.934,-350.3,-2452,0.97,0.13,12,-350,0,0,0,1,0,49459,9708,41432,46.75
49280,426,-0.052,0.4877,-0.025,42.24,0,0,-234781,0,2.0863,23.935,-350.1,-2451,0.97,0.14,12,-350,0,0,0,1,0,49443,9686,41433,46.86
49390,427,0.065,0.4871,0.032,42.42,0,0,-234630,0,2.0863,23.935,-350.1,-2451,0.93,0.14,12,-350,0,0,0,1,0,49472,9674,41433,46.97
49500,428,0.097,0.4875,0.047,42.41,0,0,-234692,0,2.0862,23.931,-350,-2450,0.96,0.13,12,-350,0,0,0,1,0,49480,9682,41430,47.08
49610,429,0.069,0.486,0.033,42.35,0,0,-234750,0,2.0864,23.938,-349.7,-2448,0.97,0.14,12,-350,0,0,0,1,0,49473,9651,41435,47.19
49720,430,0.057,0.4872,0.028,42.48,0,0,-234605,0,2.0866,23.941,-350.1,-2451,0.94,0.13,12,-350,0,0,0,1,0,49470,9675,41437,47.3
49830,431,0.073,0.4865,0.035,42.37,0,0,-234746,0,2.0864,23.938,-350.7,-2455,0.98,0.13,12,-350,0,0,0,1,0,49474,9662,41435,47.41
49940,432,0.081,0.486,0.039,42.32,0,0,-234762,0,2.0863,23.934,-349.4,-2446,0.91,0.13,12,-350,0,0,0,1,0,49476,9652,41432,47.52
50050,433,0.081,0.4854,0.039,42.27,0,0,-234794,0,2.0866,23.941,-349.3,-2445,0.95,0.13,12,-350,0,0,0,1,0,49476,9640,41437,47.63
50160,434,0.012,0.4845,0.006,42.18,0,0,-234865,0,2.0864,23.936,-351,-2457,0.99,0.13,12,-350,0,0,0,1,0,49459,9621,41434,47.74
50270,435,0.045,0.4853,0.022,42.21,0,0,-234811,0,2.0865,23.939,-349.6,-2447,0.92,0.14,12,-350,0,0,0,1,0,49467,9637,41436,47.85
50380,436,0,0.4852,0,42.2,0,0,-234831,0,2.0861,23.929,-350.6,-2454,0.96,0.13,12,-350,0,0,0,1,0,49456,9635,41429,47.96
50490,437,0.093,0.486,0.045,42.11,0,0,-234912,0,2.0867,23.944,-350.6,-2454,0.98,0.14,12,-350,0,0,0,1,0,49479,9652,41439,48.07
50600,438,0.065,0.4919,0.032,42.1,0,0,-234890,0,2.0864,23.938,-350.3,-2452,0.93,0.14,12,-350,0,0,0,1,0,49472,9768,41435,48.18
50710,439,0.045,0.4838,0.022,42.12,0,0,-234870,0,2.0864,23.938,-349.7,-2448,0.95,0.13,12,-350,0,0,0,1,0,49467,9608,41435,48.29
50820,440,0.077,0.4808,0.037,42.22,0,0,-234790,0,2.0867,23.944,-351.1,-2458,0.97,0.14,12,-350,0,0,0,1,0,49475,9549,41439,48.4
50930,441,0.037,0.4835,0.018,42.32,0,0,-234716,0,2.0862,23.932,-349.9,-2449,0.94,0.13,12,-350,0,0,0,1,0,49465,9602,41431,48.51
51040,442,0,0.4829,0,42.35,0,0,-234723,0,2.0864,23.938,-351,-2457,0.98,0.13,12,-350,0,0,0,1,0,49456,9589,41435,48.62
51150,443,0.012,0.4829,0.006,42.32,0,0,-234758,0,2.0864,23.936,-349.1,-2444,0.95,0.14,12,-300,0,0,0,1,0,49459,9590,41434,48.73
51260,444,0.029,0.4801,0.014,42.29,0,0,-234776,0,2.0864,23.936,-328.9,-2302,-2.17,-0.26,12.2,-300,0,0,0,1,0,49463,9535,41434,48.84
51370,445,0.057,0.4823,0.027,42.31,0,0,-234753,0,2.0865,23.939,-306.6,-2146,-0.37,-0.04,12,-300,0,0,0,1,0,49470,9578,41436,48.95
51480,446,0.017,0.4818,0.008,42.28,0,0,-234778,0,2.0863,23.935,-296.3,-2074,0.6,0.07,12,-300,0,0,0,1,0,49460,9569,41433,49.06
51590,447,0.017,0.4819,0.008,42.33,0,0,-234732,0,2.0863,23.935,-294.3,-2060,0.96,0.12,12,-300,0,0,0,1,0,49460,9570,41433,49.17
51700,448,0.008,0.4805,0.004,42.33,0,0,-234738,0,2.0866,23.942,-293.7,-2056,0.96,0.12,12,-300,0,0,0,1,0,49458,9543,41438,49.28
51810,449,0.037,0.4783,0.018,42.41,0,0,-234664,0,2.0861,23.929,-295.7,-2070,1,0.12,12,-300,0,0,0,1,0,49465,9498,41429,49.39
51920,450,0.053,0.4804,0.025,42.48,0,0,-234623,0,2.0866,23.941,-295.9,-2071,0.94,0.12,12,-300,0,0,0,1,0,49469,9541,41437,49.5
52030,451,-0.036,0.4802,-0.017,42.45,0,0,-234669,0,2.0862,23.932,-297.4,-2082,0.97,0.12,12,-300,0,0,0,1,0,49447,9537,41431,49.61
52140,452,0.073,0.4799,0.035,42.52,0,0,-234601,0,2.0864,23.936,-296,-2072,0.94,0.12,12,-300,0,0,0,1,0,49474,9530,41434,49.72
52250,453,-0.004,0.48,-0.002,42.68,0,0,-234471,0,2.0867,23.944,-297.4,-2082,0.95,0.11,12,-300,0,0,0,1,0,49455,9533,41439,49.83
52360,454,0.041,0.4798,0.02,42.77,0,0,-234431,0,2.0863,23.934,-296.7,-2077,0.96,0.12,12,-300,0,0,0,1,0,49466,9528,41432,49.94
52470,455,0.004,0.4791,0.002,42.8,0,0,-234428,0,2.0859,23.924,-299,-2093,0.94,0.11,12,-300,0,0,0,1,0,49457,9514,41425,50.05
52580,456,0.081,0.4739,0.038,42.82,0,0,-234414,0,2.0862,23.932,-299.7,-2098,0.98,0.12,12,-300,0,0,0,1,0,49476,9411,41431,50.16
52690,457,0.049,0.4782,0.023,42.86,0,0,-234381,0,2.0864,23.938,-298,-2086,0.92,0.11,12,-300,0,0,0,1,0,49468,9497,41435,50.27
52800,458,0.065,0.4784,0.031,42.88,0,0,-234375,0,2.0863,23.935,-299.1,-2094,0.95,0.12,12,-300,0,0,0,1,0,49472,9501,41433,50.38
52910,459,0.081,0.4784,0.039,43.05,0,0,-234223,0,2.086,23.925,-298.4,-2089,0.9,0.11,12,-300,0,0,0,1,0,49476,9500,41426,50.49
53020,460,0.021,0.4773,0.01,43.14,0,0,-234191,0,2.0862,23.932,-299.7,-2098,0.93,0.11,12,-300,0,0,0,1,0,49461,9479,41431,50.6
53130,461,0.053,0.4773,0.025,43.13,0,0,-234223,0,2.0865,23.939,-299.6,-2097,0.91,0.12,12,-300,0,0,0,1,0,49469,9479,41436,50.71
53240,462,0.021,0.4775,0.01,43.17,0,0,-234184,0,2.0866,23.941,-300.3,-2102,0.94,0.11,12,-300,0,0,0,1,0,49461,9482,41437,50.82
53350,463,0.125,0.4755,0.06,43.21,0,0,-234161,0,2.0862,23.931,-299,-2093,0.9,0.12,12,-300,0,0,0,1,0,49487,9443,41430,50.93
53460,464,0.053,0.4762,0.025,43.25,0,0,-234133,0,2.0859,23.922,-299.4,-2096,0.92,0.11,12,-300,0,0,0,1,0,49469,9457,41424,51.04
53570,465,0.097,0.4752,0.046,43.23,0,0,-234162,0,2.0856,23.915,-299,-2093,0.92,0.12,12,-300,0,0,0,1,0,49480,9438,41419,51.15
53680,466,0.029,0.4768,0.014,43.25,0,0,-234136,0,2.0863,23.935,-300.3,-2102,0.91,0.11,12,-300,0,0,0,1,0,49463,9469,41433,51.26
53790,467,0.065,0.4756,0.031,43.27,0,0,-234124,0,2.0861,23.929,-300.9,-2106,0.94,0.12,12,-300,0,0,0,1,0,49472,9445,41429,51.37
53900,468,0.012,0.4757,0.006,43.28,0,0,-234119,0,2.0861,23.928,-299.1,-2094,0.9,0.11,12,-300,0,0,0,1,0,49459,9447,41428,51.48
54010,469,0.029,0.4693,0.013,43.24,0,0,-234163,0,2.0862,23.932,-300.1,-2101,0.94,0.11,12,-300,0,0,0,1,0,49463,9319,41431,51.59
54120,470,0.057,0.4758,0.027,43.17,0,0,-234210,0,2.0866,23.941,-299.3,-2095,0.9,0.11,12,-300,0,0,0,1,0,49470,9449,41437,51.7
54230,471,0.057,0.4751,0.027,43.15,0,0,-234209,0,2.0864,23.936,-300,-2100,0.94,0.11,12,-300,0,0,0,1,0,49470,9436,41434,51.81
54340,472,0.065,0.474,0.031,43.22,-500,0,-234147,0,2.0863,23.934,-300,-2100,0.91,0.12,12,-300,0,0,0,1,0,49472,9414,41432,51.92
54450,473,0.025,0.4781,0.012,43.26,-500,0,-234124,0,2.0862,23.931,-300.9,-2106,0.95,0.11,12,-300,0,0,0,1,0,49462,9495,41430,52.03
54560,474,-0.044,0.4725,-0.021,43.28,-500,0,-234119,0,2.0859,23.924,-299.4,-2096,0.91,0.12,12,-300,0,0,0,1,0,49445,9384,41425,52.14
54670,475,0.069,0.4739,0.033,43.28,-500,0,-234119,0,2.0862,23.932,-299.3,-2095,0.92,0.11,12,-300,0,0,0,1,0,49473,9411,41431,52.25
54780,476,0.085,0.4735,0.04,43.24,-500,0,-234164,0,2.0866,23.942,-298.9,-2092,0.93,0.12,12,-300,0,0,0,1,0,49477,9404,41438,52.36
54890,477,0.141,0.4727,0.067,43.21,-500,0,-234172,0,2.0861,23.929,-300.6,-2104,0.92,0.11,12,-300,0,0,0,1,0,49491,9388,41429,52.47
55000,478,0.033,0.4777,0.016,43.26,-500,0,-234126,0,2.0857,23.917,-301,-2107,0.95,0.12,12,-300,0,0,0,1,0,49464,9486,41420,52.58
55110,479,0.101,0.4711,0.048,43.26,-500,0,-234139,0,2.0866,23.941,-299.4,-2096,0.9,0.11,12,-300,0,0,0,1,0,49481,9356,41437,52.69
55220,480,0.081,0.4717,0.038,43.19,-500,0,-234198,0,2.0862,23.932,-300.3,-2102,0.92,0.11,12,-300,0,0,0,1,0,49476,9367,41431,52.8
55330,481,0.085,0.4742,0.04,43.2,-500,0,-234176,0,2.0863,23.934,-299.4,-2096,0.9,0.11,12,-300,0,0,0,1,0,49477,9417,41432,52.91
55440,482,-0.016,0.4742,-0.007,43.21,-500,0,-234162,0,2.0858,23.919,-300,-2100,0.93,0.11,12,-300,0,0,0,1,0,49452,9418,41422,53.02
55550,483,0.017,0.4719,0.008,43.22,-500,0,-234162,0,2.0864,23.936,-299.4,-2096,0.9,0.12,12,-300,0,0,0,1,0,49460,9372,41434,53.13
55660,484,0.057,0.4715,0.027,43.19,-500,0,-234191,0,2.0859,23.924,-300.9,-2106,0.94,0.11,12,-300,0,0,0,1,0,49470,9364,41425,53.24
55770,485,-0.04,0.4712,-0.019,43.17,-500,0,-234202,0,2.0861,23.929,-299,-2093,0.92,0.12,12,-300,0,0,0,1,0,49446,9357,41429,53.35
55880,486,0.077,0.4741,0.036,43.09,-500,0,-234269,0,2.0855,23.911,-300.1,-2101,0.91,0.11,12,-300,0,0,0,1,0,49475,9415,41416,53.46
55990,487,0.065,0.4701,0.03,43.03,-500,0,-234302,0,2.0864,23.938,-300.4,-2103,0.93,0.12,12,-300,0,0,0,1,0,49472,9335,41435,53.57
56100,488,0.085,0.4695,0.04,42.99,-500,0,-234323,0,2.086,23.927,-299.3,-2095,0.91,0.11,12,-300,0,0,0,1,0,49477,9324,41427,53.68
56210,489,0.049,0.4727,0.023,42.93,-500,0,-234371,0,2.0863,23.934,-300.7,-2105,0.95,0.12,12,-300,0,0,0,1,0,49468,9388,41432,53.79
56320,490,0.109,0.4683,0.051,42.85,-500,0,-234426,0,2.086,23.925,-299.9,-2099,0.9,0.11,12,-300,0,0,0,1,0,49483,9300,41426,53.9
56430,491,-0.048,0.4695,-0.023,42.81,-500,0,-234440,0,2.0861,23.929,-299.9,-2099,0.92,0.11,12,-300,0,0,0,1,0,49444,9323,41429,54.01
56540,492,0.049,0.469,0.023,42.74,-500,0,-234494,0,2.0865,23.939,-299.1,-2094,0.9,0.11,12,-300,0,0,0,1,0,49468,9313,41436,54.12
56650,493,-0.008,0.4689,-0.004,42.67,-500,0,-234541,0,2.0862,23.932,-300,-2100,0.94,0.11,12,-300,0,0,0,1,0,49454,9312,41431,54.23
56760,494,0.093,0.4667,0.043,42.67,-500,0,-234515,0,2.0865,23.939,-299.6,-2097,0.9,0.11,12,-300,0,491,0,1,0,49479,9269,41436,54.34
56870,495,0.053,0.47,0.025,42.6,-500,0,-234583,0,2.0862,23.932,-301.4,-2110,0.92,0.11,12,-300,0,491,0,1,0,49469,9333,41431,54.45
56980,496,0.117,0.4698,0.055,42.51,-500,0,-234646,0,2.0866,23.941,-299.9,-2099,0.88,0.11,12,-300,0,491,0,1,0,49485,9330,41437,54.56
57090,497,0.033,0.4667,0.015,42.42,-500,0,-234706,0,2.0863,23.934,-300.7,-2105,0.86,0.1,12,-300,0,491,0,1,0,49464,9268,41432,54.67
57200,498,0.033,0.467,0.015,42.32,-500,0,-234778,0,2.0863,23.935,-301.9,-2113,0.86,0.11,12,-300,0,491,0,1,0,49464,9275,41433,54.78
57310,499,0.061,0.4846,0.029,42.2,-500,0,-234863,0,2.0863,23.935,-299.4,-2096,0.85,0.1,12,-300,0,491,0,1,0,49471,9623,41433,54.89
57420,500,0.061,0.507,0.031,42.16,-500,-542.16,-234860,0,2.0866,23.942,-301.1,-2108,0.87,0.1,12,-300,-1023,491,1,1,16,49471,10069,41438,55
57530,501,0.041,0.524,0.021,42.14,-500,-542.14,-234876,0,2.081,23.785,-300.7,-2105,0.84,0.1,12,-300,-1023,491,1,1,16,49466,10406,41327,55.11
57640,502,0.113,0.5289,0.06,41.34,-500,-541.34,-235611,0,2.0754,23.627,-299.3,-2095,0.88,0.11,12,-300,-1023,491,1,1,16,49484,10504,41216,55.22
57750,503,0.081,0.5407,0.044,38.29,-500,-538.29,-238225,0,2.0659,23.359,-299.6,-2097,0.83,0.1,12,-300,-1023,491,1,1,16,49476,10737,41027,55.33
57860,504,0.089,0.5542,0.049,33.64,-500,-533.64,-241699,0,2.0543,23.031,-300.7,-2105,0.87,0.1,12,-300,-1023,491,1,1,16,49478,11005,40796,55.44
57970,505,-0.012,0.5539,-0.006,31.25,-500,-531.25,-242626,0,2.0427,22.704,-299,-2093,0.84,0.11,12,-300,-1023,491,1,1,16,49453,11000,40566,55.55
58080,506,0.113,0.5653,0.064,29.67,-500,-529.67,-243431,0,2.0333,22.438,-300.7,-2105,0.85,0.1,12,-300,-1023,491,1,1,16,49484,11227,40379,55.66
58190,507,0.089,0.5719,0.051,28.38,-500,-528.38,-244188,0,2.0191,22.038,-301.6,-2111,0.86,0.11,12,-300,-1023,491,1,1,16,49478,11358,40097,55.77
58300,508,0.133,0.58,0.077,26.72,-500,-526.72,-245381,0,2.0106,21.799,-299.9,-2099,0.84,0.1,12,-300,-1023,491,1,1,16,49489,11518,39929,55.88
58410,509,0.065,0.5844,0.038,27.47,-500,-527.47,-244215,0,2.0025,21.571,-299,-2093,0.87,0.11,12,-300,-1023,491,1,1,16,49472,11606,39768,55.99
58520,510,0.057,0.5867,0.033,27.05,-500,-527.05,-244813,0,2.0002,21.507,-300.3,-2102,0.85,0.1,12,-300,-1023,491,1,1,16,49470,11652,39723,56.1
58630,511,0.057,0.5915,0.034,23.3,-500,-523.3,-248184,0,1.9949,21.356,-299.3,-2095,0.86,0.1,12,-300,-1023,491,1,1,16,49470,11747,39617,56.21
58740,512,0.093,0.5936,0.055,8.93,-500,-508.93,-260518,0,1.9829,21.017,-299.6,-2097,0.83,0.1,12,-300,-1023,491,1,1,16,49479,11789,39378,56.32
58850,513,0.037,0.5968,0.022,-0.25,-500,-499.75,-265051,0,1.9619,20.426,-301.1,-2108,0.89,0.1,12,-300,-1023,491,1,1,16,49465,11852,38962,56.43
58960,514,0.057,0.6032,0.034,7.29,-500,-507.29,-255466,0,1.9534,20.186,-299.1,-2094,0.81,0.1,12,-300,-1023,491,1,1,16,49470,11979,38793,56.54
59070,515,0.093,0.6023,0.056,19.93,-500,-519.93,-245808,0,1.937,19.723,-300.1,-2101,0.86,0.1,12,-300,-1023,491,1,1,16,49479,11961,38467,56.65
59180,516,0.021,0.6057,0.012,21.84,-500,-521.84,-247554,0,1.9279,19.466,-300,-2100,0.83,0.11,12,-300,-1023,491,1,1,16,49461,12028,38286,56.76
59290,517,0.041,0.6094,0.025,23.83,-500,-523.83,-246240,0,1.9173,19.168,-300.6,-2104,0.84,0.1,12,-300,-1023,491,1,1,16,49466,12102,38076,56.87
59400,518,0.061,0.6117,0.037,23.67,-500,-523.67,-246947,0,1.9077,18.898,-299.6,-2097,0.84,0.1,12,-300,-1023,491,1,1,16,49471,12147,37886,56.98
59510,519,0.137,0.6135,0.084,22.95,-500,-522.95,-247573,0,1.9015,18.724,-300.4,-2103,0.86,0.1,12,-300,-1023,491,1,1,16,49490,12184,37763,57.09
59620,520,-0.032,0.6137,-0.02,20.88,-500,-520.88,-249296,0,1.8882,18.346,-299.4,-2096,0.86,0.1,12,-300,-1023,491,1,1,16,49448,12187,37497,57.2
59730,521,0.093,0.6149,0.057,17.76,-500,-517.76,-251623,0,1.8766,18.021,-299.3,-2095,0.83,0.1,12,-300,-1023,491,1,1,16,49479,12211,37268,57.31
59840,522,0.089,0.6156,0.055,17.74,-500,-517.74,-250772,0,1.8717,17.882,-300.3,-2102,0.87,0.1,12,-300,-1023,491,1,1,16,49478,12225,37170,57.42
59950,523,0.182,0.6183,0.112,15.68,-500,-515.68,-252681,0,1.8607,17.571,-300,-2100,0.81,0.1,12,-300,-1023,491,1,1,16,49501,12279,36951,57.53
60060,524,0.081,0.6175,0.05,12.17,-500,-512.17,-255376,0,1.853,17.355,-301.3,-2109,0.86,0.1,12,-300,-1023,491,1,1,16,49476,12263,36799,57.64
60170,525,0.057,0.6205,0.035,5.99,-500,-505.99,-260140,0,1.8365,16.89,-300.1,-2101,0.82,0.1,12,-300,-1023,491,1,1,16,49470,12322,36472,57.75
60280,526,0.012,0.6236,0.008,7.3,-500,-507.3,-257203,0,1.8238,16.531,-300.4,-2103,0.86,0.1,12,-300,-1023,491,1,1,16,49459,12384,36219,57.86
60390,527,0.041,0.6237,0.025,11.55,-500,-511.55,-253609,0,1.8156,16.3,-299.6,-2097,0.83,0.11,12,-300,-1023,491,1,1,16,49466,12387,36056,57.97
60500,528,0.073,0.6237,0.045,12.45,-500,-512.45,-253960,0,1.8117,16.189,-300.3,-2102,0.84,0.1,12,-300,-1023,491,1,1,16,49474,12387,35978,58.08
60610,529,0.101,0.6236,0.063,10.98,-500,-510.98,-255574,0,1.7974,15.786,-299.3,-2095,0.83,0.1,12,-300,-1023,491,1,1,16,49481,12384,35694,58.19
60720,530,0.037,0.6232,0.023,-1.61,-500,-498.39,-266892,0,1.784,15.409,-300.6,-2104,0.85,0.1,12,-300,-1023,491,1,1,16,49465,12377,35429,58.3
60830,531,0.033,0.6247,0.02,-3.8,-500,-496.2,-265405,0,1.773,15.098,-300.3,-2102,0.86,0.11,12,-300,-1023,491,1,1,16,49464,12406,35210,58.41
60940,532,0.061,0.6286,0.038,-2.93,-500,-497.07,-263993,0,1.7629,14.813,-299.4,-2096,0.81,0.1,12,-300,-1023,491,1,1,16,49471,12484,35009,58.52
61050,533,0.021,0.6302,0.013,1.66,-500,-501.66,-259960,0,1.7494,14.432,-300.9,-2106,0.85,0.1,12,-300,-1023,491,1,1,16,49461,12515,34741,58.63
61160,534,-0.064,0.6293,-0.04,2.33,-500,-502.33,-260612,0,1.7415,14.211,-300.3,-2102,0.81,0.1,12,-300,-1023,491,1,1,16,49440,12498,34585,58.74
61270,535,0.061,0.632,0.038,4.06,-500,-504.06,-259196,0,1.7245,13.731,-301.3,-2109,0.85,0.1,12,-300,-1023,491,1,1,16,49471,12550,34247,58.85
61380,536,0.049,0.6322,0.031,4.43,-500,-504.43,-259333,0,1.7138,13.43,-300.1,-2101,0.83,0.11,12,-300,-1023,491,1,1,16,49468,12555,34035,58.96
61490,537,0.125,0.6335,0.079,6.96,-500,-506.96,-257080,0,1.7091,13.298,-301,-2107,0.86,0.1,12,-300,-1023,491,1,1,16,49487,12580,33942,59.07
61600,538,0.008,0.6221,0.005,4.61,-500,-504.61,-259972,0,1.7021,13.099,-299.1,-2094,0.82,0.1,12,-300,-1023,491,1,1,16,49458,12355,33802,59.18
61710,539,0.004,0.6312,0.003,-1.53,-500,-498.47,-265031,0,1.6873,12.683,-299.9,-2099,0.84,0.1,12,-300,-1023,491,1,1,16,49457,12536,33509,59.29
61820,540,0.081,0.6276,0.051,-5.93,-500,-494.07,-267415,0,1.6802,12.483,-299.3,-2095,0.85,0.1,12,-300,-1023,491,1,1,16,49476,12463,33368,59.4
61930,541,0.057,0.6322,0.036,-5.92,-500,-494.08,-266176,0,1.6752,12.339,-300.7,-2105,0.83,0.1,12,-300,-1023,491,1,1,16,49470,12554,33267,59.51
62040,542,0.089,0.6294,0.056,-6.46,-500,-493.54,-266680,0,1.6596,11.902,-301.4,-2110,0.87,0.11,12,-300,-1023,491,1,1,16,49478,12499,32959,59.62
62150,543,0.093,0.6333,0.059,-7.59,-500,-492.41,-267580,0,1.6501,11.634,-299.9,-2099,0.81,0.1,12,-300,-1023,491,1,1,16,49479,12577,32770,59.73
62260,544,0.057,0.6319,0.036,-6.68,-500,-493.32,-266425,0,1.6384,11.303,-300.4,-2103,0.84,0.1,12,-300,-1023,491,1,1,16,49470,12548,32537,59.84
62370,545,0.117,0.6354,0.074,-8.93,-500,-491.07,-268771,0,1.6225,10.854,-299.9,-2099,0.81,0.1,12,-300,-1023,491,1,1,16,49485,12619,32221,59.95
62480,546,0.025,0.6317,0.016,-8.39,-500,-491.61,-267633,0,1.6091,10.476,-300.3,-2102,0.85,0.1,12,-300,-1023,491,1,1,16,49462,12545,31955,60.06
62590,547,-0.012,0.6307,-0.007,-5.11,-500,-494.89,-264736,0,1.5999,10.216,-299.9,-2099,0.82,0.1,12,-300,-1023,491,1,1,16,49453,12526,31772,60.17
62700,548,0.029,0.6299,0.018,-3.66,-500,-496.34,-264304,0,1.5879,9.88,-301,-2107,0.86,0.1,12,-300,-1023,491,1,1,16,49463,12510,31535,60.28
62810,549,0.101,0.6324,0.064,-4.67,-500,-495.33,-265643,0,1.5775,9.584,-299.3,-2095,0.82,0.11,12,-300,-1023,491,1,1,16,49481,12558,31327,60.39
62920,550,0.065,0.6303,0.041,-4.83,-500,-495.17,-265517,0,1.5673,9.298,-300,-2100,0.83,0.1,12,-300,-1023,491,1,1,16,49472,12518,31125,60.5
63030,551,0.029,0.6329,0.018,-3.69,-500,-496.31,-264407,0,1.5574,9.018,-300.4,-2103,0.85,0.1,12,-300,-1023,491,1,1,16,49463,12569,30928,60.61
63140,552,0.077,0.6299,0.048,-4.17,-500,-495.83,-265171,0,1.5513,8.847,-299.6,-2097,0.82,0.1,12,-300,-1023,491,1,1,16,49475,12510,30808,60.72
63250,553,0.089,0.6334,0.056,-6.54,-500,-493.46,-267243,0,1.5397,8.519,-300.7,-2105,0.87,0.1,12,-300,-1023,491,1,1,16,49478,12578,30577,60.83
63360,554,0.021,0.632,0.013,-10.53,-500,-489.47,-270298,0,1.533,8.329,-299.9,-2099,0.82,0.1,12,-300,-1023,491,1,1,16,49461,12551,30443,60.94
63470,555,0.117,0.628,0.074,-11.04,-500,-488.96,-269658,0,1.5195,7.95,-300,-2100,0.84,0.1,12,-300,-1023,491,1,1,16,49485,12471,30176,61.05
63580,556,0.021,0.6335,0.013,-16.97,-500,-483.03,-275032,0,1.5048,7.534,-299.7,-2098,0.8,0.1,12,-300,-1023,491,1,1,16,49461,12580,29883,61.16
63690,557,0.029,0.6306,0.018,-19.96,-500,-480.04,-276159,0,1.5037,7.506,-299.7,-2098,0.87,0.1,12,-300,-1023,491,1,1,16,49463,12524,29863,61.27
63800,558,0.113,0.6332,0.072,-21.97,-500,-478.03,-277200,0,1.492,7.173,-299.9,-2099,0.81,0.1,12,-300,-1023,491,1,1,16,49484,12574,29629,61.38
63910,559,0.041,0.6351,0.026,-24.96,-500,-475.04,-279422,0,1.4854,6.987,-300.9,-2106,0.85,0.1,12,-300,-1023,491,1,1,16,49466,12612,29498,61.49
64020,560,-0.032,0.6324,-0.02,-33.36,-500,-466.64,-286402,0,1.464,6.385,-298.9,-2092,0.84,0.11,12,-300,-1023,491,1,1,16,49448,12559,29074,61.6
64130,561,0.073,0.6307,0.046,-27.81,-500,-472.19,-278897,0,1.4538,6.098,-300.1,-2101,0.83,0.1,12,-300,-1023,491,1,1,16,49474,12526,28872,61.71
64240,562,0.041,0.6334,0.026,-17.94,-500,-482.06,-271252,0,1.4428,5.787,-301.4,-2110,0.85,0.11,12,-300,-1023,491,1,1,16,49466,12579,28653,61.82
64350,563,0.049,0.6331,0.031,-14.06,-500,-485.94,-270400,0,1.4281,5.373,-299.1,-2094,0.82,0.1,12,-300,-1023,491,1,1,16,49468,12573,28361,61.93
64460,564,0.081,0.6299,0.051,-10.59,-500,-489.41,-268249,0,1.4198,5.138,-300.3,-2102,0.87,0.1,12,-300,-1023,491,1,1,16,49476,12510,28196,62.04
64570,565,0.061,0.6318,0.038,-9.35,-500,-490.65,-268066,0,1.4084,4.818,-300,-2100,0.83,0.1,12,-300,-1023,491,1,1,16,49471,12547,27970,62.15
64680,566,0.125,0.633,0.079,-11.17,-500,-488.83,-270109,0,1.3959,4.464,-299.1,-2094,0.85,0.1,12,-300,-1023,491,1,1,16,49487,12570,27721,62.26
64790,567,0.053,0.6265,0.033,-14.77,-500,-485.23,-272948,0,1.3893,4.278,-299.3,-2095,0.81,0.1,12,-300,-1023,491,1,1,16,49469,12442,27590,62.37
64900,568,0.012,0.6351,0.008,-16.27,-500,-483.73,-273346,0,1.3849,4.153,-300.4,-2103,0.86,0.1,12,-300,-1023,491,1,1,16,49459,12613,27502,62.48
65010,569,0.049,0.6327,0.031,-23,-500,-477,-279188,0,1.3696,3.723,-298.9,-2092,0.81,0.1,12,-300,-1023,491,1,1,16,49468,12565,27199,62.59
65120,570,0.025,0.6287,0.015,-30.74,-500,-469.26,-284515,0,1.3651,3.596,-300.3,-2102,0.85,0.1,12,-300,-1023,491,1,1,16,49462,12486,27110,62.7
65230,571,-0.004,0.6308,-0.002,-32.09,-500,-467.91,-283606,0,1.3615,3.494,-300.6,-2104,0.84,0.11,12,-300,-1023,491,1,1,16,49455,12527,27038,62.81
65340,572,0.053,0.6311,0.033,-35.37,-500,-464.63,-286286,0,1.3518,3.221,-299.6,-2097,0.83,0.1,12,-300,-1023,491,1,1,16,49469,12534,26846,62.92
65450,573,0.093,0.6315,0.059,-52.72,-500,-447.28,-301514,0,1.3286,2.567,-299.4,-2096,0.86,0.11,12,-300,-1023,491,1,1,16,49479,12541,26385,63.03
65560,574,0.012,0.6368,0.008,-40.57,-500,-459.43,-285364,0,1.3248,2.46,-299.4,-2096,0.85,0.1,12,-300,-1023,491,1,1,16,49459,12646,26310,63.14
65670,575,0.057,0.6326,0.036,-27.95,-500,-472.05,-277013,0,1.3224,2.391,-299.7,-2098,0.84,0.1,12,-300,-1023,491,1,1,16,49470,12562,26261,63.25
65780,576,0,0.6297,0,-34.92,-500,-465.08,-287015,0,1.3188,2.29,-299.6,-2097,0.83,0.1,12,-300,-1023,491,1,1,16,49456,12505,26190,63.36
65890,577,0.049,0.6313,0.031,-59.6,-500,-440.4,-308045,0,1.2726,0.986,-298.9,-2092,0.87,0.1,12,-300,-1023,491,1,1,16,49468,12538,25272,63.47
66000,578,-0.008,0.6348,-0.005,-50.9,-500,-449.1,-293058,0,1.2696,0.903,-299.1,-2094,0.82,0.1,12,-300,-1023,491,1,1,16,49454,12607,25213,63.58
66110,579,0.025,0.6321,0.016,-20.94,-500,-479.06,-267595,0,1.2653,0.782,-300.3,-2102,0.85,0.1,12,-300,-1023,491,1,1,16,49462,12552,25128,63.69
66220,580,0.065,0.6326,0.041,-16.76,-500,-483.24,-272078,0,1.2611,0.663,-298.9,-2092,0.82,0.11,12,-300,-1023,491,1,1,16,49472,12563,25044,63.8
66330,581,0.089,0.6305,0.056,-24.8,-500,-475.2,-280729,0,1.2527,0.427,-299.9,-2099,0.84,0.1,12,-300,-1023,491,1,1,16,49478,12521,24878,63.91
66440,582,0.145,0.6276,0.091,-39.34,-500,-460.66,-292015,0,1.2476,0.283,-301.3,-2109,0.86,0.11,12,-300,-1023,491,1,1,16,49492,12464,24777,64.02
66550,583,0.029,0.629,0.018,-49.95,-500,-450.05,-297826,0,1.2378,0.007,-299.6,-2097,0.83,0.1,12,-300,-1023,491,1,1,16,49463,12491,24582,64.13
66660,584,-0.028,0.9447,-0.026,-60.1,-500,-439.9,-304315,0,1.2305,-0.199,-298.4,-2089,0.86,0.1,12,-300,-1023,491,1,1,16,49449,18760,24437,64.24
66770,585,0.077,1.2174,0.094,-63.16,-500,-436.84,-304326,0,1.2159,-0.611,-299.3,-2095,0.86,0.11,12,-300,-1023,491,1,1,16,49475,24176,24147,64.35
66880,586,-1.079,0.6412,-0.692,-60.3,-500,-439.7,-300814,0,1.2187,-0.532,-298.7,-2091,0.88,0.11,12,-300,-1023,491,1,1,16,49188,12734,24203,64.46
66990,587,0.049,1.723,0.084,-68.73,-500,-431.27,-309455,0,1.2052,-0.914,-299.3,-2095,0.86,0.11,12,-300,-1023,491,1,1,16,49468,34217,23934,64.57
67100,588,0.133,0.0643,0.009,-85.62,-500,-414.38,-322823,0,1.2114,-0.739,-300.3,-2102,0.91,0.11,12,-300,-1023,491,1,1,16,49489,1276,24057,64.68
67210,589,-0.612,0.7248,-0.444,-95.78,-500,-404.22,-327566,0,1.2008,-1.037,-298.3,-2088,0.86,0.11,12,-300,-1023,491,1,1,16,49304,14394,23847,64.79
67320,590,0.423,0.8104,0.343,-125.14,-500,-374.86,-352055,0,1.2056,-0.902,-299,-2093,0.93,0.11,12,-300,-1023,491,1,1,16,49561,16094,23942,64.9
67430,591,-0.886,0.1931,-0.171,-149.41,-500,-350.59,-366453,0,1.2032,-0.97,-297.3,-2081,0.92,0.12,12,-300,-1023,491,1,1,16,49236,3835,23894,65.01
67540,592,0.117,1.1617,0.136,-169.96,-500,-330.04,-378794,0,1.2022,-0.997,-298.4,-2089,0.97,0.11,12,-300,-1023,491,1,1,16,49485,23071,23875,65.12
67650,593,-0.024,0.1614,-0.004,-187.17,-500,-312.83,-389077,0,1.2057,-0.899,-299.7,-2098,0.98,0.13,12,-300,-1023,491,1,1,16,49450,3206,23944,65.23
67760,594,-0.495,1.1022,-0.546,-209.53,-500,-290.47,-405092,0,1.1958,-1.179,-298.3,-2088,0.98,0.12,12,-300,-1023,491,1,1,16,49333,21888,23747,65.34
67870,595,-0.092,1.2153,-0.112,-243,-500,-257,-429992,0,1.2021,-1.002,-297.6,-2083,1.02,0.13,12,-300,-1023,491,1,1,16,49433,24134,23872,65.45
67980,596,0.218,0.1474,0.032,-260.75,-500,-239.25,-437177,0,1.189,-1.369,-298.1,-2087,1.01,0.13,12,-300,-1023,491,1,1,16,49510,2928,23613,65.56
68090,597,-0.672,0.1793,-0.121,-284.37,-500,-215.63,-454200,0,1.1983,-1.108,-298,-2086,1.03,0.13,12,-300,-1023,491,1,1,16,49289,3561,23797,65.67
68200,598,-0.133,0.0944,-0.013,-301.6,-500,-198.4,-463646,0,1.1829,-1.541,-298.3,-2088,1.06,0.14,12,-300,-1023,491,1,1,16,49423,1875,23492,65.78
68310,599,0.617,0.0627,0.039,-335.68,-500,-164.32,-490555,0,1.1918,-1.29,-296.4,-2075,1.12,0.14,12,-300,-1023,491,1,1,16,49609,1245,23669,65.89
68420,600,-0.068,0.9833,-0.067,-356.06,-500,-143.94,-500009,0,1.181,-1.595,-297.3,-2081,1.09,0.14,12,-300,-1023,491,1,1,16,49439,19527,23454,66
68530,601,-0.6,0.6429,-0.386,-380.94,-500,-119.06,-517474,0,1.1861,-1.452,-297.7,-2084,1.17,0.15,12,-300,-988,491,1,1,0,49307,12768,23555,66.11
68640,602,0.017,0.1405,0.002,-396.04,-500,-103.96,-524578,0,1.1818,-1.574,-297.3,-2081,1.15,0.15,12,-300,-1023,491,1,1,16,49460,2790,23469,66.22
68750,603,0.057,0.0892,0.005,-428.1,-500,-71.9,-550213,0,1.1835,-1.524,-298.3,-2088,1.19,0.15,12,-300,-200,491,1,1,0,49470,1771,23504,66.33
68860,604,0.178,0.0731,0.013,-455.05,-500,-44.95,-566343,0,1.1852,-1.477,-296.6,-2076,1.2,0.16,12,-300,200,491,1,1,0,49500,1452,23537,66.44
68970,605,0.423,0.1567,0.066,-472.79,-500,-27.21,-575324,0,1.1809,-1.599,-297.6,-2083,1.22,0.15,12,-300,200,491,1,1,0,49561,3112,23451,66.55
69080,606,0.017,0.1472,0.002,-482.04,-500,-17.96,-578982,0,1.1933,-1.25,-297.9,-2085,1.23,0.16,12,-300,200,491,1,1,0,49460,2923,23697,66.66
69190,607,0.552,0.3322,0.183,-485.55,-500,-14.45,-579665,0,1.1793,-1.643,-299,-2093,1.2,0.15,12,-300,-200,491,1,1,0,49593,6597,23420,66.77
69300,608,0.085,0.1366,0.012,-480.91,-500,-19.09,-574373,0,1.1859,-1.459,-300.4,-2103,1.2,0.16,12,-300,-394,491,1,1,0,49477,2713,23550,66.88
69410,609,-0.705,0.1852,-0.13,-471.05,-500,-28.95,-566487,0,1.1732,-1.817,-299.6,-2097,1.14,0.15,12,-300,-674,491,1,1,0,49281,3678,23298,66.99
69520,610,3.139,0.8816,2.767,-473.98,-500,-26.02,-571966,0,1.183,-1.54,-300.7,-2105,1.12,0.14,12,-300,-284,491,1,1,0,50235,17507,23493,67.1
69630,611,-0.104,1.1849,-0.124,-473.56,-500,-26.44,-570762,0,1.1709,-1.881,-299.7,-2098,1.08,0.14,12,-300,-381,491,1,1,0,49430,23531,23253,67.21
69740,612,-0.133,0.9631,-0.128,-488.24,-500,-11.76,-584533,0,1.1782,-1.675,-300.3,-2102,1.12,0.14,12,-300,235,491,1,1,0,49423,19127,23398,67.32
69850,613,-0.35,0.5387,-0.189,-494.78,-500,-5.22,-586531,0,1.172,-1.851,-300.3,-2102,1.07,0.14,12,-300,200,491,1,1,0,49369,10698,23274,67.43
69960,614,-0.201,1.1567,-0.233,-501.85,-500,0,-591278,0,1.1762,-1.73,-301.3,-2109,1.1,0.14,12,-300,200,491,1,1,0,49406,22971,23359,67.54
70070,615,0.153,0.0321,0.005,-498.86,-500,0,-586528,0,1.1782,-1.676,-299.4,-2096,1.1,0.14,12,-300,-200,491,1,1,0,49494,638,23397,67.65
70180,616,0.274,0.4029,0.111,-494.31,-500,-5.69,-583122,0,1.1733,-1.812,-300,-2100,1.11,0.14,12,-300,-204,491,1,1,0,49524,8002,23301,67.76
70290,617,0.004,0.161,0.001,-497.5,-500,-2.5,-587368,0,1.1827,-1.547,-301.4,-2110,1.08,0.14,12,-300,200,491,1,1,0,49457,3197,23488,67.87
70400,618,-0.233,0.6329,-0.148,-492.81,-500,-7.19,-582104,0,1.1708,-1.882,-299.4,-2096,1.07,0.14,12,-300,-229,491,1,1,0,49398,12569,23252,67.98
70510,619,-0.527,0.1267,-0.067,-493.59,-500,-6.41,-584142,0,1.1799,-1.628,-300.7,-2105,1.08,0.14,12,-300,-200,491,1,1,0,49325,2516,23431,68.09
70620,620,-0.636,1.1097,-0.706,-491.89,-500,-8.11,-582340,0,1.1664,-2.008,-300.3,-2102,1.08,0.14,12,-300,-200,491,1,1,0,49298,22037,23163,68.2
70730,621,-0.286,0.24,-0.069,-491.53,-500,-8.47,-582487,0,1.1757,-1.744,-299.1,-2094,1.1,0.14,12,-300,-200,491,1,1,0,49385,4767,23349,68.31
70840,622,3.046,0.9501,2.894,-485.7,-500,-14.3,-577159,0,1.1655,-2.034,-299.3,-2095,1.09,0.14,12,-300,-359,491,1,1,0,50212,18869,23145,68.42
70950,623,-0.213,1.1452,-0.244,-488.88,-500,-11.12,-581748,0,1.1708,-1.883,-300.1,-2101,1.12,0.14,12,-300,-200,491,1,1,0,49403,22743,23251,68.53
71060,624,0.037,0.1194,0.004,-483.13,-500,-16.87,-575507,0,1.1673,-1.981,-299.1,-2094,1.08,0.14,12,-300,-393,491,1,1,0,49465,2372,23182,68.64
71170,625,-0.419,1.1305,-0.473,-484.32,-500,-15.68,-578213,0,1.1698,-1.91,-300.3,-2102,1.1,0.14,12,-300,-200,491,1,1,0,49352,22450,23232,68.75
71280,626,0.008,0.0207,0,-488.08,-500,-11.92,-581386,0,1.1733,-1.812,-300.7,-2105,1.09,0.15,12,-300,-200,491,1,1,0,49458,411,23301,68.86
71390,627,-0.31,1.1793,-0.365,-490.16,-500,-9.84,-582267,0,1.1681,-1.959,-299.7,-2098,1.09,0.14,12,-300,-200,491,1,1,0,49379,23419,23198,68.97
71500,628,-0.128,0.1468,-0.019,-489.93,-500,-10.07,-581479,0,1.1738,-1.798,-300.3,-2102,1.09,0.14,12,-300,-200,491,1,1,0,49424,2916,23311,69.08
71610,629,0.041,0.1615,0.007,-486.93,-500,-13.07,-578744,0,1.1642,-2.069,-299.1,-2094,1.08,0.14,12,-300,-265,491,1,1,0,49466,3207,23120,69.19
71720,630,1.334,0.1937,0.258,-491.03,-500,-8.97,-583404,0,1.1729,-1.824,-300.1,-2101,1.09,0.14,12,-300,-200,491,1,1,0,49787,3846,23293,69.3
71830,631,0.004,0.9746,0.004,-485.53,-500,-14.47,-577142,0,1.1598,-2.193,-299.9,-2099,1.09,0.14,12,-300,-352,491,1,1,0,49457,19355,23033,69.41
71940,632,0.303,0.2228,0.067,-489.04,-500,-10.96,-581937,0,1.1695,-1.919,-298.6,-2090,1.11,0.14,12,-300,-200,491,1,1,0,49531,4424,23226,69.52
72050,633,-0.064,0.5103,-0.033,-485.27,-500,-14.73,-577452,0,1.1593,-2.209,-299.1,-2094,1.08,0.14,12,-300,-309,491,1,1,0,49440,10135,23022,69.63
72160,634,7.65,0.7177,5.491,-488.25,-500,-11.75,-581280,0,1.1648,-2.052,-300.3,-2102,1.11,0.14,12,-300,-200,491,1,1,0,51355,14253,23132,69.74
72270,635,0.153,0.1658,0.025,-488.26,-500,-11.74,-580458,0,1.1616,-2.143,-299,-2093,1.08,0.14,12,-300,-200,491,1,1,0,49494,3293,23068,69.85
72380,636,2.695,0.9659,2.603,-491.49,-500,-8.51,-583457,0,1.1635,-2.089,-300,-2100,1.08,0.13,12,-300,-200,491,1,1,0,50125,19182,23106,69.96
72490,637,-0.068,0.1261,-0.009,-487.21,-500,-12.79,-578571,0,1.1696,-1.916,-301.6,-2111,1.1,0.14,12,-300,-296,491,1,1,0,49439,2505,23228,70.07
72600,638,0.391,0.7176,0.281,-484.14,-500,-15.86,-576914,0,1.161,-2.16,-299.3,-2095,1.11,0.14,12,-300,-306,491,1,1,0,49553,14250,23056,70.18
72710,639,4.718,0.1628,0.768,-488.19,-500,-11.81,-581538,0,1.1685,-1.949,-298.7,-2091,1.1,0.14,12,-300,-200,491,1,1,0,50627,3234,23205,70.29
72820,640,-0.717,0.9638,-0.691,-484.55,-500,-15.45,-577019,0,1.1586,-2.227,-300,-2100,1.1,0.14,12,-300,-316,491,1,1,0,49278,19140,23009,70.4
72930,641,-0.128,0.1324,-0.017,-485.48,-500,-14.52,-578900,0,1.168,-1.963,-299.1,-2094,1.08,0.14,12,-300,-200,491,1,1,0,49424,2630,23195,70.51
73040,642,-2.175,1.0949,-2.381,-482.03,-500,-17.97,-575430,0,1.1553,-2.321,-299.7,-2098,1.08,0.14,12,-300,-346,491,1,1,0,48916,21743,22943,70.62
73150,643,0.339,0.2511,0.085,-483.48,-500,-16.52,-577740,0,1.162,-2.131,-300.7,-2105,1.11,0.14,12,-300,-200,491,1,1,0,49540,4987,23077,70.73
73260,644,1.563,1.0727,1.677,-478.48,-500,-21.52,-572685,0,1.1545,-2.344,-299,-2093,1.06,0.14,12,-300,-438,491,1,1,0,49844,21303,22927,70.84
73370,645,-0.128,1.1334,-0.146,-483.12,-500,-16.88,-578398,0,1.1607,-2.169,-300.1,-2101,1.09,0.14,12,-300,-200,491,1,1,0,49424,22509,23050,70.95
73480,646,-3.726,0.8768,-3.267,-478.43,-500,-21.57,-572740,0,1.1584,-2.233,-300,-2100,1.07,0.14,12,-300,-430,491,1,1,0,48531,17412,23005,71.06
73590,647,2.208,0.1667,0.368,-479.76,-500,-20.24,-575286,0,1.1576,-2.257,-300.3,-2102,1.07,0.13,12,-300,-247,491,1,1,0,50004,3311,22988,71.17
73700,648,-0.028,0.1304,-0.004,-483.01,-500,-16.99,-577940,0,1.1689,-1.937,-300.1,-2101,1.07,0.14,12,-300,-200,491,1,1,0,49449,2590,23213,71.28
73810,649,-1.067,0.1814,-0.194,-484.47,-500,-15.53,-578390,0,1.1561,-2.297,-300.1,-2101,1.07,0.14,12,-300,-200,491,1,1,0,49191,3602,22960,71.39
73920,650,-1.067,0.7583,-0.809,-483.66,-500,-16.34,-577227,0,1.1633,-2.094,-299.3,-2095,1.09,0.14,12,-300,-251,491,1,1,0,49191,15060,23103,71.5
74030,651,0.097,0.155,0.015,-479.96,-500,-20.04,-574008,0,1.151,-2.442,-299.4,-2096,1.08,0.14,12,-300,-382,491,1,1,0,49480,3078,22858,71.61
74140,652,1.277,0.1606,0.205,-484.13,-500,-15.87,-578929,0,1.1607,-2.169,-300,-2100,1.09,0.14,12,-300,-200,491,1,1,0,49773,3190,23050,71.72
74250,653,-0.213,1.0775,-0.23,-478.59,-500,-21.41,-572601,0,1.1471,-2.551,-299.6,-2097,1.07,0.14,12,-300,-451,491,1,1,0,49403,21398,22781,71.83
74360,654,-0.104,0.1685,-0.018,-482.52,-500,-17.48,-577807,0,1.1561,-2.297,-301.3,-2109,1.13,0.14,12,-300,-200,491,1,1,0,49430,3346,22960,71.94
74470,655,-0.133,1.2003,-0.159,-482.13,-500,-17.87,-576355,0,1.1478,-2.531,-299.3,-2095,1.06,0.14,12,-300,-261,491,1,1,0,49423,23837,22795,72.05
74580,656,8.714,0.8252,7.191,-482.55,-500,-17.45,-576844,0,1.1535,-2.372,-300,-2100,1.08,0.14,12,-300,-233,491,1,1,0,51619,16388,22907,72.16
74690,657,0.037,0.0979,0.004,-480.63,-500,-19.37,-574947,0,1.1515,-2.427,-299.7,-2098,1.1,0.14,12,-300,-323,491,1,1,0,49465,1944,22868,72.27
74800,658,0.871,0.8431,0.734,-482.88,-500,-17.12,-577576,0,1.1505,-2.457,-300,-2100,1.13,0.14,12,-300,-200,491,1,1,0,49672,16744,22847,72.38
74910,659,0.029,0.0581,0.002,-477.41,-500,-22.59,-571853,0,1.1661,-2.016,-299.4,-2096,1.11,0.15,12,-300,-466,491,1,1,0,49463,1154,23158,72.49
75020,660,2.506,0.9206,2.307,-474.24,-500,-25.76,-570435,0,1.1489,-2.501,-300.4,-2103,1.1,0.14,12,-300,-447,491,1,1,0,50078,18283,22816,72.6
75130,661,0.029,0.4139,0.012,-478.86,-500,-21.14,-575620,0,1.1577,-2.254,-299.6,-2097,1.09,0.14,12,-300,-200,491,1,1,0,49463,8220,22990,72.71
75240,662,0.025,0.1052,0.003,-477.77,-500,-22.23,-573313,0,1.1429,-2.67,-299.1,-2094,1.08,0.14,12,-300,-341,491,1,1,0,49462,2089,22697,72.82
75350,663,-0.358,0.4092,-0.147,-482.27,-500,-17.73,-577810,0,1.154,-2.356,-300.7,-2105,1.11,0.14,12,-300,-200,491,1,1,0,49367,8126,22918,72.93
75460,664,-0.08,1.1857,-0.095,-482.25,-500,-17.75,-576530,0,1.1407,-2.731,-300.1,-2101,1.05,0.14,12,-300,-249,491,1,1,0,49436,23546,22654,73.04
75570,665,-2.529,0.955,-2.416,-485.95,-500,-14.05,-579980,0,1.1489,-2.5,-301.3,-2109,1.09,0.13,12,-300,-200,491,1,1,0,48828,18966,22817,73.15
75680,666,-0.278,0.1588,-0.044,-481.26,-500,-18.74,-574579,0,1.1406,-2.734,-300.6,-2104,1.05,0.14,12,-300,-390,491,1,1,0,49387,3153,22652,73.26
75790,667,-0.938,0.1847,-0.173,-484.91,-500,-15.09,-579286,0,1.1461,-2.579,-301,-2107,1.06,0.13,12,-300,-200,491,1,1,0,49223,3667,22761,73.37
75900,668,0,0.0603,0,-484.63,-500,-15.09,-578013,0,1.146,-2.582,-299.4,-2096,1.06,0.14,12,-300,1000,491,2,1,0,49456,1198,22759,73.48
76010,669,-0.346,0.7578,-0.262,-481.19,-500,-15.09,-574886,0,1.1446,-2.622,-299.1,-2094,1.13,0.14,12,-300,1000,491,2,1,0,49370,15049,22731,73.59
76120,670,0.19,0.0433,0.008,-479.9,-500,-15.09,-574648,0,1.1627,-2.112,-299.3,-2095,1.12,0.15,12,-300,1000,491,2,1,0,49503,860,23090,73.7
76230,671,-1.675,0.6464,-1.083,-468.56,-500,-15.09,-564452,0,1.1432,-2.663,-300.9,-2106,1.09,0.14,12,-300,1000,491,2,1,0,49040,12836,22702,73.81
76340,672,0.178,0.9287,0.165,-448.88,-500,-15.09,-549295,0,1.1524,-2.402,-301.7,-2112,1.07,0.14,12,-300,1000,491,2,1,0,49500,18443,22886,73.92
76450,673,-0.628,0.1331,-0.084,-409.86,-500,-15.09,-518473,0,1.1393,-2.772,-300.1,-2101,1.03,0.13,12,-300,1000,491,2,1,0,49300,2644,22625,74.03
76560,674,0.033,0.6914,0.023,-387.19,-500,-15.09,-508270,0,1.1497,-2.478,-301.3,-2109,1.04,0.13,12,-300,1000,491,2,1,0,49464,13731,22832,74.14
76670,675,4.319,1.0827,4.676,-357.77,-500,-15.09,-487217,0,1.1378,-2.815,-300.3,-2102,1,0.13,12,-300,1000,491,2,1,0,50528,21502,22595,74.25
76780,676,0.093,0.4846,0.045,-338.58,-500,-15.09,-477568,0,1.1465,-2.569,-301,-2107,1.01,0.13,12,-300,1000,491,2,1,0,49479,9623,22768,74.36
76890,677,-0.427,0.4525,-0.193,-299.61,-500,-15.09,-446656,0,1.1406,-2.735,-300.6,-2104,0.99,0.13,12,-300,1000,491,2,1,0,49350,8986,22651,74.47
77000,678,-0.036,1.2244,-0.044,-271.59,-500,-15.09,-431454,0,1.146,-2.582,-302.1,-2115,1.01,0.12,12,-300,1000,491,2,1,0,49447,24316,22759,74.58
77110,679,0.141,0.0561,0.008,-246.11,-500,-15.09,-415565,0,1.1483,-2.518,-300.3,-2102,0.94,0.13,12,-300,1000,491,2,1,0,49491,1115,22804,74.69
77220,680,0.246,1.0259,0.253,-226.67,-500,-15.09,-404578,0,1.1454,-2.601,-300.9,-2106,0.99,0.12,12,-300,1000,491,2,1,0,49517,20373,22746,74.8
77330,681,0.544,0.9569,0.521,-191.85,-500,-15.09,-377604,0,1.1665,-2.006,-302.3,-2116,0.96,0.12,12,-300,1000,491,2,1,0,49591,19004,23165,74.91
77440,682,-0.008,1.0604,-0.008,-159.7,-500,-15.09,-357399,0,1.1429,-2.67,-300.3,-2102,0.92,0.11,12,-300,1000,491,2,1,0,49454,21058,22697,75.02
77550,683,3.509,0.1528,0.536,-141.12,-500,-15.09,-349082,0,1.1526,-2.398,-301.4,-2110,0.96,0.12,12,-300,1000,491,2,1,0,50327,3035,22889,75.13
77660,684,-0.024,1.2476,-0.03,-114.38,-500,-15.09,-329385,0,1.1394,-2.768,-301.3,-2109,0.9,0.12,12,-300,1000,491,2,1,0,49450,24776,22628,75.24
77770,685,0.955,0.2016,0.193,-95.91,-500,-15.09,-319650,0,1.1501,-2.467,-300.4,-2103,0.91,0.11,12,-300,1000,491,2,1,0,49693,4003,22840,75.35
77880,686,0.097,0.1631,0.016,-60.85,-500,-15.09,-292183,0,1.1494,-2.486,-300.3,-2102,0.85,0.11,12,-300,1000,491,2,1,0,49480,3240,22827,75.46
77990,687,0.045,0.4168,0.019,-42.06,-500,-15.09,-284482,0,1.1599,-2.192,-302.1,-2115,0.88,0.1,12,-300,1000,491,2,1,0,49467,8278,23034,75.57
78100,688,0.101,0.1509,0.015,-25.66,-500,-15.09,-274461,0,1.167,-1.991,-300.1,-2101,0.84,0.11,12,-300,1000,491,2,1,0,49481,2996,23175,75.68
78210,689,0.101,0.4956,0.05,-22.18,-500,-15.09,-275804,0,1.1781,-1.678,-302,-2114,0.81,0.1,12,-300,1000,491,2,1,0,49481,9843,23396,75.79
78320,690,0.057,0.2676,0.015,-12.2,-500,-15.09,-267485,0,1.1851,-1.48,-301.9,-2113,0.81,0.1,12,-300,1000,491,2,1,0,49470,5315,23535,75.9
78430,691,0.049,0.109,0.005,-6.01,-500,-15.09,-264509,0,1.1941,-1.226,-301.7,-2112,0.82,0.1,12,-300,1000,491,2,1,0,49468,2164,23714,76.01
78540,692,0.061,0.0604,0.004,-0.26,-500,-15.09,-260889,0,1.2046,-0.931,-300.6,-2104,0.83,0.1,12,-300,1000,491,2,1,0,49471,1200,23922,76.12
78650,693,0.069,0.0376,0.003,4.25,-500,-15.09,-258296,0,1.2154,-0.627,-300.3,-2102,0.81,0.1,12,-300,1000,491,2,1,0,49473,746,24136,76.23
78760,694,0.069,0.0353,0.002,6.22,-500,-15.09,-257721,0,1.2263,-0.317,-301.1,-2108,0.84,0.1,12,-300,1000,491,2,1,0,49473,701,24354,76.34
78870,695,0,0.0418,0,7.44,-500,-15.09,-257132,0,1.2361,-0.043,-300.9,-2106,0.77,0.1,12,-300,1000,491,2,1,0,49456,830,24547,76.45
78980,696,0.101,0.0925,0.009,8.44,-500,-15.09,-256548,0,1.2439,0.177,-302,-2114,0.81,0.1,12,-300,1000,491,2,1,0,49481,1836,24702,76.56
79090,697,0.045,0.1003,0.004,9.21,-500,-15.09,-256102,0,1.2539,0.46,-300.9,-2106,0.77,0.1,12,-300,1000,491,2,1,0,49467,1992,24901,76.67
79200,698,0,0.0443,0,10.04,-500,-15.09,-255551,0,1.2662,0.806,-301.4,-2110,0.8,0.09,12,-300,1000,491,2,1,0,49456,880,25145,76.78
79310,699,0.089,0.0735,0.007,12.04,-500,-15.09,-253917,0,1.2775,1.124,-300.1,-2101,0.79,0.1,12,-300,1000,491,2,1,0,49478,1459,25369,76.89
79420,700,0.049,0.0348,0.002,10.37,-500,-15.09,-256031,0,1.2886,1.438,-300.7,-2105,0.81,0.09,12,-300,1000,491,2,1,0,49468,692,25590,77
79530,701,0.097,0.0609,0.006,10.2,-500,-15.09,-255722,0,1.2995,1.745,-299.6,-2097,0.8,0.1,12,-300,1000,491,2,1,0,49480,1209,25806,77.11
79640,702,0.017,0.209,0.003,11.13,-500,-15.09,-254813,0,1.3096,2.031,-301.1,-2108,0.81,0.09,12,-300,1000,491,2,1,0,49460,4151,26008,77.22
79750,703,0.017,0.2814,0.005,10.86,-500,-15.09,-255322,0,1.322,2.381,-301.6,-2111,0.84,0.1,12,-300,1000,491,2,1,0,49460,5588,26254,77.33
79860,704,0.125,0.3267,0.041,11.28,-500,-15.09,-254851,0,1.333,2.69,-300,-2100,0.78,0.09,12,-300,1000,491,2,1,0,49487,6488,26472,77.44
79970,705,0.069,0.3641,0.025,10.47,-500,-15.09,-255731,0,1.3433,2.981,-301,-2107,0.82,0.1,12,-300,1000,491,2,1,0,49473,7230,26677,77.55
80080,706,0.153,0.3899,0.06,9.71,-500,-15.09,-256205,0,1.3534,3.265,-299.9,-2099,0.77,0.09,12,-300,1000,491,2,1,0,49494,7744,26877,77.66
80190,707,0.133,0.4146,0.055,11.34,-500,-15.09,-254483,0,1.3634,3.548,-300.4,-2103,0.81,0.09,12,-300,1000,491,2,1,0,49489,8234,27076,77.77
80300,708,0.089,0.4259,0.038,12.08,-500,-15.09,-254246,0,1.37,3.734,-300.1,-2101,0.79,0.1,12,-300,1000,491,2,1,0,49478,8458,27207,77.88
80410,709,0.049,0.4321,0.021,12.41,-500,-15.09,-254141,0,1.3803,4.025,-301.3,-2109,0.8,0.09,12,-300,1000,491,2,1,0,49468,8582,27412,77.99
80520,710,0.057,0.4436,0.025,14.18,-500,-15.09,-252588,0,1.3872,4.218,-299.1,-2094,0.79,0.1,12,-300,1000,491,2,1,0,49470,8810,27548,78.1
80630,711,0.008,0.4523,0.004,17.8,-500,-15.09,-249717,0,1.3971,4.498,-300.1,-2101,0.81,0.09,12,-300,1000,491,2,1,0,49458,8983,27745,78.21
80740,712,-0.028,0.4571,-0.013,25.6,-500,-15.09,-243459,0,1.4187,5.109,-300.6,-2104,0.81,0.1,12,-300,1000,491,2,1,0,49449,9078,28175,78.32
80850,713,0.061,0.4595,0.028,22.76,-500,-15.09,-248289,0,1.4259,5.312,-299.6,-2097,0.79,0.09,12,-300,1000,491,2,1,0,49471,9126,28318,78.43
80960,714,0.089,0.469,0.042,15.93,-500,-15.09,-253853,0,1.4362,5.6,-300.7,-2105,0.84,0.1,12,-300,1000,491,2,1,0,49478,9314,28521,78.54
81070,715,0.021,0.4768,0.01,16.46,-500,-15.09,-251451,0,1.4469,5.902,-300.1,-2101,0.79,0.1,12,-300,1000,491,2,1,0,49461,9469,28734,78.65
81180,716,0.049,0.479,0.023,19.28,-500,-15.09,-248969,0,1.4558,6.154,-299.9,-2099,0.8,0.09,12,-300,1000,491,2,1,0,49468,9513,28911,78.76
81290,717,0.101,0.4852,0.049,19.01,-500,-15.09,-250011,0,1.4657,6.433,-299.3,-2095,0.78,0.1,12,-300,1000,491,2,1,0,49481,9636,29108,78.87
81400,718,-0.004,0.4865,-0.002,18.77,-500,-15.09,-250161,0,1.4768,6.746,-300.4,-2103,0.83,0.09,12,-300,1000,491,2,1,0,49455,9661,29328,78.98
81510,719,0.033,0.496,0.016,19.61,-500,-15.09,-249312,0,1.4876,7.05,-299.9,-2099,0.77,0.1,12,-300,1000,491,2,1,0,49464,9851,29542,79.09
81620,720,0.008,0.4946,0.004,22.22,-500,-15.09,-247116,0,1.4988,7.365,-301.1,-2108,0.82,0.09,12,-300,1000,491,2,1,0,49458,9823,29764,79.2
81730,721,0.025,0.4961,0.012,20.94,-500,-15.09,-249038,0,1.5093,7.663,-298.9,-2092,0.81,0.1,12,-300,1000,491,2,1,0,49462,9852,29974,79.31
81840,722,0.097,0.5005,0.049,20.54,-500,-15.09,-249053,0,1.519,7.934,-300,-2100,0.81,0.09,12,-300,1000,491,2,1,0,49480,9940,30165,79.42
81950,723,0.085,0.5035,0.043,22.01,-500,-15.09,-247570,0,1.527,8.16,-301.1,-2108,0.82,0.1,12,-300,1000,491,2,1,0,49477,9999,30324,79.53
82060,724,0.105,0.5061,0.053,23.95,-500,-15.09,-246171,0,1.5365,8.429,-299.1,-2094,0.78,0.09,12,-300,1000,491,2,1,0,49482,10051,30513,79.64
82170,725,0.089,0.5083,0.045,28.31,-500,-15.09,-242656,0,1.5571,9.009,-300.9,-2106,0.81,0.1,12,-300,1000,491,2,1,0,49478,10094,30922,79.75
82280,726,-0.016,0.5065,-0.008,29.21,-500,-15.09,-243040,0,1.5646,9.221,-300.1,-2101,0.79,0.1,12,-300,1000,491,2,1,0,49452,10059,31071,79.86
82390,727,0.101,0.5088,0.051,22.18,-500,-15.09,-249837,0,1.5744,9.498,-298.9,-2092,0.82,0.1,12,-300,1000,491,2,1,0,49481,10104,31266,79.97
82500,728,0.109,0.5081,0.055,18.42,-500,-15.09,-251370,0,1.5821,9.717,-298.7,-2091,0.79,0.1,12,-300,1000,491,2,1,0,49483,10090,31420,80.08
82610,729,0.085,0.5127,0.044,22.16,-500,-15.09,-246837,0,1.5827,9.732,-300.6,-2104,0.84,0.1,12,-300,1000,491,2,1,0,49477,10182,31431,80.19
82720,730,0.105,0.5148,0.054,29.82,-500,-15.09,-240753,0,1.5857,9.816,-299,-2093,0.78,0.1,12,-300,1000,491,2,1,0,49482,10223,31490,80.3
82830,731,0.041,0.5173,0.021,42.31,-500,-15.09,-231264,0,1.586,9.826,-300.4,-2103,0.79,0.09,12,-300,1000,491,2,1,0,49466,10274,31497,80.41
82940,732,-0.036,0.519,-0.019,57.64,-500,-15.09,-220489,0,1.5921,9.996,-301.1,-2108,0.81,0.1,12,-300,1000,491,2,1,0,49447,10307,31617,80.52
83050,733,0.073,0.5232,0.038,81.19,-500,-15.09,-202844,0,1.6405,11.361,-299.7,-2098,0.79,0.09,12,-300,1000,491,2,1,0,49474,10390,32578,80.63
83160,734,0.029,0.5237,0.015,62.97,-500,-15.09,-226378,0,1.6421,11.406,-299.1,-2094,0.81,0.1,12,-300,1000,491,2,1,0,49463,10401,32610,80.74
83270,735,0.109,0.5226,0.057,38.01,-500,-15.09,-244531,0,1.6519,11.683,-300,-2100,0.79,0.1,12,-300,1000,491,2,1,0,49483,10379,32805,80.85
83380,736,0.049,0.5264,0.026,36.58,-500,-15.09,-238888,0,1.6595,11.899,-299.4,-2096,0.8,0.1,12,-300,1000,491,2,1,0,49468,10453,32957,80.96
83490,737,0.041,0.5233,0.021,39.36,-500,-15.09,-235904,0,1.6685,12.152,-299.7,-2098,0.79,0.1,12,-300,1000,491,2,1,0,49466,10393,33135,81.07
83600,738,0.004,0.531,0.002,46.34,-500,-15.09,-230177,0,1.6726,12.267,-300.1,-2101,0.83,0.1,12,-300,1000,491,2,1,0,49457,10546,33216,81.18
83710,739,0,0.5244,0,51.09,-500,-15.09,-227711,0,1.6766,12.379,-299,-2093,0.78,0.1,12,-300,1000,491,2,1,0,49456,10414,33295,81.29
83820,740,0.004,0.5282,0.002,60.06,-500,-15.09,-220688,0,1.6825,12.545,-300.1,-2101,0.82,0.09,12,-300,1000,491,2,1,0,49457,10489,33412,81.4
83930,741,0.017,0.5239,0.009,72.35,-500,-15.09,-211746,0,1.7242,13.724,-298.6,-2090,0.79,0.1,12,-300,1000,491,2,1,0,49460,10405,34242,81.51
84040,742,0.141,0.5249,0.074,73.59,-500,-15.09,-214030,0,1.7248,13.739,-300.1,-2101,0.79,0.09,12,-300,1000,491,2,1,0,49491,10425,34253,81.62
84150,743,0.125,0.526,0.066,51.51,-500,-15.09,-234921,0,1.7332,13.975,-301.6,-2111,0.81,0.1,12,-300,1000,491,2,1,0,49487,10446,34419,81.73
84260,744,0.033,0.5273,0.017,48.43,-500,-15.09,-231631,0,1.7414,14.208,-300,-2100,0.81,0.09,12,-300,1000,491,2,1,0,49464,10471,34583,81.84
84370,745,0.081,0.5421,0.044,52.61,-500,-15.09,-226875,0,1.751,14.479,-298.6,-2090,0.81,0.1,12,-300,1000,491,2,1,0,49476,10765,34774,81.95
84480,746,0.045,0.5297,0.024,58.05,-500,-15.09,-222983,0,1.7634,14.829,-300,-2100,0.8,0.1,12,-300,1000,491,2,1,0,49467,10519,35020,82.06
84590,747,-0.016,0.5357,-0.008,58.46,-500,-15.09,-224119,0,1.7682,14.963,-299.1,-2094,0.82,0.1,12,-300,1000,491,2,1,0,49452,10639,35115,82.17
84700,748,0.089,0.5298,0.047,59.41,-500,-15.09,-223351,0,1.7888,15.544,-299.4,-2096,0.78,0.1,12,-300,1000,491,2,1,0,49478,10522,35524,82.28
84810,749,0.029,0.5411,0.015,61.97,-500,-15.09,-221229,0,1.796,15.747,-301,-2107,0.84,0.1,12,-300,1000,491,2,1,0,49463,10745,35667,82.39
84920,750,0.085,0.5354,0.046,55.45,-500,-15.09,-228011,0,1.8036,15.962,-298.7,-2091,0.77,0.1,12,-300,1000,491,2,1,0,49477,10633,35818,82.5
85030,751,0.174,0.5411,0.094,58.24,-500,-15.09,-223597,0,1.8131,16.23,-299.9,-2099,0.81,0.09,12,-300,1000,491,2,1,0,49499,10745,36007,82.61
85140,752,0.085,0.5388,0.046,62.25,-500,-15.09,-220646,0,1.8249,16.562,-299.9,-2099,0.79,0.1,12,-300,1000,491,2,1,0,49477,10700,36241,82.72
85250,753,0.077,0.5402,0.042,64.61,-500,-15.09,-219568,0,1.8314,16.744,-300.4,-2103,0.79,0.09,12,-300,1000,491,2,1,0,49475,10728,36369,82.83
85360,754,0.073,0.5409,0.039,65.78,-500,-15.09,-219134,0,1.8357,16.868,-299.7,-2098,0.79,0.1,12,-300,1000,491,2,1,0,49474,10741,36456,82.94
85470,755,0.105,0.5404,0.057,74.58,-500,-15.09,-211275,0,1.8399,16.986,-300.3,-2102,0.8,0.09,12,-300,1000,491,2,1,0,49482,10732,36539,83.05
85580,756,0.162,0.5413,0.087,85.84,-500,-15.09,-203246,0,1.843,17.074,-299.7,-2098,0.81,0.1,12,-300,1000,491,2,1,0,49496,10750,36601,83.16
85690,757,0.081,0.5432,0.044,97.55,-500,-15.09,-195496,0,1.9063,18.859,-299,-2093,0.8,0.1,12,-300,1000,491,2,1,0,49476,10787,37858,83.27
85800,758,0.073,0.5443,0.04,91.47,-500,-15.09,-204425,0,1.9136,19.063,-299.9,-2099,0.83,0.1,12,-300,1000,491,2,1,0,49474,10810,38002,83.38
85910,759,0.004,0.54,0.002,32.9,-500,-15.09,-257241,0,1.9236,19.344,-299.6,-2097,0.78,0.1,12,-300,1000,491,2,1,0,49457,10724,38200,83.49
86020,760,0.085,0.5465,0.046,18.07,-500,-15.09,-254693,0,1.9333,19.62,-301.3,-2109,0.84,0.1,12,-300,1000,491,2,1,0,49477,10853,38394,83.6
86130,761,0.093,0.5406,0.05,17.25,-500,-15.09,-251311,0,1.9439,19.918,-299.9,-2099,0.77,0.1,12,-300,1000,491,2,1,0,49479,10735,38604,83.71
86240,762,-0.024,0.5397,-0.013,19.03,-500,-15.09,-249426,0,1.9563,20.267,-300.4,-2103,0.8,0.09,12,-300,1000,491,2,1,0,49450,10718,38850,83.82
86350,763,0.077,0.5387,0.041,19.25,-500,-15.09,-249722,0,1.9651,20.517,-299.6,-2097,0.79,0.1,12,-300,1000,491,2,1,0,49475,10699,39026,83.93
86460,764,0.077,0.5456,0.042,20.67,-500,-15.09,-248453,0,1.9743,20.774,-300.1,-2101,0.83,0.09,12,-300,1000,491,2,1,0,49475,10836,39207,84.04
86570,765,0.101,0.5401,0.055,22.7,-500,-15.09,-246966,0,1.9795,20.923,-299,-2093,0.81,0.1,12,-300,1000,491,2,1,0,49481,10726,39312,84.15
86680,766,0.065,0.5444,0.035,25.71,-500,-15.09,-244730,0,1.9818,20.987,-300.3,-2102,0.82,0.1,12,-300,1000,491,2,1,0,49472,10811,39357,84.26
86790,767,0.025,0.5436,0.013,32,-500,-15.09,-239715,0,1.9834,21.033,-299.4,-2096,0.85,0.1,12,-300,1000,491,2,1,0,49462,10796,39389,84.37
86900,768,0.065,0.5393,0.035,52.11,-500,-15.09,-222754,0,2.0096,21.77,-299,-2093,0.78,0.09,12,-300,1000,491,2,1,0,49472,10711,39908,84.48
87010,769,0.101,0.5413,0.055,59.72,-500,-15.09,-221284,0,2.0106,21.799,-300.7,-2105,0.81,0.1,12,-300,1000,491,2,1,0,49481,10750,39929,84.59
87120,770,0.037,0.5396,0.02,51.32,-500,-15.09,-231233,0,2.0151,21.927,-299.9,-2099,0.77,0.09,12,-300,1000,491,2,1,0,49465,10715,40019,84.7
87230,771,0.089,0.5451,0.049,54.79,-500,-15.09,-225654,0,2.0176,21.995,-301.1,-2108,0.82,0.09,12,-300,1000,491,2,1,0,49478,10826,40067,84.81
87340,772,0.029,0.54,0.015,74.64,-500,-15.09,-208145,0,2.0204,22.075,-300.3,-2102,0.78,0.1,12,-300,1000,491,2,1,0,49463,10724,40123,84.92
87450,773,0.093,0.5422,0.05,89.93,-500,-15.09,-199461,0,2.0225,22.134,-301,-2107,0.81,0.09,12,-300,1000,491,2,1,0,49479,10768,40165,85.03
87560,774,0.089,0.5391,0.048,104.55,-500,-15.09,-190115,0,2.0311,22.376,-299,-2093,0.8,0.1,12,-300,1000,491,2,1,0,49478,10707,40335,85.14
87670,775,0.077,0.541,0.042,117.57,-500,-15.09,-182083,0,2.0339,22.455,-299.7,-2098,0.82,0.1,12,-300,1000,491,2,1,0,49475,10744,40391,85.25
87781,776,0.081,0.5415,0.044,134.44,-500,-15.09,-170017,0,2.1259,25.05,-299.1,-2094,0.81,0.1,12,-300,0,491,0,1,0,49476,10754,42218,85.361
87890,777,0.057,0.5413,0.031,135.59,-500,-15.09,-173651,0,2.1117,24.651,-300.6,-2104,0.81,0.09,12,-300,0,491,0,1,0,49470,10750,41937,85.47
88000,778,0.037,0.5371,0.02,74.98,-500,-15.09,-230396,0,2.1117,24.651,-301.1,-2108,0.84,0.1,12,-300,0,491,0,1,0,49465,10667,41937,85.58
88110,779,0.113,0.5385,0.061,24.77,-500,-15.09,-260201,0,2.1115,24.645,-299.4,-2096,0.79,0.09,12,-300,0,491,0,1,0,49484,10695,41933,85.69
88220,780,0.085,0.5421,0.046,8.86,-500,-15.09,-260990,0,2.1113,24.639,-300.4,-2103,0.81,0.1,12,-300,0,491,0,1,0,49477,10766,41929,85.8
88330,781,0.025,0.5363,0.013,3.87,-500,-15.09,-261193,0,2.1115,24.645,-299.9,-2099,0.78,0.1,12,-300,0,491,0,1,0,49462,10651,41933,85.91
88440,782,0,0.5403,0,2.7,-500,-15.09,-260891,0,2.1119,24.655,-300.3,-2102,0.81,0.09,12,-300,0,491,0,1,0,49456,10729,41940,86.02
88550,783,0.029,0.5363,0.015,2.49,-500,-15.09,-260754,0,2.1121,24.661,-300,-2100,0.79,0.1,12,-300,0,491,0,1,0,49463,10651,41944,86.13
88660,784,0.125,0.5434,0.068,2.46,-500,-15.09,-260731,0,2.1116,24.648,-301,-2107,0.82,0.09,12,-300,0,491,0,1,0,49487,10792,41935,86.24
88770,785,0.017,0.5434,0.009,2.76,-500,-15.09,-260442,0,2.1111,24.632,-299.3,-2095,0.79,0.1,12,-300,0,491,0,1,0,49460,10791,41924,86.35
88880,786,0.049,0.5395,0.026,2.83,-500,-15.09,-260455,0,2.1121,24.661,-300,-2100,0.8,0.09,12,-300,0,491,0,1,0,49468,10714,41944,86.46
88990,787,0.008,0.5385,0.005,2.62,-500,-15.09,-260671,0,2.1116,24.648,-299.3,-2095,0.81,0.1,12,-300,0,491,0,1,0,49458,10694,41935,86.57
89100,788,0.037,0.5481,0.02,2.62,-500,-15.09,-260620,0,2.1115,24.644,-301,-2107,0.79,0.09,12,-300,0,491,0,1,0,49465,10884,41932,86.68
89210,789,0.041,0.5402,0.022,2.4,-500,-15.09,-260823,0,2.1118,24.652,-301.3,-2109,0.84,0.1,12,-300,0,491,0,1,0,49466,10727,41938,86.79
89320,790,0.125,0.5384,0.067,2.17,-500,-15.09,-260971,0,2.1119,24.656,-299.9,-2099,0.8,0.1,12,-300,0,491,0,1,0,49487,10693,41941,86.9
89430,791,0.077,0.5417,0.042,2.32,-500,-15.09,-260772,0,2.1114,24.642,-300.4,-2103,0.81,0.1,12,-300,0,491,0,1,0,49475,10758,41931,87.01
89540,792,0.061,0.5338,0.032,2.57,-500,-15.09,-260573,0,2.1115,24.644,-299.9,-2099,0.79,0.1,12,-300,0,491,0,1,0,49471,10601,41932,87.12
89650,793,0.033,0.5443,0.018,2.44,-500,-15.09,-260766,0,2.112,24.659,-300.3,-2102,0.82,0.09,12,-300,0,491,0,1,0,49464,10809,41943,87.23
89760,794,0.061,0.5367,0.033,2.04,-500,-15.09,-261109,0,2.1118,24.652,-299.6,-2097,0.77,0.1,12,-300,0,491,0,1,0,49471,10658,41938,87.34
89870,795,0.093,0.5415,0.05,2.24,-500,-15.09,-260802,0,2.1113,24.638,-301.1,-2108,0.81,0.09,12,-300,0,491,0,1,0,49479,10753,41928,87.45
89980,796,0.125,0.5417,0.068,2.45,-500,-15.09,-260664,0,2.1117,24.651,-299.3,-2095,0.79,0.1,12,-300,0,491,0,1,0,49487,10758,41937,87.56
90090,797,0.037,0.5425,0.02,2.39,-500,-15.09,-260782,0,2.1116,24.648,-300.1,-2101,0.79,0.09,12,-300,0,491,0,1,0,49465,10774,41935,87.67
90200,798,0.137,0.5446,0.075,2.51,-500,-15.09,-260655,0,2.1117,24.651,-301.3,-2109,0.8,0.1,12,-300,0,491,0,1,0,49490,10815,41937,87.78
90310,799,0.004,0.5401,0.002,2.59,-500,-15.09,-260610,0,2.1118,24.654,-299,-2093,0.78,0.09,12,-300,0,491,0,1,0,49457,10725,41939,87.89
90420,800,0.069,0.542,0.037,2.66,-500,-15.09,-260566,0,2.112,24.659,-300.4,-2103,0.82,0.1,12,-300,0,491,0,1,0,49473,10764,41943,88
90530,801,0.017,0.546,0.009,2.8,-500,-15.09,-260463,0,2.1118,24.652,-300.1,-2101,0.8,0.1,12,-300,0,491,0,1,0,49460,10843,41938,88.11
90640,802,0.045,0.5448,0.024,3.02,-500,-15.09,-260291,0,2.1114,24.641,-299,-2093,0.82,0.1,12,-300,0,491,0,1,0,49467,10819,41930,88.22
90750,803,0.053,0.5394,0.028,3.08,-500,-15.09,-260299,0,2.112,24.658,-299,-2093,0.79,0.1,12,-300,0,491,0,1,0,49469,10712,41942,88.33
90860,804,0.073,0.5434,0.04,3.24,-500,-15.09,-260162,0,2.1118,24.654,-300.3,-2102,0.83,0.1,12,-300,0,491,0,1,0,49474,10791,41939,88.44
90970,805,0.085,0.5462,0.046,3.27,-500,-15.09,-260183,0,2.1117,24.649,-298.9,-2092,0.78,0.1,12,-300,0,491,0,1,0,49477,10847,41936,88.55
91080,806,0.065,0.5439,0.035,3.26,-500,-15.09,-260200,0,2.1115,24.645,-300.3,-2102,0.83,0.09,12,-300,0,491,0,1,0,49472,10802,41933,88.66
91190,807,0.109,0.544,0.059,3.36,-500,-15.09,-260103,0,2.1115,24.645,-299.4,-2096,0.81,0.1,12,-300,0,491,0,1,0,49483,10804,41933,88.77
91300,808,0.137,0.5367,0.074,3.49,-500,-15.09,-260009,0,2.1121,24.661,-299.7,-2098,0.79,0.09,12,-300,0,491,0,1,0,49490,10659,41944,88.88
91410,809,0.073,0.5409,0.039,3.53,-500,-15.09,-260010,0,2.112,24.658,-301.3,-2109,0.81,0.1,12,-300,0,491,0,1,0,49474,10742,41942,88.99
91520,810,0.041,0.544,0.022,3.67,-500,-15.09,-259896,0,2.1118,24.652,-298.9,-2092,0.79,0.09,12,-300,0,491,0,1,0,49466,10803,41938,89.1
91630,811,0.097,0.5446,0.053,3.76,-500,-15.09,-259849,0,2.1116,24.648,-300.7,-2105,0.81,0.1,12,-300,0,491,0,1,0,49480,10816,41935,89.21
91740,812,0.061,0.5377,0.033,3.71,-500,-15.09,-259918,0,2.112,24.658,-300.3,-2102,0.8,0.1,12,-300,0,491,0,1,0,49471,10679,41942,89.32
91850,813,0.121,0.5442,0.066,3.71,-500,-15.09,-259909,0,2.112,24.658,-298.9,-2092,0.82,0.1,12,-300,0,491,0,1,0,49486,10807,41942,89.43
91960,814,0.037,0.5428,0.02,3.84,-500,-15.09,-259778,0,2.1119,24.655,-299.1,-2094,0.79,0.1,12,-300,0,491,0,1,0,49465,10779,41940,89.54
92070,815,0.081,0.5443,0.044,4.02,-500,-15.09,-259654,0,2.112,24.658,-300.3,-2102,0.82,0.09,12,-300,0,491,0,1,0,49476,10809,41942,89.65
92180,816,0.081,0.5369,0.043,3.91,-500,-15.09,-259808,0,2.112,24.659,-298.9,-2092,0.79,0.1,12,-300,0,491,0,1,0,49476,10663,41943,89.76
92290,817,0.053,0.5442,0.029,3.87,-500,-15.09,-259808,0,2.1116,24.646,-300.1,-2101,0.79,0.09,12,-300,0,491,0,1,0,49469,10807,41934,89.87
92400,818,0.053,0.5423,0.029,3.96,-500,-15.09,-259713,0,2.1116,24.646,-301.1,-2108,0.81,0.1,12,-300,0,491,0,1,0,49469,10770,41934,89.98
92510,819,0.033,0.5417,0.018,4.03,-500,-15.09,-259679,0,2.1117,24.649,-299.7,-2098,0.79,0.09,12,-300,0,491,0,1,0,49464,10758,41936,90.09
92620,820,0.069,0.5442,0.037,4.13,-500,-15.09,-259600,0,2.1121,24.662,-298.9,-2092,0.8,0.1,12,-300,0,491,0,1,0,49473,10807,41945,90.2
92730,821,0.053,0.54,0.028,4.16,-500,-15.09,-259600,0,2.1117,24.649,-299.9,-2099,0.8,0.09,12,-300,0,491,0,1,0,49469,10724,41936,90.31
92840,822,0.121,0.5439,0.066,4.06,-500,-15.09,-259702,0,2.1114,24.641,-299.1,-2094,0.81,0.1,12,-300,0,491,0,1,0,49486,10802,41930,90.42
92950,823,0.065,0.5431,0.035,3.83,-500,-15.09,-259894,0,2.1121,24.661,-299.6,-2097,0.78,0.1,12,-300,0,491,0,1,0,49472,10785,41944,90.53
93060,824,0.137,0.5461,0.075,3.55,-500,-15.09,-260084,0,2.1116,24.648,-300.7,-2105,0.82,0.1,12,-300,0,491,0,1,0,49490,10845,41935,90.64
93170,825,-0.02,0.542,-0.011,3.46,-500,-15.09,-260091,0,2.1119,24.656,-299,-2093,0.76,0.1,12,-300,0,491,0,1,0,49451,10763,41941,90.75
93280,826,0.081,0.5496,0.044,3.44,-500,-15.09,-260087,0,2.1112,24.635,-300,-2100,0.82,0.09,12,-300,0,491,0,1,0,49476,10914,41926,90.86
93390,827,0.097,0.5454,0.053,3.44,-500,-15.09,-260080,0,2.1119,24.655,-299.6,-2097,0.79,0.1,12,-300,0,491,0,1,0,49480,10831,41940,90.97
93500,828,0.113,0.5478,0.062,3.36,-500,-15.09,-260159,0,2.1118,24.652,-300.4,-2103,0.8,0.09,12,-300,0,491,0,1,0,49484,10879,41938,91.08
93610,829,0.065,0.5463,0.035,3.2,-500,-15.09,-260276,0,2.112,24.658,-300,-2100,0.81,0.1,12,-300,0,491,0,1,0,49472,10850,41942,91.19
93720,830,0.093,0.5423,0.05,2.98,-500,-15.09,-260441,0,2.1118,24.652,-300,-2100,0.8,0.09,12,-300,0,491,0,1,0,49479,10770,41938,91.3
93830,831,0.101,0.55,0.056,2.95,-500,-15.09,-260411,0,2.1117,24.651,-298.6,-2090,0.81,0.1,12,-300,0,491,0,1,0,49481,10923,41937,91.41
93940,832,0.097,0.545,0.053,2.91,-500,-15.09,-260438,0,2.1116,24.646,-300,-2100,0.79,0.09,12,-300,0,491,0,1,0,49480,10823,41934,91.52
94050,833,0.061,0.5505,0.033,2.81,-500,-15.09,-260519,0,2.1116,24.648,-298.9,-2092,0.81,0.1,12,-300,0,491,0,1,0,49471,10932,41935,91.63
94160,834,0.089,0.546,0.049,2.89,-500,-15.09,-260420,0,2.1115,24.645,-299.6,-2097,0.78,0.09,12,-300,0,491,0,1,0,49478,10844,41933,91.74
94270,835,0.117,0.5493,0.064,2.88,-500,-15.09,-260449,0,2.112,24.659,-301,-2107,0.83,0.1,12,-300,0,491,0,1,0,49485,10908,41943,91.85
94380,836,0.089,0.547,0.049,2.87,-500,-15.09,-260450,0,2.112,24.658,-298.9,-2092,0.78,0.1,12,-300,0,491,0,1,0,49478,10862,41942,91.96
94490,837,0.029,0.55,0.016,2.87,-500,-15.09,-260452,0,2.1119,24.656,-299.6,-2097,0.8,0.09,12,-300,0,491,0,1,0,49463,10922,41941,92.07
94600,838,0.045,0.5471,0.024,2.92,-500,-15.09,-260406,0,2.1115,24.644,-299.7,-2098,0.78,0.1,12,-300,0,491,0,1,0,49467,10865,41932,92.18
94710,839,-0.092,0.5516,-0.051,2.9,-500,-15.09,-260438,0,2.112,24.659,-300.4,-2103,0.8,0.09,12,-300,0,491,0,1,0,49433,10955,41943,92.29
94820,840,0.141,0.5479,0.077,2.84,-500,-15.09,-260490,0,2.1118,24.652,-299.3,-2095,0.8,0.1,12,-300,0,491,0,1,0,49491,10880,41938,92.4
94930,841,-0.032,0.5481,-0.017,1.64,-500,-15.09,-261586,0,2.1117,24.651,-300.3,-2102,0.81,0.1,12,-300,0,491,0,1,0,49448,10884,41937,92.51
95040,842,0.085,0.5477,0.047,0.77,-500,-15.09,-262068,0,2.1119,24.655,-299.4,-2096,0.83,0.1,12,-300,0,491,0,1,0,49477,10877,41940,92.62
95150,843,0.085,0.5434,0.046,0.66,-500,-15.09,-261924,0,2.1111,24.632,-299,-2093,0.79,0.09,12,-300,0,491,0,1,0,49477,10792,41924,92.73
95260,844,0.049,0.5518,0.027,0.8,-500,-15.09,-261764,0,2.1114,24.642,-300.6,-2104,0.82,0.1,12,-300,0,491,0,1,0,49468,10959,41931,92.84
95370,845,0.093,0.5475,0.051,0.91,-500,-15.09,-261693,0,2.1118,24.652,-299.7,-2098,0.79,0.09,12,-300,0,491,0,1,0,49479,10873,41938,92.95
95480,846,0.029,0.5539,0.016,1.1,-500,-15.09,-261556,0,2.1119,24.655,-301,-2107,0.83,0.1,12,-300,0,491,0,1,0,49463,11000,41940,93.06
95590,847,0.085,0.5466,0.046,1.22,-500,-15.09,-261489,0,2.112,24.658,-299.9,-2099,0.79,0.1,12,-300,0,491,0,1,0,49477,10855,41942,93.17
95700,848,0.101,0.5485,0.055,1.15,-500,-15.09,-261594,0,2.112,24.658,-300.4,-2103,0.81,0.09,12,-300,0,491,0,1,0,49481,10892,41942,93.28
95810,849,0.121,0.5492,0.067,0.91,-500,-15.09,-261800,0,2.1117,24.649,-299.3,-2095,0.79,0.1,12,-300,0,491,0,1,0,49486,10906,41936,93.39
95920,850,0.113,0.5512,0.062,0.47,-500,-15.09,-262134,0,2.112,24.658,-300,-2100,0.81,0.09,12,-300,0,491,0,1,0,49484,10947,41942,93.5
96030,851,0.097,0.5505,0.053,0.31,-500,-15.09,-262169,0,2.1118,24.654,-299.4,-2096,0.81,0.1,12,-300,0,491,0,1,0,49480,10933,41939,93.61
96140,852,0.069,0.5462,0.038,0.1,-500,-15.09,-262314,0,2.112,24.658,-300.4,-2103,0.8,0.1,12,-400,0,491,0,1,0,49473,10847,41942,93.72
96250,853,0.077,0.5513,0.042,-0.12,-500,-15.09,-262466,0,2.1117,24.651,-333.6,-2335,6,1.07,12,-400,0,491,0,1,0,49475,10948,41937,93.83
96360,854,0.057,0.5455,0.031,-0.46,-500,-15.09,-262713,0,2.1118,24.652,-381.9,-2673,3.44,0.65,12,-400,0,491,0,1,0,49470,10833,41938,93.94
96470,855,0.113,0.5429,0.061,-0.69,-500,-15.09,-262838,0,2.1117,24.649,-405.4,-2838,1.5,0.27,12,-400,0,491,0,1,0,49484,10782,41936,94.05
96580,856,0.089,0.547,0.049,-0.95,-500,-15.09,-263017,0,2.1119,24.656,-411.9,-2883,0.81,0.13,12,-400,0,491,0,1,0,49478,10863,41941,94.16
96690,857,0.017,0.5461,0.009,-1.3,-500,-15.09,-263261,0,2.1118,24.654,-412.3,-2886,0.66,0.1,12,-400,0,491,0,1,0,49460,10845,41939,94.27
96800,858,0.117,0.5429,0.064,-1.63,-500,-15.09,-263480,0,2.1117,24.651,-408.9,-2862,0.66,0.11,12,-400,0,491,0,1,0,49485,10782,41937,94.38
96910,859,0.065,0.5419,0.035,-2.47,-500,-15.09,-264168,0,2.1115,24.644,-407.7,-2854,0.76,0.11,12,-400,0,491,0,1,0,49472,10762,41932,94.49
97020,860,-0.06,0.5445,-0.033,-3.22,-500,-15.09,-264628,0,2.1117,24.651,-406.7,-2847,0.8,0.12,12,-400,0,491,0,1,0,49441,10813,41937,94.6
97130,861,0.033,0.5432,0.018,-3.65,-500,-15.09,-264817,0,2.1122,24.665,-405.4,-2838,0.77,0.12,12,-400,0,491,0,1,0,49464,10788,41947,94.71
97240,862,0.033,0.5454,0.018,-3.71,-500,-15.09,-264759,0,2.1119,24.655,-405.4,-2838,0.78,0.12,12,-400,0,491,0,1,0,49464,10832,41940,94.82
97350,863,0.105,0.5419,0.057,-3.74,-500,-15.09,-264768,0,2.112,24.659,-405.3,-2837,0.8,0.12,12,-400,0,491,0,1,0,49482,10761,41943,94.93
97460,864,0.077,0.5445,0.042,-4.06,-500,-15.09,-265056,0,2.1118,24.654,-404.3,-2830,0.82,0.12,12,-400,0,491,0,1,0,49475,10813,41939,95.04
97570,865,0.125,0.5408,0.068,-4.94,-500,-15.09,-265782,0,2.1118,24.654,-404,-2828,0.78,0.13,12,-400,0,491,0,1,0,49487,10739,41939,95.15
97680,866,-0.004,0.5397,-0.002,-5.55,-500,-15.09,-266114,0,2.1118,24.654,-402.7,-2819,0.79,0.13,12,-400,0,491,0,1,0,49455,10717,41939,95.26
97790,867,0.029,0.5425,0.016,-5.45,-500,-15.09,-265844,0,2.1118,24.652,-402.7,-2819,0.84,0.13,12,-400,0,491,0,1,0,49463,10774,41938,95.37
97900,868,0.012,0.5455,0.007,-5.26,-500,-15.09,-265694,0,2.1114,24.642,-401.1,-2808,0.84,0.13,12,-400,0,491,0,1,0,49459,10834,41931,95.48
98010,869,0.049,0.5432,0.026,-5.2,-500,-15.09,-265696,0,2.1116,24.648,-402.7,-2819,0.8,0.13,12,-400,0,491,0,1,0,49468,10788,41935,95.59
98120,870,0.061,0.5401,0.033,-5.32,-500,-15.09,-265824,0,2.1117,24.651,-401.4,-2810,0.83,0.13,12,-400,0,491,0,1,0,49471,10725,41937,95.7
98230,871,0.093,0.5491,0.051,-5.69,-500,-15.09,-266134,0,2.1123,24.666,-401.7,-2812,0.82,0.13,12,-400,0,491,0,1,0,49479,10905,41948,95.81
98340,872,0.012,0.5446,0.007,-6.64,-500,-15.09,-266916,0,2.1113,24.639,-400.7,-2805,0.83,0.13,12,-400,0,491,0,1,0,49459,10815,41929,95.92
98450,873,-0.028,0.5426,-0.015,-7.13,-500,-15.09,-267102,0,2.1118,24.654,-400.9,-2806,0.83,0.13,12,-400,0,491,0,1,0,49449,10776,41939,96.03
98560,874,0.057,0.5439,0.031,-7.34,-500,-15.09,-267163,0,2.1119,24.655,-401,-2807,0.83,0.13,12,-400,0,491,0,1,0,49470,10802,41940,96.14
98670,875,0.057,0.5495,0.031,-7.54,-500,-492.46,-267291,0,2.1116,24.648,-400.7,-2805,0.84,0.13,12,-400,-1023,491,1,1,16,49470,10912,41935,96.25
98780,876,0.137,0.548,0.075,-8.29,-500,-491.71,-267937,0,2.1075,24.531,-400.1,-2801,0.83,0.13,12,-400,-1023,491,1,1,16,49490,10883,41853,96.36
98890,877,-0.012,0.5413,-0.006,-10.49,-500,-489.51,-269770,0,2.0987,24.284,-399.7,-2798,0.83,0.13,12,-400,-1023,491,1,1,16,49453,10750,41679,96.47
99000,878,0.121,0.5432,0.066,-14.35,-500,-485.65,-272752,0,2.0907,24.057,-400.9,-2806,0.84,0.13,12,-400,-1023,491,1,1,16,49486,10788,41519,96.58
99110,879,0.077,0.5512,0.042,-17.1,-500,-482.9,-274228,0,2.08,23.756,-401,-2807,0.89,0.13,12,-400,-1023,491,1,1,16,49475,10947,41307,96.69
99220,880,0.037,0.546,0.02,-20.37,-500,-479.63,-276509,0,2.0711,23.505,-400.3,-2802,0.79,0.13,12,-400,-1023,491,1,1,16,49465,10844,41130,96.8
99330,881,0.033,0.5399,0.018,-22.85,-500,-477.15,-277905,0,2.0609,23.217,-400.3,-2802,0.83,0.13,12,-400,-1023,491,1,1,16,49464,10722,40927,96.91
99440,882,0.049,0.5499,0.027,-24.22,-500,-475.78,-278483,0,2.0538,23.016,-400.4,-2803,0.84,0.13,12,-400,-1023,491,1,1,16,49468,10921,40786,97.02
99550,883,0.101,0.548,0.055,-25.29,-500,-474.71,-279099,0,2.0477,22.846,-400.7,-2805,0.85,0.13,12,-400,-1023,491,1,1,16,49481,10882,40666,97.13
99660,884,0.037,0.5475,0.02,-29.8,-500,-470.2,-282996,0,2.0324,22.413,-399.7,-2798,0.81,0.13,12,-400,-1023,491,1,1,16,49465,10872,40361,97.24
99770,885,0.113,0.5444,0.062,-40.67,-500,-459.33,-291856,0,2.0259,22.231,-399.7,-2798,0.85,0.13,12,-400,-1023,491,1,1,16,49484,10811,40233,97.35
99880,886,0.021,0.5498,0.011,-41.97,-500,-458.03,-290031,0,2.0214,22.103,-400.7,-2805,0.87,0.13,12,-400,-1023,491,1,1,16,49461,10919,40143,97.46
99990,887,0.101,0.5461,0.055,-45.34,-500,-454.66,-292806,0,1.9938,21.325,-401,-2807,0.83,0.14,12,-400,-1023,491,1,1,16,49481,10845,39595,97.57
100100,888,0.121,0.544,0.066,-51.58,-500,-448.42,-297669,0,1.9917,21.267,-400.7,-2805,0.83,0.13,12,-400,-1023,491,1,1,16,49486,10804,39554,97.68
100210,889,0.117,0.5452,0.064,-37.11,-500,-462.89,-282457,0,1.9836,21.037,-400.9,-2806,0.83,0.13,12,-400,-1023,491,1,1,16,49485,10828,39392,97.79
100320,890,0.101,0.5504,0.056,-36.35,-500,-463.65,-285797,0,1.9691,20.628,-400.1,-2801,0.88,0.13,12,-400,-1023,491,1,1,16,49481,10931,39104,97.9
100430,891,0.049,0.5447,0.027,-38.12,-500,-461.88,-287653,0,1.9592,20.35,-399.6,-2797,0.82,0.14,12,-400,-1023,491,1,1,16,49468,10818,38908,98.01
100540,892,0.057,0.543,0.031,-35.61,-500,-464.39,-284827,0,1.9503,20.098,-400,-2800,0.84,0.13,12,-400,-1023,491,1,1,16,49470,10784,38731,98.12
100650,893,0.053,0.545,0.029,-34.47,-500,-465.53,-284466,0,1.9482,20.04,-399.9,-2799,0.84,0.13,12,-400,-1023,491,1,1,16,49469,10823,38690,98.23
100760,894,0.069,0.5452,0.038,-43.37,-500,-456.63,-293066,0,1.9461,19.98,-400.7,-2805,0.87,0.14,12,-400,-1023,491,1,1,16,49473,10828,38648,98.34
100870,895,0.073,0.5486,0.04,-59.44,-500,-440.56,-305534,0,1.9088,18.928,-399.4,-2796,0.81,0.13,12,-400,-1023,491,1,1,16,49474,10894,37907,98.45
100980,896,0.101,0.5508,0.056,-71.91,-500,-428.09,-312661,0,1.9034,18.775,-399.7,-2798,0.86,0.13,12,-400,-1023,491,1,1,16,49481,10938,37799,98.56
101090,897,0.053,0.5518,0.029,-56.26,-500,-443.74,-294604,0,1.8951,18.542,-400.9,-2806,0.84,0.13,12,-400,-1023,491,1,1,16,49469,10958,37635,98.67
101200,898,0.125,0.545,0.068,-45.06,-500,-454.94,-288552,0,1.8858,18.279,-400.9,-2806,0.86,0.14,12,-400,-1023,491,1,1,16,49487,10823,37450,98.78
101310,899,0.065,0.5452,0.035,-43.94,-500,-456.06,-290643,0,1.8756,17.992,-399.7,-2798,0.83,0.13,12,-400,-1023,672,1,1,16,49472,10828,37248,98.89
101420,900,0.153,0.5467,0.084,-43.91,-500,-456.09,-290923,0,1.8696,17.823,-399.4,-2796,0.86,0.13,12,-400,-1023,672,1,1,16,49494,10856,37129,99
101530,901,0.093,0.5514,0.051,-44.59,-500,-455.41,-291564,0,1.8541,17.386,-399.7,-2798,0.86,0.14,12,-400,-1023,776,1,1,16,49479,10951,36821,99.11
101640,902,-0.032,0.5522,-0.018,-48.26,-500,-451.74,-294788,0,1.842,17.044,-400.6,-2804,0.83,0.14,12,-400,-1023,776,1,1,16,49448,10966,36580,99.22
101750,903,0.105,0.548,0.058,-46.91,-500,-453.09,-292512,0,1.8329,16.788,-399.6,-2797,0.82,0.13,12,-400,-1023,776,1,1,16,49482,10883,36400,99.33
101860,904,0.085,0.5521,0.047,-46.03,-500,-453.97,-292069,0,1.8197,16.416,-400.1,-2801,0.85,0.13,12,-400,-1023,776,1,1,16,49477,10964,36138,99.44
101970,905,0,0.5549,0,-46.6,-500,-453.4,-292847,0,1.8116,16.188,-399.4,-2796,0.87,0.13,12,-400,-1023,776,1,1,16,49456,11020,35977,99.55
102080,906,0.021,0.5551,0.011,-45.85,-500,-454.15,-291985,0,1.8032,15.95,-399.6,-2797,0.83,0.14,12,-400,-1023,776,1,1,16,49461,11024,35810,99.66
102190,907,0.081,0.5493,0.044,-47.46,-500,-452.54,-293699,0,1.7972,15.78,-400.1,-2801,0.86,0.13,12,-400,-1023,776,1,1,16,49476,10908,35690,99.77
102300,908,0.061,0.5552,0.034,-52.18,-500,-447.82,-297638,0,1.7831,15.384,-400.4,-2803,0.86,0.13,12,-400,-1023,776,1,1,16,49471,11026,35411,99.88
102410,909,0.129,0.5512,0.071,-56.12,-500,-443.88,-299991,0,1.7752,15.161,-400.3,-2802,0.84,0.14,12,-400,-1023,776,1,1,16,49488,10946,35254,99.99
102520,910,0.101,0.5508,0.056,-52.42,-500,-447.58,-295446,0,1.771,15.042,-399.3,-2795,0.82,0.13,12,-400,-1023,776,1,1,16,49481,10939,35170,100.1
102630,911,0.061,0.5519,0.034,-56.87,-500,-443.13,-300616,0,1.7678,14.952,-399,-2793,0.85,0.13,12,-400,-1023,776,1,1,16,49471,10961,35107,100.21
102740,912,0.053,0.5577,0.029,-67.24,-500,-432.76,-309029,0,1.7536,14.55,-400.3,-2802,0.87,0.13,12,-400,-1023,776,1,1,16,49469,11075,34824,100.32
102850,913,-0.024,0.5527,-0.013,-78.56,-500,-421.44,-316668,0,1.7444,14.293,-399.7,-2798,0.82,0.13,12,-400,-1023,776,1,1,16,49450,10977,34643,100.43
102960,914,-0.024,0.5533,-0.013,-81.8,-500,-418.2,-316522,0,1.7375,14.097,-399.6,-2797,0.82,0.13,12,-400,-1023,776,1,1,16,49450,10988,34505,100.54
103070,915,0.101,0.5561,0.056,-88.93,-500,-411.07,-322257,0,1.7273,13.81,-399.7,-2798,0.83,0.13,12,-400,-1023,776,1,1,16,49481,11044,34303,100.65
103180,916,0.057,0.5598,0.032,-95.5,-500,-404.5,-326376,0,1.7152,13.468,-399.1,-2794,0.86,0.13,12,-400,-1023,776,1,1,16,49470,11118,34062,100.76
103290,917,0.033,0.5545,0.018,-95.7,-500,-404.3,-324731,0,1.6768,12.386,-401,-2807,0.81,0.13,12,-400,-1023,776,1,1,16,49464,11012,33300,100.87
103400,918,0.113,0.5515,0.062,-91.41,-500,-408.59,-320683,0,1.676,12.362,-400,-2800,0.82,0.13,12,-400,-1023,776,1,1,16,49484,10953,33283,100.98
103510,919,0.073,0.5577,0.041,-55.47,-500,-444.53,-288432,0,1.6655,12.067,-399.9,-2799,0.85,0.13,12,-400,-1023,776,1,1,16,49474,11076,33075,101.09
103620,920,0.149,0.5576,0.083,-48.75,-500,-451.25,-292209,0,1.6528,11.71,-399.6,-2797,0.83,0.13,12,-400,-1023,776,1,1,16,49493,11073,32824,101.2
103730,921,0.105,0.5558,0.058,-45.98,-500,-454.02,-291508,0,1.6432,11.439,-399.4,-2796,0.82,0.13,12,-400,-1023,776,1,1,16,49482,11037,32633,101.31
103840,922,0.077,0.5542,0.043,-42.57,-500,-457.43,-289103,0,1.6322,11.128,-399.9,-2799,0.83,0.13,12,-400,-1023,776,1,1,16,49475,11006,32414,101.42
103950,923,0.041,0.56,0.023,-41.6,-500,-458.4,-289154,0,1.6201,10.786,-400,-2800,0.83,0.13,12,-400,-1023,776,1,1,16,49466,11122,32173,101.53
104060,924,0.073,0.5572,0.041,-41.38,-500,-458.62,-289220,0,1.6112,10.534,-399,-2793,0.84,0.13,12,-400,-1023,776,1,1,16,49474,11065,31996,101.64
104170,925,0.113,0.557,0.063,-41.91,-500,-458.09,-289775,0,1.6035,10.319,-399.6,-2797,0.82,0.13,12,-400,-1023,776,1,1,16,49484,11061,31844,101.75
104280,926,0.049,0.5587,0.027,-44.62,-500,-455.38,-292153,0,1.5957,10.099,-400.1,-2801,0.82,0.13,12,-400,-1023,776,1,1,16,49468,11096,31689,101.86
104390,927,0.141,0.5595,0.079,-49.42,-500,-450.58,-295860,0,1.5936,10.04,-400.7,-2805,0.87,0.13,12,-400,-1023,776,1,1,16,49491,11111,31648,101.97
104500,928,0.133,0.5579,0.074,-63.14,-500,-436.86,-307290,0,1.5853,9.805,-399.7,-2798,0.79,0.13,12,-400,-1023,776,1,1,16,49489,11079,31482,102.08
104610,929,0.057,0.5542,0.031,-74.08,-500,-425.92,-313644,0,1.5752,9.522,-399.7,-2798,0.82,0.13,12,-400,-1023,776,1,1,16,49470,11006,31283,102.19
104720,930,0.053,0.5604,0.03,-82.75,-500,-417.25,-318658,0,1.5686,9.335,-400.6,-2804,0.85,0.13,12,-400,-1023,776,1,1,16,49469,11130,31151,102.3
104830,931,0.057,0.5585,0.032,-89.05,-500,-410.95,-322100,0,1.5629,9.173,-399.9,-2799,0.83,0.13,12,-400,-1023,776,1,1,16,49470,11091,31037,102.41
104940,932,0.085,0.5619,0.048,-100.99,-500,-399.01,-331462,0,1.5195,7.949,-399.9,-2799,0.83,0.13,12,-400,-1023,776,1,1,16,49477,11158,30175,102.52
105050,933,0.012,0.5571,0.007,-97.79,-500,-402.21,-325142,0,1.5157,7.844,-399.6,-2797,0.84,0.13,12,-400,-1023,776,1,1,16,49459,11063,30101,102.63
105160,934,0.065,0.5643,0.037,-65.92,-500,-434.08,-296374,0,1.5033,7.494,-400.3,-2802,0.84,0.13,12,-400,-1023,776,1,1,16,49472,11206,29855,102.74
105270,935,0.069,0.5621,0.039,-51.74,-500,-448.26,-292075,0,1.4943,7.239,-399.6,-2797,0.82,0.13,12,-400,-1023,776,1,1,16,49473,11162,29675,102.85
105380,936,0.077,0.5572,0.043,-52,-500,-448,-296280,0,1.4842,6.955,-400,-2800,0.81,0.13,12,-400,-1023,776,1,1,16,49475,11066,29475,102.96
105490,937,0.077,0.5589,0.043,-51.37,-500,-448.63,-295613,0,1.4733,6.646,-400.4,-2803,0.82,0.13,12,-400,-1023,776,1,1,16,49475,11099,29258,103.07
105600,938,0.008,0.5614,0.005,-52.12,-500,-447.88,-296490,0,1.4618,6.324,-400.6,-2804,0.84,0.13,12,-400,-1023,776,1,1,16,49458,11148,29031,103.18
105710,939,0.057,0.5583,0.032,-52.45,-500,-447.55,-296587,0,1.4569,6.184,-399.6,-2797,0.8,0.13,12,-400,-1023,776,1,1,16,49470,11087,28932,103.29
105820,940,0.097,0.5594,0.054,-51.95,-500,-448.05,-296031,0,1.4464,5.888,-399.9,-2799,0.82,0.13,12,-400,-1023,776,1,1,16,49480,11109,28724,103.4
105930,941,0.093,0.5618,0.052,-57.73,-500,-442.27,-301551,0,1.4403,5.718,-400,-2800,0.83,0.13,12,-400,-1023,776,1,1,16,49479,11157,28604,103.51
106040,942,0.162,0.5582,0.09,-63.41,-500,-436.59,-305219,0,1.4363,5.604,-400.4,-2803,0.83,0.13,12,-400,-1023,776,1,1,16,49496,11086,28524,103.62
106150,943,0.093,0.5583,0.052,-71.53,-500,-428.47,-311193,0,1.4304,5.438,-399.6,-2797,0.81,0.13,12,-400,-1023,776,1,1,16,49479,11088,28407,103.73
106260,944,0.081,0.5556,0.045,-82.52,-500,-417.48,-319161,0,1.4198,5.137,-399.7,-2798,0.83,0.13,12,-400,-1023,776,1,1,16,49476,11034,28195,103.84
106370,945,0.061,0.5627,0.034,-97.27,-500,-402.73,-329820,0,1.3855,4.171,-400.1,-2801,0.84,0.13,12,-400,-1023,776,1,1,16,49471,11175,27515,103.95
106480,946,-0.032,0.5598,-0.018,-101.75,-500,-398.25,-329872,0,1.3783,3.968,-401,-2807,0.82,0.13,12,-400,-1023,776,1,1,16,49448,11117,27372,104.06
106590,947,0.105,0.558,0.059,-82.13,-500,-417.87,-310353,0,1.369,3.707,-400.3,-2802,0.82,0.13,12,-400,-1023,776,1,1,16,49482,11081,27188,104.17
106700,948,0.109,0.557,0.061,-63.84,-500,-436.16,-298812,0,1.3584,3.406,-400.6,-2804,0.84,0.13,12,-400,-1023,776,1,1,16,49483,11062,26976,104.28
106810,949,0.037,0.5603,0.021,-60.67,-500,-439.33,-300966,0,1.3462,3.062,-400.3,-2802,0.85,0.13,12,-400,-1023,776,1,1,16,49465,11127,26734,104.39
106920,950,0.089,0.5592,0.05,-59.01,-500,-440.99,-300305,0,1.3373,2.812,-399,-2793,0.8,0.13,12,-400,-1023,776,1,1,16,49478,11105,26558,104.5
107030,951,0.129,0.5552,0.072,-57.64,-500,-442.36,-299494,0,1.328,2.55,-399.6,-2797,0.83,0.13,12,-400,-1023,776,1,1,16,49488,11025,26373,104.61
107140,952,-0.004,0.5587,-0.002,-57.35,-500,-442.65,-299609,0,1.3177,2.26,-399.9,-2799,0.82,0.13,12,-400,-1023,776,1,1,16,49455,11096,26169,104.72
107250,953,0.045,0.5622,0.025,-59.08,-500,-440.92,-301297,0,1.3053,1.909,-400.7,-2805,0.85,0.13,12,-400,-1023,776,1,1,16,49467,11165,25922,104.83
107360,954,0.137,0.5601,0.077,-62.68,-500,-437.32,-304165,0,1.2974,1.688,-399.1,-2794,0.82,0.13,12,-400,-1023,776,1,1,16,49490,11123,25766,104.94
107470,955,0.097,0.5558,0.054,-64.82,-500,-435.18,-305159,0,1.2923,1.542,-400.1,-2801,0.86,0.13,12,-400,-1023,776,1,1,16,49480,11037,25663,105.05
107580,956,0.105,0.5628,0.059,-68.37,-500,-431.63,-307862,0,1.2757,1.074,-400.9,-2806,0.82,0.13,12,-400,-1023,776,1,1,16,49482,11176,25334,105.16
107690,957,0.049,0.5622,0.027,-73.67,-500,-426.33,-311798,0,1.2715,0.955,-400.7,-2805,0.83,0.13,12,-400,-1023,776,1,1,16,49468,11164,25250,105.27
107800,958,0.061,0.5628,0.034,-73.74,-500,-426.26,-310393,0,1.2691,0.888,-399.6,-2797,0.8,0.13,12,-400,-1023,776,1,1,16,49471,11176,25203,105.38
107910,959,0.045,0.5621,0.025,-83.67,-500,-416.33,-319609,0,1.2518,0.401,-399.6,-2797,0.82,0.13,12,-400,-1023,776,1,1,16,49467,11162,24860,105.49
108020,960,-0.028,0.5645,-0.016,-92.79,-500,-407.21,-325331,0,1.2486,0.31,-400,-2800,0.85,0.13,12,-400,-1023,776,1,1,16,49449,11210,24796,105.6
108130,961,0.061,0.5609,0.034,-92.15,-500,-407.85,-322187,0,1.2365,-0.03,-400.6,-2804,0.8,0.13,12,-400,-1023,776,1,1,16,49471,11138,24556,105.71
108240,962,0.081,0.5601,0.045,-95.37,-500,-404.63,-325363,0,1.2356,-0.056,-399.6,-2797,0.81,0.13,12,-400,-1023,776,1,1,16,49476,11123,24538,105.82
108350,963,-0.004,0.561,-0.002,-102.18,-500,-397.82,-330801,0,1.2262,-0.32,-399.9,-2799,0.85,0.13,12,-400,-1023,776,1,1,16,49455,11140,24352,105.93
108460,964,0.045,0.5614,0.025,-113.92,-500,-386.08,-339825,0,1.2179,-0.556,-399.3,-2795,0.83,0.13,12,-400,-1023,776,1,1,16,49467,11149,24186,106.04
108570,965,2.345,0.1123,0.263,-121.19,-500,-378.81,-343315,0,1.1769,-1.712,-399.1,-2794,0.81,0.13,12,-400,-1023,776,1,1,16,50038,2230,23372,106.15
108680,966,0.057,1.14,0.065,-119.05,-500,-380.95,-339297,0,1.1696,-1.916,-399.7,-2798,0.83,0.13,12,-400,-1023,776,1,1,16,49470,22640,23228,106.26
108790,967,0.053,1.2772,0.067,-83.52,-500,-416.48,-306814,0,1.1669,-1.993,-400.1,-2801,0.84,0.13,12,-400,-1023,776,1,1,16,49469,25365,23174,106.37
108900,968,-0.306,0.8125,-0.248,-79.65,-500,-420.35,-313141,0,1.1684,-1.952,-399.9,-2799,0.87,0.14,12,-400,-1023,776,1,1,16,49380,16136,23203,106.48
109010,969,-0.789,0.256,-0.202,-86.11,-500,-413.89,-320233,0,1.1578,-2.25,-398.7,-2791,0.83,0.14,12,-400,-1023,776,1,1,16,49260,5083,22993,106.59
109120,970,0.061,0.1281,0.008,-96.79,-500,-403.21,-328371,0,1.1554,-2.317,-398.3,-2788,0.89,0.14,12,-400,-1023,776,1,1,16,49471,2543,22946,106.7
109230,971,0.552,0.5266,0.291,-120.19,-500,-379.81,-347162,0,1.1552,-2.322,-399.4,-2796,0.93,0.14,12,-400,-1023,776,1,1,16,49593,10457,22942,106.81
109340,972,0.037,0.143,0.005,-136.24,-500,-363.77,-355569,0,1.1725,-1.837,-399.9,-2799,0.88,0.15,12,-400,-1023,776,1,1,16,49465,2839,23284,106.92
109450,973,0.033,0.1545,0.005,-153.13,-500,-346.87,-366813,0,1.1416,-2.706,-398.3,-2788,0.92,0.15,12,-400,-1023,776,1,1,16,49464,3069,22672,107.03
109560,974,0.089,0.1475,0.013,-170.09,-500,-329.91,-377886,0,1.1433,-2.659,-399,-2793,0.96,0.15,12,-400,-1023,776,1,1,16,49478,2930,22705,107.14
109670,975,0.033,0.9932,0.032,-185.56,-500,-314.44,-387547,0,1.1455,-2.596,-398.1,-2787,0.96,0.16,12,-400,-1023,776,1,1,16,49464,19724,22749,107.25
109780,976,0.041,0.0689,0.003,-210.42,-500,-289.58,-406361,0,1.1454,-2.599,-397.7,-2784,0.95,0.16,12,-400,-1023,776,1,1,16,49466,1369,22747,107.36
109890,977,-0.016,0.0169,0,-231.21,-500,-268.79,-418777,0,1.133,-2.95,-398.4,-2789,1.02,0.17,12,-400,-1023,776,1,1,16,49452,335,22500,107.47
110000,978,-0.882,0.9711,-0.856,-250.31,-500,-249.69,-430747,0,1.1377,-2.818,-399.1,-2794,1.02,0.17,12,-400,-1023,776,1,1,16,49237,19286,22593,107.58
110110,979,-0.008,1.1459,-0.009,-269.5,-500,-230.5,-443280,0,1.1431,-2.664,-398.6,-2790,1.02,0.17,12,-400,-1023,776,1,1,16,49454,22757,22701,107.69
110220,980,-0.193,1.0967,-0.212,-302.11,-500,-197.89,-468269,0,1.1325,-2.964,-398.4,-2789,1.01,0.17,12,-400,-1023,776,1,1,16,49408,21780,22490,107.8
110330,981,0.125,0.1079,0.014,-326.72,-500,-173.28,-482073,0,1.1312,-3,-398.1,-2787,1.03,0.17,12,-400,-1023,776,1,1,16,49487,2142,22465,107.91
110440,982,-0.253,1.1259,-0.285,-346.09,-500,-153.91,-493226,0,1.133,-2.95,-398.3,-2788,1.08,0.17,12,-400,-1023,776,1,1,16,49393,22359,22500,108.02
110550,983,0.182,1.2177,0.221,-365.32,-500,-134.68,-505724,0,1.1447,-2.62,-399.3,-2795,1.04,0.18,12,-400,-1023,776,1,1,16,49501,24182,22732,108.13
110660,984,-0.499,1.1166,-0.557,-398.87,-500,-101.13,-531573,0,1.1228,-3.237,-398.3,-2788,1.04,0.17,12,-400,-501,776,1,1,0,49332,22175,22298,108.24
110770,985,1.845,0.6707,1.238,-424.74,-500,-75.26,-546294,0,1.1285,-3.076,-398.7,-2791,1.07,0.18,12,-400,-348,776,1,1,0,49914,13319,22411,108.35
110880,986,2.329,0.7697,1.792,-443.05,-500,-56.95,-556107,0,1.1326,-2.961,-399.1,-2794,1.08,0.18,12,-400,-298,776,1,1,0,50034,15285,22492,108.46
110990,987,0.254,0.0339,0.009,-456.25,-500,-43.75,-563286,0,1.1305,-3.021,-398.3,-2788,1.06,0.18,12,-400,-252,776,1,1,0,49519,673,22450,108.57
111100,988,-0.298,1.1039,-0.329,-463.89,-500,-36.11,-566709,0,1.12,-3.315,-398.7,-2791,1.09,0.18,12,-400,-297,776,1,1,0,49382,21923,22243,108.68
111210,989,0.077,1.1998,0.092,-470.4,-500,-29.6,-570630,0,1.1256,-3.157,-399.4,-2796,1.11,0.18,12,-400,-237,776,1,1,0,49475,23827,22354,108.79
111320,990,0.085,0.3057,0.026,-471.84,-500,-28.16,-570155,0,1.1328,-2.956,-399.6,-2797,1.12,0.19,12,-400,-355,776,1,1,0,49477,6070,22496,108.9
111430,991,-2.058,0.1107,-0.228,-474.92,-500,-25.08,-572625,0,1.12,-3.316,-398.4,-2789,1.11,0.19,12,-400,-267,776,1,1,0,48945,2199,22242,109.01
111540,992,0.045,0.6886,0.031,-476.7,-500,-23.3,-573421,0,1.1209,-3.291,-399,-2793,1.12,0.19,12,-400,-278,776,1,1,0,49467,13675,22260,109.12
111650,993,0.995,1.0774,1.072,-481.48,-500,-18.52,-577373,0,1.1232,-3.227,-398.9,-2792,1.11,0.19,12,-400,-200,776,1,1,0,49703,21397,22305,109.23
111760,994,-0.032,1.2346,-0.039,-482.33,-500,-17.67,-576826,0,1.1369,-2.841,-399.7,-2798,1.07,0.19,12,-400,-224,776,1,1,0,49448,24519,22577,109.34
111870,995,-0.044,1.1672,-0.051,-485.27,-500,-14.73,-579327,0,1.1145,-3.472,-399.4,-2796,1.08,0.18,12,-400,-200,776,1,1,0,49445,23179,22132,109.45
111980,996,0.085,1.1802,0.1,-485.81,-500,-14.19,-579007,0,1.1204,-3.303,-399.7,-2798,1.09,0.18,12,-400,-200,776,1,1,0,49477,23437,22251,109.56
112090,997,-1.144,0.9751,-1.115,-487.4,-500,-12.6,-580337,0,1.1247,-3.183,-400.6,-2804,1.08,0.18,12,-400,-200,776,1,1,0,49172,19365,22336,109.67
112200,998,0.025,0.0298,0.001,-486.26,-500,-13.74,-578831,0,1.1238,-3.21,-399.6,-2797,1.06,0.18,12,-400,-223,776,1,1,0,49462,592,22317,109.78
112310,999,-1.973,1.0816,-2.134,-487.74,-500,-12.26,-580529,0,1.1123,-3.534,-399.9,-2799,1.09,0.18,12,-400,-200,776,1,1,0,48966,21479,22089,109.89
112420,1000,0.004,1.1877,0.005,-487.18,-500,-12.82,-579589,0,1.1193,-3.335,-400.7,-2805,1.08,0.18,12,-400,-200,776,1,1,0,49457,23587,22229,110
112530,1001,-1.128,1.0788,-1.216,-487.65,-500,-12.35,-580187,0,1.1253,-3.167,-400.1,-2801,1.09,0.18,12,-400,-200,776,1,1,0,49176,21423,22347,110.11
112640,1002,0.166,0.1593,0.026,-487.64,-500,-12.36,-580047,0,1.1142,-3.48,-399.7,-2798,1.06,0.18,12,-400,-200,776,1,1,0,49497,3164,22127,110.22
112750,1003,4.166,0.1223,0.509,-489.58,-500,-10.42,-581850,0,1.1137,-3.494,-399,-2793,1.1,0.18,12,-400,-200,776,1,1,0,50490,2428,22117,110.33
112860,1004,-0.012,1.202,-0.014,-488.84,-500,-11.16,-580628,0,1.1158,-3.434,-400.1,-2801,1.11,0.18,12,-400,-200,776,1,1,0,49453,23871,22159,110.44
112970,1005,0.137,1.0934,0.15,-489.51,-500,-10.49,-581454,0,1.1258,-3.152,-401,-2807,1.07,0.18,12,-400,-200,776,1,1,0,49490,21713,22358,110.55
113080,1006,0.053,1.2024,0.063,-489.18,-500,-10.82,-580958,0,1.1084,-3.643,-399.3,-2795,1.08,0.18,12,-400,-200,776,1,1,0,49469,23879,22012,110.66
113190,1007,0.025,1.2403,0.03,-491.06,-500,-8.94,-582802,0,1.1132,-3.508,-399.9,-2799,1.12,0.18,12,-400,-200,776,1,1,0,49462,24632,22107,110.77
113300,1008,-0.447,1.0466,-0.468,-490.42,-500,-9.58,-581685,0,1.1171,-3.397,-398.7,-2791,1.11,0.19,12,-400,-200,776,1,1,0,49345,20784,22185,110.88
113410,1009,0.012,0.0163,0,-491.84,-500,-8.16,-583181,0,1.1189,-3.347,-399.6,-2797,1.07,0.18,12,-400,-200,776,1,1,0,49459,324,22220,110.99
113520,1010,0.045,0.1148,0.005,-491.93,-500,-8.07,-582871,0,1.1051,-3.737,-400.1,-2801,1.07,0.18,12,-400,-200,776,1,1,0,49467,2280,21946,111.1
113630,1011,-0.032,1.2423,-0.04,-493.82,-500,-6.18,-584603,0,1.1119,-3.545,-400,-2800,1.08,0.18,12,-400,-200,776,1,1,0,49448,24671,22081,111.21
113740,1012,4.524,0.6525,2.952,-492.75,-500,-7.25,-583077,0,1.1179,-3.376,-400.1,-2801,1.09,0.18,12,-400,-200,776,1,1,0,50579,12958,22200,111.32
113850,1013,0.077,0.1618,0.012,-493.98,-500,-6.02,-584523,0,1.1087,-3.634,-399.1,-2794,1.05,0.18,12,-400,-200,776,1,1,0,49475,3213,22018,111.43
113960,1014,0.093,0.1653,0.015,-493.34,-500,-6.66,-583585,0,1.1069,-3.685,-399.7,-2798,1.07,0.18,12,-400,-200,776,1,1,0,49479,3282,21982,111.54
114070,1015,0.162,1.2144,0.196,-494.4,-500,-5.6,-584746,0,1.1103,-3.59,-400.3,-2802,1.08,0.18,12,-400,-200,776,1,1,0,49496,24117,22049,111.65
114180,1016,0.061,1.1654,0.071,-492.82,-500,-7.18,-582985,0,1.1166,-3.411,-399.6,-2797,1.06,0.18,12,-400,-200,776,1,1,0,49471,23144,22175,111.76
114290,1017,2.788,0.1779,0.496,-493.86,-500,-6.14,-584391,0,1.1025,-3.809,-399.4,-2796,1.08,0.18,12,-400,-200,776,1,1,0,50148,3533,21895,111.87
114400,1018,0.54,1.0708,0.578,-493,-500,-7,-583301,0,1.1069,-3.684,-399.6,-2797,1.09,0.18,12,-400,-200,776,1,1,0,49590,21266,21983,111.98
114510,1019,0.125,1.0006,0.125,-492.98,-500,-7.02,-583520,0,1.1106,-3.582,-399.4,-2796,1.09,0.18,12,-400,-200,776,1,1,0,49487,19871,22055,112.09
114620,1020,0.004,0.3224,0.001,-490.61,-500,-9.39,-581319,0,1.1178,-3.377,-401.3,-2809,1.07,0.18,12,-400,-200,776,1,1,0,49457,6403,22199,112.2
114730,1021,0.226,1.153,0.261,-491.09,-500,-8.91,-582436,0,1.0998,-3.886,-399.9,-2799,1.07,0.18,12,-400,-200,776,1,1,0,49512,22898,21841,112.31
114840,1022,-0.012,1.3144,-0.015,-489.23,-500,-10.77,-580567,0,1.1055,-3.725,-399.9,-2799,1.06,0.18,12,-400,-201,776,1,1,0,49453,26102,21954,112.42
114950,1023,-0.229,1.1588,-0.266,-488.33,-500,-11.67,-580250,0,1.1109,-3.573,-399.3,-2795,1.06,0.18,12,-400,-200,776,1,1,0,49399,23012,22061,112.53
115060,1024,-0.112,0.2329,-0.026,-485.97,-500,-14.03,-578303,0,1.1048,-3.744,-399.9,-2799,1.05,0.18,12,-400,-261,776,1,1,0,49428,4626,21941,112.64
115170,1025,-0.241,0.1376,-0.033,-486.26,-500,-13.74,-579231,0,1.1013,-3.844,-399.9,-2799,1.07,0.18,12,-400,-200,776,1,1,0,49396,2733,21870,112.75
115280,1026,-0.966,1.1342,-1.096,-484.11,-500,-15.89,-577145,0,1.1043,-3.759,-400,-2800,1.06,0.18,12,-400,-281,776,1,1,0,49216,22525,21930,112.86
115390,1027,0.069,1.0609,0.073,-484.93,-500,-15.07,-578510,0,1.111,-3.569,-399.3,-2795,1.05,0.18,12,-400,-200,776,1,1,0,49473,21069,22064,112.97
115500,1028,0.049,0.9799,0.048,-484.04,-500,-15.96,-577456,0,1.0983,-3.928,-399.6,-2797,1.07,0.18,12,-400,-248,776,1,1,0,49468,19460,21811,113.08
115610,1029,0.145,1.0547,0.153,-485.64,-500,-14.36,-579189,0,1.1021,-3.822,-400.1,-2801,1.07,0.18,12,-400,-200,776,1,1,0,49492,20945,21886,113.19
115720,1030,-1.486,0.715,-1.063,-484.09,-500,-15.91,-577304,0,1.1039,-3.771,-401.3,-2809,1.09,0.18,12,-400,-265,776,1,1,0,49087,14199,21922,113.3
115830,1031,0.004,0.0409,0,-484.84,-500,-15.16,-578433,0,1.1194,-3.332,-399.7,-2798,1.05,0.18,12,-400,-200,776,1,1,0,49457,813,22231,113.41
115940,1032,-1.631,1.0963,-1.788,-483.46,-500,-16.54,-576943,0,1.0962,-3.987,-400,-2800,1.07,0.18,12,-400,-269,776,1,1,0,49051,21772,21770,113.52
116050,1033,-0.137,1.1687,-0.16,-484.52,-500,-15.48,-578309,0,1.1006,-3.863,-400.1,-2801,1.08,0.18,12,-400,-200,776,1,1,0,49422,23209,21857,113.63
116160,1034,0.085,1.1509,0.098,-482.6,-500,-17.4,-576231,0,1.1062,-3.705,-400,-2800,1.09,0.18,12,-400,-296,776,1,1,0,49477,22855,21968,113.74
116270,1035,0.101,0.1198,0.012,-483.52,-500,-16.48,-577619,0,1.1011,-3.849,-399.7,-2798,1.05,0.18,12,-400,-206,776,1,1,0,49481,2380,21867,113.85
116380,1036,0.149,0.1403,0.021,-482.58,-500,-17.42,-576492,0,1.0955,-4.008,-399.6,-2797,1.07,0.18,12,-400,-269,776,1,1,0,49493,2787,21755,113.96
116490,1037,0.061,1.2462,0.076,-483.62,-500,-16.38,-577719,0,1.0999,-3.883,-400.1,-2801,1.07,0.18,12,-400,-201,776,1,1,0,49471,24749,21843,114.07
116600,1038,2.554,0.5414,1.383,-481.81,-500,-18.19,-575745,0,1.1059,-3.714,-399.7,-2798,1.05,0.18,12,-400,-304,776,1,1,0,50090,10751,21962,114.18
116710,1039,1.515,0.224,0.339,-483.07,-500,-16.93,-577424,0,1.0939,-4.053,-400,-2800,1.06,0.18,12,-400,-203,776,1,1,0,49832,4449,21723,114.29
116820,1040,-0.124,1.0934,-0.136,-482.09,-500,-17.91,-576159,0,1.097,-3.965,-400.3,-2802,1.04,0.17,12,-400,-277,776,1,1,0,49425,21714,21785,114.4
116930,1041,-0.008,1.1745,-0.009,-482.67,-500,-17.33,-576968,0,1.0987,-3.916,-400.9,-2806,1.07,0.17,12,-400,-227,776,1,1,0,49454,23324,21820,114.51
117040,1042,0.117,0.0813,0.01,-480.86,-500,-19.14,-575127,0,1.1169,-3.404,-399.9,-2799,1.02,0.18,12,-400,-317,776,1,1,0,49485,1615,22180,114.62
117150,1043,-0.02,1.2189,-0.024,-482.05,-500,-17.95,-576743,0,1.0906,-4.144,-400.1,-2801,1.05,0.18,12,-400,-219,776,1,1,0,49451,24207,21659,114.73
117260,1044,0.435,1.0568,0.46,-480.67,-500,-19.33,-575122,0,1.0959,-3.995,-399.9,-2799,1.08,0.18,12,-400,-308,776,1,1,0,49564,20987,21764,114.84
117370,1045,-0.56,0.3894,-0.218,-481.73,-500,-18.27,-576496,0,1.1012,-3.846,-400.3,-2802,1.07,0.18,12,-400,-227,776,1,1,0,49317,7733,21869,114.95
117480,1046,0.061,0.0971,0.006,-480.57,-500,-19.43,-575114,0,1.0981,-3.934,-399.7,-2798,1.03,0.18,12,-400,-304,776,1,1,0,49471,1929,21807,115.06
117590,1047,-0.201,1.0491,-0.211,-482.11,-500,-19.43,-576873,0,1.0898,-4.168,-399.9,-2799,1.05,0.17,12,-400,1000,776,2,1,0,49406,20835,21642,115.17
117700,1048,0.004,1.1957,0.005,-480.49,-500,-19.43,-574942,0,1.0961,-3.991,-400.6,-2804,1.07,0.18,12,-400,1000,776,2,1,0,49457,23745,21767,115.28
117810,1049,-0.028,1.1827,-0.033,-474.7,-500,-19.43,-570004,0,1.1028,-3.802,-401.1,-2808,1.04,0.18,12,-400,1000,776,2,1,0,49449,23487,21900,115.39
117920,1050,-0.322,1.1308,-0.364,-458.22,-500,-19.43,-556273,0,1.0917,-4.113,-400.1,-2801,1.04,0.17,12,-400,1000,776,2,1,0,49376,22456,21681,115.5
118030,1051,0.065,0.3382,0.022,-438.48,-500,-19.43,-542505,0,1.0933,-4.07,-400.7,-2805,1.02,0.17,12,-400,1000,776,2,1,0,49472,6717,21711,115.61
118140,1052,-0.318,1.1379,-0.362,-414.48,-500,-19.43,-525675,0,1.0964,-3.981,-400.6,-2804,1.03,0.17,12,-400,1000,776,2,1,0,49377,22598,21774,115.72
118250,1053,0.045,1.2974,0.058,-376.55,-500,-19.43,-497078,0,1.1178,-3.379,-400.7,-2805,0.99,0.17,12,-400,1000,776,2,1,0,49467,25765,22198,115.83
118360,1054,-0.072,0.3398,-0.024,-348.64,-500,-19.43,-481684,0,1.0889,-4.192,-400.1,-2801,0.98,0.16,12,-400,1000,776,2,1,0,49438,6748,21625,115.94
118470,1055,0.012,1.348,0.017,-325.65,-500,-19.43,-468086,0,1.0941,-4.046,-400.9,-2806,1,0.16,12,-400,1000,776,2,1,0,49459,26770,21728,116.05
118580,1056,0.697,0.2919,0.204,-300.34,-500,-19.43,-450946,0,1.1003,-3.873,-400.6,-2804,0.97,0.16,12,-400,1000,776,2,1,0,49629,5797,21850,116.16
118690,1057,0,0.0495,0,-277.91,-500,-19.43,-437131,0,1.1011,-3.849,-400.1,-2801,0.95,0.16,12,-400,1000,776,2,1,0,49456,984,21867,116.27
118800,1058,0.158,1.2957,0.204,-239.28,-500,-19.43,-407440,0,1.0893,-4.181,-401,-2807,0.95,0.16,12,-400,1000,776,2,1,0,49495,25731,21633,116.38
118910,1059,0.012,1.3156,0.016,-214.52,-500,-19.43,-395177,0,1.0974,-3.952,-401.4,-2810,0.94,0.15,12,-400,1000,776,2,1,0,49459,26127,21794,116.49
119020,1060,0.137,0.1532,0.021,-191.29,-500,-19.43,-380474,0,1.1034,-3.785,-401.4,-2810,0.92,0.15,12,-400,1000,776,2,1,0,49490,3042,21912,116.6
119130,1061,0.629,0.7926,0.498,-172.46,-500,-19.43,-369436,0,1.0954,-4.011,-400.6,-2804,0.9,0.15,12,-400,1000,776,2,1,0,49612,15741,21753,116.71
119240,1062,0.093,1.2169,0.113,-137.92,-500,-19.43,-342543,0,1.0941,-4.048,-401,-2807,0.92,0.14,12,-400,1000,776,2,1,0,49479,24167,21727,116.82
119350,1063,-0.024,0.1622,-0.004,-116.33,-500,-19.43,-332089,0,1.0988,-3.913,-401.3,-2809,0.92,0.14,12,-400,1000,776,2,1,0,49450,3221,21822,116.93
119460,1064,0.025,0.0955,0.002,-94.03,-500,-19.43,-317357,0,1.1435,-2.653,-400.3,-2802,0.87,0.14,12,-400,1000,776,2,1,0,49462,1896,22709,117.04
119570,1065,0.017,0.5559,0.009,-77.83,-500,-19.43,-308511,0,1.1114,-3.559,-400.9,-2806,0.85,0.14,12,-400,1000,776,2,1,0,49460,11040,22071,117.15
119680,1066,0.021,0.3129,0.006,-57.38,-500,-19.43,-294000,0,1.1279,-3.092,-401.7,-2812,0.85,0.13,12,-400,1000,776,2,1,0,49461,6213,22400,117.26
119790,1067,0.053,0.7684,0.041,-47.27,-500,-19.43,-290297,0,1.1307,-3.014,-402.3,-2816,0.85,0.13,12,-400,1000,776,2,1,0,49469,15260,22455,117.37
119900,1068,0.101,0.6045,0.061,-41.13,-500,-19.43,-287406,0,1.139,-2.779,-401.1,-2808,0.79,0.13,12,-400,1000,776,2,1,0,49481,12004,22620,117.48
120010,1069,-0.004,0.5298,-0.002,-35.86,-500,-19.43,-284218,0,1.1478,-2.531,-401.3,-2809,0.81,0.13,12,-400,1000,776,2,1,0,49455,10521,22795,117.59
120120,1070,-0.008,0.4962,-0.004,-30.72,-500,-19.43,-280904,0,1.1536,-2.368,-401.4,-2810,0.82,0.13,12,-400,1000,776,2,1,0,49454,9855,22910,117.7
120230,1071,0.029,0.4735,0.014,-22.47,-500,-19.43,-274660,0,1.1654,-2.035,-401.6,-2811,0.83,0.13,12,-400,1000,776,2,1,0,49463,9404,23144,117.81
120340,1072,0.101,0.4608,0.047,-16.19,-500,-19.43,-271112,0,1.1721,-1.848,-400.4,-2803,0.82,0.13,12,-400,1000,776,2,1,0,49481,9152,23276,117.92
120450,1073,0.012,0.4563,0.006,-13.99,-500,-19.43,-270823,0,1.1836,-1.523,-400.1,-2801,0.85,0.13,12,-400,1000,776,2,1,0,49459,9062,23505,118.03
120560,1074,0.117,0.4573,0.054,-12.55,-500,-19.43,-270101,0,1.1952,-1.196,-401,-2807,0.87,0.13,12,-400,1000,776,2,1,0,49485,9082,23735,118.14
120670,1075,0.061,0.4504,0.027,-10.22,-500,-19.43,-268325,0,1.1992,-1.083,-401.1,-2808,0.83,0.14,12,-400,1000,776,2,1,0,49471,8944,23815,118.25
120780,1076,0.113,0.4559,0.052,-6.7,-500,-19.43,-265710,0,1.211,-0.75,-400.4,-2803,0.82,0.13,12,-400,1000,776,2,1,0,49484,9053,24049,118.36
120890,1077,0.061,0.4621,0.028,-3.57,-500,-19.43,-263776,0,1.2235,-0.398,-401,-2807,0.86,0.13,12,-400,1000,776,2,1,0,49471,9177,24297,118.47
121000,1078,0.057,0.4671,0.027,-1.81,-500,-19.43,-263005,0,1.238,0.012,-400.3,-2802,0.85,0.13,12,-400,1000,776,2,1,0,49470,9276,24586,118.58
121110,1079,0.081,0.4618,0.037,-6.06,-500,-19.43,-267463,0,1.248,0.295,-399.7,-2798,0.82,0.14,12,-400,1000,776,2,1,0,49476,9170,24785,118.69
121220,1080,0.097,0.4708,0.046,-9.03,-500,-19.43,-269031,0,1.2583,0.583,-400.3,-2802,0.83,0.13,12,-400,1000,776,2,1,0,49480,9349,24988,118.8
121330,1081,0.057,0.4719,0.027,-11.16,-500,-19.43,-270192,0,1.2686,0.876,-400.1,-2801,0.84,0.13,12,-400,1000,776,2,1,0,49470,9372,25194,118.91
121440,1082,0.061,0.4743,0.029,-12.5,-500,-19.43,-270841,0,1.2757,1.074,-400.6,-2804,0.84,0.13,12,-400,1000,776,2,1,0,49471,9419,25334,119.02
121550,1083,0.061,0.48,0.029,-12.39,-500,-19.43,-270361,0,1.2915,1.522,-399.4,-2796,0.81,0.13,12,-400,1000,776,2,1,0,49471,9532,25649,119.13
121660,1084,0.025,0.489,0.012,-12.51,-500,-19.43,-270506,0,1.3003,1.769,-399.9,-2799,0.86,0.13,12,-400,1000,776,2,1,0,49462,9712,25823,119.24
121770,1085,0.037,0.4857,0.018,-12.47,-500,-19.43,-270432,0,1.3121,2.102,-400.9,-2806,0.83,0.13,12,-400,1000,776,2,1,0,49465,9646,26058,119.35
121880,1086,0.057,0.4869,0.028,-11.18,-500,-19.43,-269245,0,1.3223,2.389,-400.7,-2805,0.84,0.13,12,-400,1000,776,2,1,0,49470,9669,26260,119.46
121990,1087,0.045,0.494,0.022,-10.58,-500,-19.43,-269049,0,1.332,2.663,-399.7,-2798,0.82,0.13,12,-400,1000,776,2,1,0,49467,9811,26453,119.57
122100,1088,0.004,0.493,0.002,-8.53,-500,-19.43,-267304,0,1.3348,2.74,-399.4,-2796,0.83,0.13,12,-400,1000,776,2,1,0,49457,9790,26507,119.68
122210,1089,0.029,0.5023,0.014,-6.96,-500,-19.43,-266420,0,1.342,2.945,-400.1,-2801,0.87,0.14,12,-400,1000,776,2,1,0,49463,9976,26651,119.79
122320,1090,0.033,0.5067,0.017,-0.58,-500,-19.43,-260920,0,1.3501,3.172,-401.1,-2808,0.83,0.14,12,-400,1000,776,2,1,0,49464,10062,26811,119.9
122430,1091,0.025,0.5103,0.013,5.12,-500,-19.43,-257394,0,1.3543,3.292,-399.6,-2797,0.84,0.13,12,-400,1000,776,2,1,0,49462,10135,26896,120.01
122540,1092,0.129,0.5139,0.066,13.51,-500,-19.43,-251176,0,1.3625,3.522,-400,-2800,0.87,0.13,12,-400,1000,776,2,1,0,49488,10206,27058,120.12
122650,1093,0.049,0.5181,0.025,19.02,-500,-19.43,-248393,0,1.3628,3.53,-399,-2793,0.86,0.14,12,-400,1000,776,2,1,0,49468,10289,27063,120.23
122760,1094,0.069,0.5171,0.036,27.09,-500,-19.43,-242417,0,1.3652,3.599,-399.6,-2797,0.83,0.14,12,-400,1000,776,2,1,0,49473,10270,27112,120.34
122870,1095,0.105,0.5166,0.054,40.65,-500,-19.43,-232049,0,1.3666,3.638,-400.4,-2803,0.84,0.13,12,-400,1000,776,2,1,0,49482,10260,27139,120.45
122980,1096,0.105,0.5216,0.055,55.69,-500,-19.43,-221837,0,1.3835,4.115,-400.3,-2802,0.86,0.13,12,-400,1000,776,2,1,0,49482,10358,27475,120.56
123090,1097,0.069,0.5245,0.036,68.4,-500,-19.43,-214210,0,1.3837,4.12,-400.6,-2804,0.83,0.13,12,-400,1000,776,2,1,0,49473,10416,27479,120.67
123200,1098,0.045,0.5256,0.024,73.39,-500,-19.43,-213109,0,1.3849,4.153,-399.3,-2795,0.83,0.13,12,-400,1000,776,2,1,0,49467,10438,27502,120.78
123310,1099,0.041,0.5238,0.021,87.32,-500,-19.43,-201539,0,1.3861,4.187,-399.9,-2799,0.83,0.13,12,-400,1000,776,2,1,0,49466,10402,27526,120.89
123420,1100,-0.012,0.5264,-0.006,104.3,-500,-19.43,-189625,0,1.3875,4.228,-400.3,-2802,0.83,0.13,12,-400,1000,776,2,1,0,49453,10453,27555,121
123530,1101,0.137,0.5292,0.073,133.32,-500,-19.43,-167351,0,1.3901,4.302,-399.6,-2797,0.83,0.13,12,-400,1000,776,2,1,0,49490,10509,27607,121.11
123640,1102,0.073,0.5306,0.039,152.26,-500,-19.43,-157829,0,1.3935,4.397,-399.4,-2796,0.83,0.13,12,-400,1000,776,2,1,0,49474,10537,27674,121.22
123750,1103,0.021,0.5277,0.011,167.03,-500,-19.43,-149370,0,1.5202,7.97,-399.7,-2798,0.84,0.13,12,-400,1000,776,2,1,0,49461,10480,30190,121.33
123860,1104,0.037,0.5307,0.019,139.08,-500,-19.43,-179508,0,1.5244,8.089,-400.1,-2801,0.85,0.13,12,-400,1000,776,2,1,0,49465,10540,30274,121.44
123970,1105,0.097,0.535,0.052,9.24,-500,-19.43,-292557,0,1.5308,8.27,-401,-2807,0.83,0.13,12,-400,1000,776,2,1,0,49480,10624,30401,121.55
124080,1106,0.073,0.5331,0.039,-25.71,-500,-19.43,-288831,0,1.5337,8.349,-399.7,-2798,0.84,0.13,12,-400,1000,776,2,1,0,49474,10587,30457,121.66
124190,1107,0,0.5349,0,-30.56,-500,-19.43,-283586,0,1.5374,8.456,-399.9,-2799,0.86,0.13,12,-400,1000,776,2,1,0,49456,10623,30532,121.77
124300,1108,0.017,0.5354,0.009,-24.86,-500,-19.43,-276926,0,1.5413,8.565,-399,-2793,0.85,0.14,12,-400,1000,776,2,1,0,49460,10632,30609,121.88
124410,1109,0.045,0.5361,0.024,-15.89,-500,-19.43,-270176,0,1.5452,8.676,-399.7,-2798,0.83,0.13,12,-400,1000,776,2,1,0,49467,10646,30687,121.99
124520,1110,0.145,0.5332,0.078,2.34,-500,-19.43,-255702,0,1.5462,8.704,-400,-2800,0.83,0.13,12,-400,1000,776,2,1,0,49492,10589,30707,122.1
124630,1111,0.061,0.5379,0.033,18.16,-500,-19.43,-246077,0,1.5491,8.785,-399.9,-2799,0.86,0.13,12,-400,1000,776,2,1,0,49471,10683,30764,122.21
124740,1112,0.085,0.5379,0.046,35.19,-500,-19.43,-234634,0,1.5504,8.821,-398.6,-2790,0.85,0.13,12,-400,1000,776,2,1,0,49477,10683,30789,122.32
124850,1113,0.029,0.5399,0.015,52.02,-500,-19.43,-223727,0,1.5515,8.852,-399.3,-2795,0.85,0.13,12,-400,1000,776,2,1,0,49463,10721,30811,122.43
124960,1114,0.053,0.5432,0.029,82.08,-500,-19.43,-200446,0,1.552,8.866,-400.1,-2801,0.86,0.13,12,-400,1000,776,2,1,0,49469,10788,30821,122.54
125070,1115,0.021,0.5452,0.011,103.88,-500,-19.43,-188552,0,1.5534,8.907,-400.9,-2806,0.86,0.13,12,-400,1000,776,2,1,0,49461,10828,30850,122.65
125180,1116,0.069,0.5443,0.038,122.79,-500,-19.43,-177039,0,1.5543,8.93,-399.7,-2798,0.82,0.13,12,-400,1000,776,2,1,0,49473,10810,30866,122.76
125290,1117,0.017,0.5464,0.009,140.57,-500,-19.43,-165771,0,1.5577,9.028,-399.7,-2798,0.84,0.13,12,-400,1000,776,2,1,0,49460,10851,30935,122.87
125400,1118,0,0.5482,0,169.69,-500,-19.43,-143628,0,1.5588,9.059,-400.3,-2802,0.83,0.13,12,-400,1000,776,2,1,0,49456,10887,30957,122.98
125510,1119,0.041,0.5502,0.022,188.39,-500,-19.43,-134351,0,1.5614,9.13,-400.1,-2801,0.85,0.13,12,-400,1000,776,2,1,0,49466,10926,31007,123.09
125620,1120,0.17,0.549,0.093,204.52,-500,-19.43,-124559,0,1.6965,12.94,-399.7,-2798,0.83,0.14,12,-400,1000,776,2,1,0,49498,10903,33690,123.2
125730,1121,0.012,0.5492,0.007,174.3,-500,-19.43,-157194,0,1.699,13.011,-399.4,-2796,0.86,0.13,12,-400,1000,776,2,1,0,49459,10906,33740,123.31
125840,1122,0.049,0.5523,0.027,52.18,-500,-19.43,-262429,0,1.7021,13.099,-400.1,-2801,0.85,0.13,12,-400,1000,776,2,1,0,49468,10968,33802,123.42
125950,1123,0.174,0.5528,0.096,-4.1,-500,-19.43,-280708,0,1.7051,13.183,-399.9,-2799,0.82,0.13,12,-400,1000,776,2,1,0,49499,10979,33861,123.53
126060,1124,0.105,0.5497,0.058,-11.84,-500,-19.43,-272200,0,1.7063,13.217,-400.1,-2801,0.8,0.13,12,-400,1000,776,2,1,0,49482,10917,33885,123.64
126170,1125,0.029,0.5532,0.016,-4.55,-500,-19.43,-263253,0,1.707,13.238,-400.7,-2805,0.84,0.13,12,-400,1000,776,2,1,0,49463,10986,33900,123.75
126280,1126,0.065,0.5584,0.036,8.78,-500,-19.43,-252878,0,1.7079,13.264,-401,-2807,0.87,0.13,12,-400,1000,776,2,1,0,49472,11090,33918,123.86
126390,1127,0.049,0.552,0.027,37.93,-500,-19.43,-229465,0,1.7094,13.305,-399.7,-2798,0.8,0.13,12,-400,1000,776,2,1,0,49468,10962,33947,123.97
126500,1128,0.069,0.5493,0.038,58.63,-500,-19.43,-218339,0,1.7094,13.305,-400.1,-2801,0.81,0.13,12,-400,1000,776,2,1,0,49473,10908,33947,124.08
126610,1129,0.045,0.5519,0.025,76.54,-500,-19.43,-207452,0,1.7107,13.34,-400.3,-2802,0.82,0.13,12,-400,1000,776,2,1,0,49467,10960,33972,124.19
126720,1130,0.097,0.5507,0.053,93.87,-500,-19.43,-196317,0,1.7672,14.935,-400.6,-2804,0.85,0.13,12,-400,1000,776,2,1,0,49480,10937,35095,124.3
126830,1131,0.101,0.5548,0.056,104.69,-500,-19.43,-191088,0,1.7674,14.939,-399.4,-2796,0.81,0.13,12,-400,1000,776,2,1,0,49481,11017,35098,124.41
126940,1132,0.113,0.5499,0.062,67.33,-500,-19.43,-228887,0,1.7682,14.962,-399.6,-2797,0.83,0.13,12,-400,1000,776,2,1,0,49484,10920,35114,124.52
127050,1133,0.025,0.5531,0.014,52.31,-500,-19.43,-232435,0,1.7677,14.948,-400.4,-2803,0.85,0.13,12,-400,1000,776,2,1,0,49462,10985,35104,124.63
127160,1134,0.077,0.5507,0.042,61.4,-500,-19.43,-219774,0,1.7699,15.01,-401,-2807,0.84,0.14,12,-400,1000,776,2,1,0,49475,10936,35148,124.74
127270,1135,0.012,0.551,0.007,77.77,-500,-19.43,-207076,0,1.7834,15.392,-399.9,-2799,0.84,0.13,12,-400,1000,776,2,1,0,49459,10943,35417,124.85
127380,1136,0.008,0.5534,0.005,98.06,-500,-19.43,-192769,0,1.7841,15.412,-400.6,-2804,0.84,0.13,12,-400,1000,776,2,1,0,49458,10990,35431,124.96
127490,1137,0.029,0.5541,0.016,105.32,-500,-19.43,-191676,0,1.7957,15.739,-399.7,-2798,0.87,0.13,12,-400,1000,776,2,1,0,49463,11004,35661,125.07
127600,1138,0.113,0.5514,0.062,118.89,-500,-19.43,-181068,0,1.8589,17.521,-399.3,-2795,0.84,0.14,12,-400,1000,776,2,1,0,49484,10951,36916,125.18
127710,1139,0.077,0.5518,0.042,111.06,-500,-19.43,-192147,0,1.8595,17.538,-399.9,-2799,0.83,0.13,12,-400,1000,776,2,1,0,49475,10958,36928,125.29
127820,1140,0.077,0.5559,0.043,41.96,-500,-19.43,-254274,0,1.8653,17.701,-399.9,-2799,0.85,0.13,12,-400,1000,776,2,1,0,49475,11040,37043,125.4
127930,1141,0.141,0.5606,0.079,34.62,-500,-19.43,-241819,0,1.8651,17.696,-400.1,-2801,0.86,0.14,12,-400,1000,776,2,1,0,49491,11134,37039,125.51
128040,1142,0.033,0.5568,0.018,40.52,-500,-19.43,-234268,0,1.8663,17.731,-399.3,-2795,0.81,0.14,12,-400,1000,776,2,1,0,49464,11057,37064,125.62
128150,1143,0.113,0.5534,0.063,50.94,-500,-19.43,-226224,0,1.9224,19.313,-399.6,-2797,0.86,0.13,12,-400,1000,776,2,1,0,49484,10991,38178,125.73
128260,1144,0.073,0.5551,0.04,29.3,-500,-19.43,-249276,0,1.923,19.329,-400.7,-2805,0.86,0.13,12,-400,1000,776,2,1,0,49474,11024,38189,125.84
128370,1145,0.145,0.557,0.081,3.2,-500,-19.43,-267523,0,1.9279,19.466,-400.7,-2805,0.85,0.14,12,-400,1000,776,2,1,0,49492,11061,38286,125.95
128480,1146,0.101,0.5572,0.056,6.43,-500,-19.43,-257231,0,1.9291,19.502,-399.6,-2797,0.82,0.13,12,-400,1000,776,2,1,0,49481,11066,38311,126.06
128590,1147,0.017,0.5593,0.009,16.71,-500,-19.43,-248560,0,1.9296,19.516,-399.4,-2796,0.86,0.13,12,-400,1000,776,2,1,0,49460,11108,38321,126.17
128700,1148,0.105,0.559,0.059,29.08,-500,-19.43,-239925,0,1.9323,19.59,-399.9,-2799,0.86,0.14,12,-400,1000,776,2,1,0,49482,11102,38373,126.28
128810,1149,0.017,0.5582,0.009,57.55,-500,-19.43,-216873,0,1.9377,19.743,-400.6,-2804,0.83,0.14,12,-400,1000,776,2,1,0,49460,11085,38481,126.39
128920,1150,0.077,0.5544,0.043,74.13,-500,-19.43,-209390,0,1.9379,19.749,-399.6,-2797,0.83,0.13,12,-400,1000,776,2,1,0,49475,11009,38485,126.5
129030,1151,0.065,0.5555,0.036,90.13,-500,-19.43,-199134,0,2.0175,21.992,-400,-2800,0.87,0.14,12,-400,1000,776,2,1,0,49472,11032,40065,126.61
129140,1152,0.077,0.5569,0.043,109.05,-500,-19.43,-185988,0,2.0178,22.001,-399.3,-2795,0.87,0.14,12,-400,1000,776,2,1,0,49475,11060,40071,126.72
129250,1153,0.113,0.5542,0.063,33.24,-500,-19.43,-261829,0,2.0177,21.998,-398.9,-2792,0.85,0.14,12,-400,1000,776,2,1,0,49484,11005,40069,126.83
129360,1154,0.129,0.5514,0.071,10.55,-500,-19.43,-261784,0,2.0186,22.025,-399.9,-2799,0.89,0.14,12,-400,1000,776,2,1,0,49488,10951,40088,126.94
129470,1155,0.037,0.5574,0.02,18.19,-500,-19.43,-248341,0,2.019,22.035,-400.3,-2802,0.88,0.13,12,-400,1000,776,2,1,0,49465,11069,40095,127.05
129580,1156,0.125,0.5526,0.069,34.09,-500,-19.43,-235668,0,2.0188,22.029,-400.1,-2801,0.87,0.14,12,-400,1000,776,2,1,0,49487,10974,40091,127.16
129690,1157,0.008,0.5504,0.005,66.55,-500,-19.43,-209896,0,2.0192,22.042,-399.4,-2796,0.85,0.14,12,-400,1000,776,2,1,0,49458,10931,40100,127.27
129800,1158,0.109,0.5506,0.06,89.69,-500,-19.43,-197424,0,2.0195,22.049,-399.1,-2794,0.87,0.14,12,-400,1000,776,2,1,0,49483,10934,40105,127.38
129910,1159,-0.012,0.5566,-0.006,110.27,-500,-19.43,-184729,0,2.0204,22.075,-400.4,-2803,0.89,0.14,12,-400,1000,776,2,1,0,49453,11054,40123,127.49
130020,1160,0.109,0.5545,0.061,130.26,-500,-19.43,-171866,0,2.0206,22.081,-400.6,-2804,0.85,0.14,12,-400,1000,776,2,1,0,49483,11012,40127,127.6
130130,1161,0.081,0.553,0.045,150.31,-500,-19.43,-158790,0,2.0214,22.103,-399.3,-2795,0.85,0.14,12,-400,1000,776,2,1,0,49476,10983,40143,127.71
130240,1162,0.101,0.5568,0.056,184.55,-500,-19.43,-132515,0,2.0218,22.116,-399.7,-2798,0.88,0.14,12,-400,1000,776,2,1,0,49481,11057,40152,127.82
130350,1163,0.061,0.5533,0.034,208.78,-500,-19.43,-119525,0,2.0233,22.156,-398.9,-2792,0.88,0.14,12,-400,1000,776,2,1,0,49471,10989,40180,127.93
130460,1164,0.121,0.5547,0.067,229.55,-500,-19.43,-106955,0,2.0259,22.23,-401,-2807,0.84,0.14,12,-400,1000,776,2,1,0,49486,11016,40232,128.04
130570,1165,0.121,0.5525,0.067,248.84,-500,-19.43,-94801,0,2.0262,22.24,-400,-2800,0.86,0.13,12,-400,1000,776,2,1,0,49486,10972,40239,128.15
130680,1166,0.045,0.5546,0.025,279.97,-500,-19.43,-71213,0,2.0275,22.275,-399.9,-2799,0.85,0.13,12,-400,1000,776,2,1,0,49467,11014,40264,128.26
130790,1167,0.085,0.5549,0.047,302.96,-500,-19.43,-58505,0,2.028,22.289,-399.6,-2797,0.87,0.14,12,-400,1000,776,2,1,0,49477,11020,40274,128.37
130900,1168,0.077,0.5473,0.042,323.85,-500,-19.43,-45483,0,2.0294,22.329,-398.9,-2792,0.85,0.14,12,-400,1000,776,2,1,0,49475,10869,40302,128.48
131010,1169,0,0.5503,0,344.09,-500,-19.43,-32477,0,2.0298,22.34,-399.9,-2799,0.85,0.13,12,-400,1000,776,2,1,0,49456,10929,40310,128.59
131120,1170,0.081,0.5534,0.045,377.14,-500,-19.43,-7363,0,2.0315,22.389,-400.1,-2801,0.85,0.13,12,-400,1000,776,2,1,0,49476,10991,40344,128.7
131230,1171,0.053,0.55,0.029,399.98,-500,-19.43,4664,0,2.0469,22.823,-399,-2793,0.85,0.14,12,-400,1000,776,2,1,0,49469,10922,40650,128.81
131341,1172,0.065,0.5485,0.036,417.79,-500,-19.43,14865,0,2.2499,28.546,-399.1,-2794,0.85,0.14,12,-400,0,776,0,1,0,49472,10892,44680,128.921
131450,1173,0.069,0.5514,0.038,338.02,-500,-19.43,-64356,0,2.2515,28.591,-400,-2800,0.88,0.13,12,-400,0,776,0,1,0,49473,10950,44712,129.03
131560,1174,0.077,0.5501,0.042,121.29,-500,-19.43,-243814,0,2.2519,28.604,-400.9,-2806,0.87,0.14,12,-400,0,776,0,1,0,49475,10925,44721,129.14
131670,1175,0.069,0.5482,0.038,21.54,-500,-19.43,-276145,0,2.2518,28.6,-400.1,-2801,0.82,0.14,12,-400,0,776,0,1,0,49473,10887,44718,129.25
131780,1176,0.053,0.5509,0.029,-7.52,-500,-19.43,-275337,0,2.2514,28.588,-399.7,-2798,0.84,0.13,12,-400,0,776,0,1,0,49469,10940,44710,129.36
131890,1177,0.037,0.5517,0.02,-16.18,-500,-19.43,-275286,0,2.2509,28.574,-400.3,-2802,0.85,0.13,12,-400,0,776,0,1,0,49465,10956,44700,129.47
132000,1178,0.125,0.5516,0.069,-19.11,-500,-19.43,-275591,0,2.2518,28.6,-398.7,-2791,0.86,0.14,12,-400,0,776,0,1,0,49487,10955,44718,129.58
132110,1179,0.093,0.5488,0.051,-15.5,-500,-19.43,-271412,0,2.2515,28.591,-399.7,-2798,0.85,0.14,12,-400,0,776,0,1,0,49479,10898,44712,129.69
132220,1180,0.113,0.5498,0.062,-13.18,-500,-19.43,-270260,0,2.2513,28.587,-399.7,-2798,0.86,0.13,12,-400,0,776,0,1,0,49484,10918,44709,129.8
132330,1181,0.057,0.5532,0.031,-12.92,-500,-19.43,-270664,0,2.2508,28.571,-400,-2800,0.86,0.13,12,-400,0,776,0,1,0,49470,10987,44698,129.91
132440,1182,0.105,0.5483,0.058,-13.32,-500,-19.43,-271110,0,2.2518,28.6,-399.6,-2797,0.85,0.14,12,-400,0,776,0,1,0,49482,10889,44718,130.02
132550,1183,0.101,0.5459,0.055,-14.02,-500,-19.43,-271653,0,2.2516,28.594,-399.1,-2794,0.85,0.14,12,-400,0,776,0,1,0,49481,10842,44714,130.13
132660,1184,0.093,0.5489,0.051,-14.28,-500,-19.43,-271702,0,2.2519,28.604,-400.4,-2803,0.85,0.13,12,-400,0,776,0,1,0,49479,10900,44721,130.24
132770,1185,0.081,0.553,0.045,-13.51,-500,-19.43,-270911,0,2.2517,28.598,-400.9,-2806,0.88,0.13,12,-400,0,776,0,1,0,49476,10983,44717,130.35
132880,1186,0,0.5497,0,-13.29,-500,-19.43,-270916,0,2.2519,28.603,-399.6,-2797,0.81,0.13,12,-400,0,776,0,1,0,49456,10917,44720,130.46
132990,1187,0.049,0.5509,0.027,-12.93,-500,-19.43,-270643,0,2.2517,28.598,-400.3,-2802,0.85,0.13,12,-400,0,776,0,1,0,49468,10940,44717,130.57
133100,1188,0.166,0.5481,0.091,-11.99,-500,-19.43,-269875,0,2.2516,28.596,-400.1,-2801,0.84,0.13,12,-400,0,776,0,1,0,49497,10884,44715,130.68
133210,1189,0.077,0.5526,0.043,-10.38,-500,-19.43,-268633,0,2.2513,28.586,-400.1,-2801,0.88,0.14,12,-400,0,776,0,1,0,49475,10975,44708,130.79
133320,1190,0.153,0.5511,0.085,-9.76,-500,-19.43,-268510,0,2.2514,28.59,-399.3,-2795,0.84,0.14,12,-400,0,776,0,1,0,49494,10944,44711,130.9
133430,1191,0.109,0.5506,0.06,-10.35,-500,-19.43,-269228,0,2.2514,28.588,-398.7,-2791,0.88,0.14,12,-400,0,776,0,1,0,49483,10934,44710,131.01
133540,1192,0.117,0.5557,0.065,-11.33,-500,-19.43,-269976,0,2.2518,28.601,-400.4,-2803,0.88,0.14,12,-400,0,776,0,1,0,49485,11035,44719,131.12
133650,1193,0.073,0.5525,0.04,-11.88,-500,-19.43,-270215,0,2.2513,28.587,-399.6,-2797,0.87,0.14,12,-400,0,776,0,1,0,49474,10972,44709,131.23
133760,1194,0.133,0.5537,0.074,-11.46,-500,-19.43,-269668,0,2.2515,28.593,-400.1,-2801,0.85,0.14,12,-400,0,776,0,1,0,49489,10995,44713,131.34
133870,1195,0.194,0.5539,0.107,-10.02,-500,-19.43,-268446,0,2.2519,28.604,-400.4,-2803,0.88,0.13,12,-400,0,776,0,1,0,49504,10999,44721,131.45
133980,1196,0.029,0.5566,0.016,-9.26,-500,-19.43,-268147,0,2.2518,28.601,-401,-2807,0.89,0.14,12,-400,0,776,0,1,0,49463,11054,44719,131.56
134090,1197,0.073,0.5549,0.04,-9.87,-500,-19.43,-268923,0,2.2517,28.597,-399.6,-2797,0.83,0.14,12,-400,0,776,0,1,0,49474,11020,44716,131.67
134200,1198,0.049,0.5491,0.027,-10.02,-500,-19.43,-268897,0,2.2512,28.583,-399.9,-2799,0.86,0.14,12,-400,0,776,0,1,0,49468,10905,44706,131.78
134310,1199,0.093,0.5564,0.052,-9.79,-500,-19.43,-268632,0,2.2515,28.593,-400,-2800,0.87,0.14,12,-400,0,776,0,1,0,49479,11049,44713,131.89
134420,1200,0.125,0.555,0.07,-9.83,-500,-19.43,-268738,0,2.2514,28.59,-400.4,-2803,0.86,0.14,12,-400,0,776,0,1,0,49487,11021,44711,132
134530,1201,0.045,0.5521,0.025,-10.37,-500,-19.43,-269226,0,2.2518,28.601,-400,-2800,0.82,0.14,12,-400,0,776,0,1,0,49467,10964,44719,132.11
134640,1202,0.089,0.5529,0.049,-9.27,-500,-19.43,-268060,0,2.251,28.577,-400.1,-2801,0.85,0.13,12,-400,0,776,0,1,0,49478,10980,44702,132.22
134750,1203,0.174,0.555,0.096,-8.2,-500,-19.43,-267365,0,2.2517,28.598,-400.7,-2805,0.86,0.13,12,-400,0,776,0,1,0,49499,11022,44717,132.33
134860,1204,0.145,0.5521,0.08,-7.76,-500,-19.43,-267251,0,2.2519,28.603,-401.1,-2808,0.88,0.14,12,-400,0,776,0,1,0,49492,10964,44720,132.44
134970,1205,0.089,0.5542,0.049,-7.34,-500,-19.43,-266992,0,2.2516,28.596,-399.9,-2799,0.84,0.13,12,-400,0,776,0,1,0,49478,11006,44715,132.55
135080,1206,0.101,0.5562,0.056,-7.18,-500,-19.43,-266950,0,2.2512,28.584,-400.7,-2805,0.86,0.13,12,-400,0,776,0,1,0,49481,11045,44707,132.66
135190,1207,0.093,0.556,0.052,-7.16,-500,-19.43,-266981,0,2.2517,28.598,-400,-2800,0.86,0.14,12,-400,0,776,0,1,0,49479,11041,44717,132.77
135300,1208,0.093,0.551,0.051,-6.91,-500,-19.43,-266759,0,2.2517,28.598,-400.1,-2801,0.84,0.14,12,-400,0,776,0,1,0,49479,10943,44717,132.88
135410,1209,0.141,0.5542,0.078,-2.61,-500,-19.43,-262818,0,2.2515,28.591,-399.6,-2797,0.85,0.13,12,-400,0,776,0,1,0,49491,11006,44712,132.99
135520,1210,0.109,0.5532,0.06,-0.3,-500,-19.43,-261873,0,2.2517,28.598,-400.1,-2801,0.86,0.13,12,-400,0,776,0,1,0,49483,10987,44717,133.1
135630,1211,0.162,0.556,0.09,-0.68,-500,-19.43,-262868,0,2.2515,28.593,-400.3,-2802,0.88,0.13,12,-400,0,776,0,1,0,49496,11041,44713,133.21
135740,1212,0.077,0.5543,0.043,-2.16,-500,-19.43,-264143,0,2.2517,28.598,-399.6,-2797,0.85,0.14,12,-400,0,776,0,1,0,49475,11007,44717,133.32
135850,1213,0.061,0.5567,0.034,-3.28,-500,-19.43,-264771,0,2.2512,28.583,-400.1,-2801,0.86,0.13,12,-400,0,776,0,1,0,49471,11056,44706,133.43
135960,1214,0.021,0.5571,0.011,-3.27,-500,-19.43,-264451,0,2.2519,28.604,-400.7,-2805,0.87,0.13,12,-400,0,776,0,1,0,49461,11064,44721,133.54
136070,1215,0.097,0.5517,0.054,-2.29,-500,-19.43,-263544,0,2.2518,28.601,-400.6,-2804,0.86,0.14,12,-400,0,776,0,1,0,49480,10957,44719,133.65
136180,1216,0.101,0.5601,0.057,-0.96,-500,-19.43,-262576,0,2.2518,28.601,-398.7,-2791,0.88,0.14,12,-400,0,776,0,1,0,49481,11123,44719,133.76
136290,1217,0.101,0.5543,0.056,0.2,-500,-19.43,-261865,0,2.2516,28.596,-398,-2786,0.98,0.15,12,-400,0,776,0,1,0,49481,11008,44715,133.87
136400,1218,0.073,0.5594,0.041,1.28,-500,-19.43,-261186,0,2.2517,28.598,-399.4,-2796,0.93,0.15,12,-400,0,776,0,1,0,49474,11110,44717,133.98
136510,1219,0.145,0.5537,0.081,1.8,-500,-19.43,-261000,0,2.2519,28.603,-401,-2807,0.86,0.14,12,-400,0,776,0,1,0,49492,10995,44720,134.09